Epoch,Cloud,Macro,Small,UAV
1,0.014645976,0.005971667,0.021098522,0.037019179
2,0.013285099,0.005474107,0.02094723,0.035775709
3,0.012553906,0.00521861,0.020875179,0.034473892
4,0.011840252,0.005130616,0.020804704,0.033211322
5,0.011173914,0.005121479,0.020738408,0.031492091
6,0.010469296,0.005122262,0.020673575,0.030768788
7,0.009831855,0.005072421,0.02060877,0.029739145
8,0.009205485,0.005089167,0.020543649,0.028223364
9,0.00865526,0.005091288,0.020478264,0.027368819
10,0.008101249,0.005089138,0.020417911,0.026693383
11,0.00757731,0.005089067,0.020356879,0.026018965
12,0.007165696,0.005056295,0.020298432,0.025072921
13,0.006809559,0.005057113,0.02023983,0.024775887
14,0.00643086,0.005041305,0.020180572,0.024139542
15,0.006086759,0.005037524,0.020122254,0.023805047
16,0.005821256,0.005032448,0.020065873,0.023527029
17,0.0055446,0.005026609,0.020008563,0.023490836
18,0.00526843,0.005020414,0.019953067,0.023348403
19,0.005067915,0.005008857,0.019897598,0.023257231
20,0.004805538,0.005015337,0.019842527,0.022978524
21,0.0045095,0.005006298,0.019786653,0.022867598
22,0.004303133,0.004997401,0.019731133,0.022633215
23,0.00412965,0.004992223,0.019677003,0.022548559
24,0.003955014,0.004992606,0.019622821,0.022544036
25,0.003796826,0.004982035,0.019570123,0.022448345
26,0.003602736,0.004976048,0.019519298,0.022444197
27,0.003451118,0.004971551,0.0194653,0.022356063
28,0.003376011,0.004967137,0.01941075,0.022362903
29,0.003226744,0.004967366,0.019358847,0.02219518
30,0.003134476,0.004969818,0.01930588,0.022183475
31,0.002994577,0.00495737,0.019254689,0.022136651
32,0.002895022,0.004953139,0.019199836,0.022131265
33,0.002795377,0.004949684,0.019146868,0.022119199
34,0.002704005,0.004936074,0.019093415,0.022116958
35,0.002592274,0.004946738,0.019040544,0.022136357
36,0.002520958,0.004944353,0.018987472,0.022123324
37,0.002450225,0.004946545,0.018933462,0.022087474
38,0.00238265,0.004946938,0.018880274,0.022111199
39,0.002334797,0.004914423,0.018830517,0.021962162
40,0.002273284,0.004906704,0.018780542,0.021964366
41,0.002217855,0.004899332,0.018728906,0.021949652
42,0.002185304,0.004872616,0.018678824,0.021908207
43,0.002153367,0.004869479,0.018627637,0.021943929
44,0.002125632,0.004900887,0.018575435,0.021980802
45,0.002084523,0.004908569,0.01852365,0.021909283
46,0.002047853,0.004922853,0.018472219,0.02188526
47,0.002029904,0.00493107,0.018421237,0.021875004
48,0.002001529,0.004779076,0.018370629,0.021926376
49,0.001982713,0.004774147,0.018318122,0.021889386
50,0.001966807,0.00471448,0.018267347,0.02184724
51,0.001955437,0.004658028,0.018214564,0.021884007
52,0.001953807,0.004650936,0.01816239,0.021854472
53,0.001943238,0.004659174,0.018110609,0.021795343
54,0.001928328,0.004657156,0.018059889,0.021802055
55,0.001915772,0.00465422,0.018008775,0.021803956
56,0.001903143,0.004651754,0.01795606,0.02173251
57,0.001889621,0.004647783,0.017904307,0.021586806
58,0.001884212,0.004645058,0.017852656,0.02149828
59,0.00187549,0.004643621,0.017799908,0.021583268
60,0.001870081,0.004646447,0.017748965,0.021554091
61,0.001861807,0.004633205,0.01769752,0.021552254
62,0.001854465,0.004627048,0.017645931,0.021551201
63,0.001846927,0.004624852,0.017593768,0.021516265
64,0.001841926,0.004623085,0.017542413,0.021420026
65,0.00183825,0.00462195,0.017491104,0.021418174
66,0.001831818,0.004624705,0.017440659,0.021386903
67,0.001826999,0.004621544,0.017388871,0.021041451
68,0.001820499,0.004626757,0.017337108,0.021030128
69,0.001817558,0.004627271,0.017286117,0.02100911
70,0.001815023,0.004620447,0.017234764,0.020996691
71,0.001809577,0.004624984,0.017209139,0.020974927
72,0.001802573,0.004628655,0.017183603,0.020957055
73,0.001796439,0.004604675,0.017157505,0.020995173
74,0.001787339,0.004617391,0.017132102,0.020953962
75,0.001783054,0.004596627,0.017105512,0.020953725
76,0.001777006,0.004581297,0.017082283,0.02095356
77,0.00177201,0.004580171,0.017057121,0.020945114
78,0.001765961,0.004590111,0.017033166,0.020850376
79,0.00176035,0.004581801,0.017007898,0.020817782
80,0.001756306,0.004601598,0.016984968,0.020851761
81,0.001746202,0.004599185,0.016962893,0.020801562
82,0.001739666,0.004571751,0.016941228,0.020742004
83,0.001734305,0.004574467,0.016917633,0.020724308
84,0.001729701,0.004569218,0.01689604,0.02070857
85,0.001728714,0.004570189,0.016875967,0.020679769
86,0.001724788,0.004559277,0.016855373,0.020694245
87,0.001718499,0.004544017,0.016834073,0.020698628
88,0.00171262,0.004540624,0.016814753,0.020678772
89,0.001708204,0.004536243,0.016793505,0.020510921
90,0.001698618,0.004525877,0.016772274,0.020542701
91,0.001695574,0.004512715,0.01675359,0.020530876
92,0.001690982,0.004510261,0.01673601,0.020564507
93,0.001682487,0.004490611,0.016717238,0.020583913
94,0.00167653,0.004491229,0.016699199,0.020560422
95,0.001672252,0.00449161,0.016681547,0.020576965
96,0.001667613,0.004485949,0.016662861,0.020559576
97,0.001662096,0.004469766,0.016644562,0.020482415
98,0.001658488,0.004465093,0.016627771,0.020456951
99,0.001653164,0.004449797,0.016611855,0.0204299
100,0.001647533,0.004439043,0.016595788,0.020446217
101,0.001641292,0.004435698,0.016580088,0.020502525
102,0.001638894,0.004432556,0.016565674,0.020480353
103,0.001633098,0.00443223,0.016550424,0.020455211
104,0.001627322,0.004433067,0.016533557,0.020439456
105,0.001623648,0.004434628,0.016519945,0.020298797
106,0.00161995,0.004427324,0.016505354,0.020214539
107,0.001615984,0.004422897,0.01649035,0.020222989
108,0.001610514,0.004418307,0.016475032,0.020182737
109,0.001608289,0.004416393,0.016461025,0.020197122
110,0.00160534,0.004421058,0.016447632,0.020071961
111,0.001599925,0.004411321,0.016432125,0.019979653
112,0.001598294,0.004414193,0.016420443,0.019978
113,0.001594892,0.004414348,0.016408881,0.020064504
114,0.001591292,0.004413746,0.016397322,0.020035939
115,0.001590112,0.004413012,0.016386255,0.020007084
116,0.001583619,0.004411911,0.016375305,0.020005503
117,0.001579917,0.004411498,0.01636406,0.020005616
118,0.001575101,0.004410768,0.016354265,0.020008868
119,0.001572306,0.004417112,0.016344465,0.019989703
120,0.001570595,0.004404794,0.016335636,0.019971319
121,0.001568699,0.00437229,0.016327916,0.019956573
122,0.001564585,0.00433791,0.016319697,0.019945297
123,0.001561443,0.004342827,0.016310056,0.019941699
124,0.001559518,0.004338205,0.016301763,0.019897216
125,0.001555592,0.004322047,0.01629483,0.019838335
126,0.001551973,0.004319421,0.016287967,0.019734814
127,0.001548551,0.004304177,0.016280486,0.019659379
128,0.001545983,0.004283811,0.016274722,0.019647952
129,0.001542775,0.004278857,0.016267181,0.019368181
130,0.001540259,0.004270002,0.016261148,0.019378686
131,0.001535569,0.004264509,0.016254975,0.019286353
132,0.001532056,0.004270798,0.016249571,0.019255185
133,0.001526362,0.004275181,0.016244969,0.019244621
134,0.001523324,0.004270566,0.016238501,0.019257564
135,0.00151996,0.004266427,0.016233304,0.019235832
136,0.001516124,0.004264467,0.016227813,0.019223335
137,0.001511355,0.004267298,0.016225181,0.019171612
138,0.00150745,0.004270327,0.016221806,0.019174135
139,0.001504093,0.0042644,0.01621756,0.019113024
140,0.001501415,0.004253989,0.016214722,0.019095899
141,0.001496062,0.004248418,0.016212691,0.019109867
142,0.001492872,0.004218591,0.016210347,0.019100123
143,0.001491849,0.004213278,0.016208821,0.019077776
144,0.001486297,0.00420398,0.016205946,0.019102668
145,0.001483387,0.00420908,0.016203584,0.018859655
146,0.001481867,0.004206137,0.016201863,0.018837329
147,0.001478043,0.004209413,0.016202273,0.018806225
148,0.00147705,0.004181628,0.016203572,0.018815267
149,0.001473053,0.004167184,0.01620305,0.018824487
150,0.001469738,0.004169159,0.016203765,0.018807015
151,0.001467744,0.004155551,0.016204363,0.018783409
152,0.00146071,0.00415049,0.016204943,0.018736582
153,0.001457343,0.004138193,0.016204986,0.018655386
154,0.00145504,0.004137276,0.016207484,0.018637851
155,0.001452351,0.004116783,0.016210679,0.01858131
156,0.001448391,0.004115429,0.016211506,0.018534616
157,0.001440623,0.004120455,0.016213408,0.018557866
158,0.001437162,0.004079854,0.016217131,0.018504378
159,0.001433825,0.004088292,0.016218948,0.018463283
160,0.001431619,0.004088556,0.016222145,0.018462307
161,0.001429464,0.004080485,0.016224892,0.018484761
162,0.001426334,0.004070727,0.016228797,0.018453269
163,0.001422316,0.004075424,0.016232661,0.018452047
164,0.001421169,0.004075804,0.016236088,0.018445792
165,0.001416488,0.004063178,0.016241214,0.018418669
166,0.001413321,0.004057984,0.016246254,0.018397967
167,0.001408793,0.004059332,0.016254661,0.018350676
168,0.001402872,0.004063349,0.016260303,0.018316617
169,0.001401204,0.004067708,0.016266199,0.018299685
170,0.001397959,0.004058781,0.016272866,0.018290615
171,0.001394183,0.004058439,0.016280171,0.018306482
172,0.001392558,0.004044876,0.016286874,0.018303
173,0.001389718,0.004050557,0.016311737,0.01824016
174,0.001386089,0.004057138,0.016337806,0.018135483
175,0.001382148,0.004047636,0.016364161,0.018165204
176,0.001380179,0.004033595,0.016390925,0.018183229
177,0.00137688,0.004028322,0.016418164,0.018162155
178,0.001377495,0.004027663,0.01644527,0.018122333
179,0.001373106,0.00401689,0.016472767,0.018065233
180,0.001370384,0.004008107,0.016501765,0.018134843
181,0.001366345,0.004005451,0.016530154,0.018126574
182,0.001363766,0.004004003,0.016560636,0.018170654
183,0.001358101,0.0040118,0.016589983,0.018166955
184,0.001352755,0.004012911,0.016620624,0.018219325
185,0.001350257,0.004012113,0.016650722,0.018190659
186,0.001347333,0.004010872,0.016682153,0.018184797
187,0.001344815,0.004017246,0.016669512,0.018208889
188,0.001340698,0.004006481,0.01665674,0.01824874
189,0.00134283,0.004002966,0.016644613,0.018347848
190,0.001340298,0.003993283,0.016632529,0.018485299
191,0.001336968,0.004001168,0.01662109,0.018620241
192,0.001334163,0.004005171,0.016609367,0.018630365
193,0.001332942,0.004009132,0.016597591,0.018620414
194,0.001329917,0.004006324,0.016585916,0.018627021
195,0.001327138,0.004004216,0.016575888,0.018640132
196,0.001323332,0.003994799,0.016563462,0.01873057
197,0.001322955,0.003996302,0.016552197,0.018725073
198,0.001317522,0.003995141,0.016540573,0.018739692
199,0.001314439,0.00400299,0.016529761,0.018720151
200,0.001310744,0.004005003,0.016518196,0.018658807
201,0.001308833,0.00400237,0.016507649,0.018595359
202,0.001308215,0.004003828,0.016495044,0.018584722
203,0.00130514,0.003998568,0.016485082,0.018538759
204,0.001302437,0.004001186,0.016474156,0.0185362
205,0.001302103,0.003987919,0.016463344,0.018540823
206,0.001297285,0.003985522,0.01645136,0.018515559
207,0.001295969,0.003985023,0.016440258,0.018488151
208,0.001295946,0.003977934,0.016428924,0.018516364
209,0.001294052,0.003954207,0.016419473,0.018532226
210,0.001290719,0.003956342,0.016409319,0.018556329
211,0.001289077,0.00389944,0.016399198,0.018548812
212,0.001287221,0.003894164,0.016388896,0.018549904
213,0.001283164,0.003861555,0.016377872,0.018546175
214,0.001278926,0.003854631,0.016369076,0.018541263
215,0.001276424,0.003855692,0.01635715,0.018493572
216,0.001275944,0.00382161,0.016347175,0.018502038
217,0.001275251,0.003809794,0.016337652,0.018355839
218,0.001273919,0.003789409,0.01632661,0.018357971
219,0.00127113,0.003782292,0.016316831,0.018338908
220,0.001269959,0.003779307,0.016306661,0.018317172
221,0.00126684,0.003761424,0.01629634,0.018316952
222,0.001267479,0.003756402,0.016285976,0.018284356
223,0.001264785,0.003739516,0.016276385,0.01832646
224,0.001264735,0.003723399,0.016266675,0.018339488
225,0.00126619,0.003726804,0.016254222,0.018239631
226,0.001264404,0.003726761,0.016243331,0.018134979
227,0.001260544,0.003728874,0.016233727,0.018133226
228,0.001257017,0.003721958,0.016224491,0.018043335
229,0.001255309,0.003725406,0.016215326,0.017987409
230,0.001250588,0.003726279,0.0162063,0.017987183
231,0.001248286,0.003723926,0.016197769,0.018093696
232,0.001246384,0.003720322,0.016188722,0.018114764
233,0.001245469,0.003721062,0.016178559,0.018144716
234,0.0012413,0.003709899,0.016168815,0.018130024
235,0.001239909,0.003694394,0.016159576,0.018139498
236,0.00123846,0.003682136,0.016149751,0.01822661
237,0.001235378,0.003683029,0.016138684,0.018215143
238,0.001232069,0.003675359,0.016129949,0.01816038
239,0.001230176,0.003680181,0.016120959,0.018203857
240,0.001225158,0.003653437,0.016111147,0.018207111
241,0.001221911,0.003649068,0.01610165,0.018213586
242,0.001221323,0.003648861,0.016093162,0.018247815
243,0.001219627,0.003642113,0.016083317,0.018223486
244,0.001217765,0.00363438,0.016075017,0.018239334
245,0.001215246,0.003624536,0.016067643,0.018314796
246,0.001211908,0.003626486,0.016059389,0.018302173
247,0.001211077,0.003624601,0.016050824,0.018275681
248,0.001209282,0.003623075,0.016043181,0.018217873
249,0.001204827,0.003623172,0.016035233,0.018205018
250,0.001201679,0.003620802,0.016027516,0.018137492
251,0.001199672,0.003612976,0.016019324,0.018110655
252,0.001197058,0.003609089,0.016011996,0.01803192
253,0.001195257,0.003603035,0.016003505,0.018007908
254,0.001191995,0.003587155,0.015994332,0.017976163
255,0.001190944,0.003580697,0.015986236,0.017931462
256,0.001189346,0.003569341,0.015977302,0.017929252
257,0.001187218,0.003554226,0.015968805,0.017911238
258,0.00118461,0.00355266,0.015959022,0.01791291
259,0.001182102,0.003550123,0.015950516,0.017901372
260,0.001179565,0.003548621,0.015942379,0.017950879
261,0.001176347,0.003542213,0.01593482,0.017937083
262,0.001171934,0.003525079,0.015927273,0.018006662
263,0.001170715,0.003511601,0.015919179,0.017994143
264,0.001168567,0.003514897,0.015911139,0.017959681
265,0.001169244,0.00350575,0.015903841,0.017972146
266,0.00116906,0.00349422,0.015897424,0.017954024
267,0.001167294,0.003486769,0.015887266,0.01795537
268,0.001164184,0.003474962,0.015881164,0.018003017
269,0.001161353,0.003476504,0.015872242,0.017987067
270,0.001160401,0.003479212,0.015865243,0.017896129
271,0.001159012,0.003479716,0.015857316,0.017832108
272,0.001156454,0.003470313,0.015849769,0.017805002
273,0.001152057,0.00345448,0.01584285,0.017663676
274,0.001149483,0.003441625,0.015835878,0.017649296
275,0.001146017,0.003434326,0.015826767,0.017655986
276,0.001142965,0.00343259,0.015819321,0.017643231
277,0.001140755,0.003419315,0.015814079,0.01764224
278,0.001137665,0.003421977,0.015807097,0.017631313
279,0.00113597,0.003421298,0.015799766,0.017597346
280,0.001135312,0.003426288,0.015793544,0.017598027
281,0.001135244,0.003428379,0.01578625,0.017502007
282,0.001132559,0.003422027,0.015778082,0.017461433
283,0.001132246,0.00341985,0.015771407,0.017443176
284,0.001129966,0.003412972,0.015765138,0.017442966
285,0.001126618,0.003396592,0.015756673,0.017510979
286,0.001125663,0.003396583,0.015748509,0.017426065
287,0.001123652,0.00339134,0.0157422,0.017434165
288,0.001120852,0.003377745,0.015734151,0.017434748
289,0.001117454,0.003357309,0.015727758,0.017295096
290,0.001115216,0.003344605,0.015721222,0.017220852
291,0.001114323,0.003324825,0.01571469,0.017232385
292,0.00111341,0.003322507,0.015706833,0.017315391
293,0.001112236,0.003326212,0.015700531,0.017334716
294,0.001109623,0.003328063,0.015692895,0.017325437
295,0.001110571,0.003328115,0.015686443,0.017296673
296,0.001109553,0.003321,0.015680166,0.01730203
297,0.001108311,0.003318049,0.015675361,0.017282796
298,0.001105968,0.003307283,0.015669733,0.017154655
299,0.001107583,0.003300543,0.015662396,0.017132085
300,0.001105144,0.003306787,0.01565728,0.017124662
301,0.00110222,0.003299967,0.015649532,0.017075894
302,0.001100629,0.003294213,0.015643492,0.017083955
303,0.001097325,0.003293794,0.015638401,0.016840411
304,0.001095989,0.003293824,0.015626359,0.016765017
305,0.001092779,0.003283285,0.01561118,0.016729922
306,0.001090968,0.003288631,0.015595169,0.0167338
307,0.001089389,0.00329191,0.015577003,0.016721921
308,0.001085403,0.003296443,0.015557942,0.016694788
309,0.00108422,0.003293955,0.015535288,0.01669789
310,0.001082871,0.003282577,0.015511825,0.01659456
311,0.001079492,0.003276729,0.015486679,0.016580012
312,0.001078826,0.003275753,0.015457452,0.016569568
313,0.001076565,0.003275869,0.015428301,0.016471587
314,0.001072094,0.003273232,0.015397255,0.016466176
315,0.001067912,0.003281531,0.015364113,0.016426199
316,0.001066636,0.003278916,0.015328165,0.016419744
317,0.001066817,0.003257746,0.0152918,0.016364278
318,0.001065357,0.003258305,0.015253387,0.016228989
319,0.001064839,0.003263001,0.015214393,0.016202045
320,0.001062772,0.00326518,0.01517245,0.016174804
321,0.001059336,0.003262731,0.015127727,0.016160116
322,0.001056078,0.003257134,0.01508196,0.01611895
323,0.001055673,0.003258256,0.015034284,0.016132718
324,0.001054723,0.003259334,0.01498409,0.01611461
325,0.001055749,0.003256862,0.014933873,0.016120969
326,0.001056209,0.00325012,0.01488191,0.016145085
327,0.001056509,0.003246958,0.014825945,0.016197681
328,0.001053918,0.003254933,0.0148121,0.016162224
329,0.001054135,0.003256867,0.014803876,0.016112163
330,0.001052289,0.003260676,0.014800333,0.016096155
331,0.001051383,0.003252936,0.014799949,0.016089935
332,0.001047781,0.003255209,0.014803034,0.016086957
333,0.001045353,0.003252421,0.014810368,0.016112189
334,0.001042638,0.003250228,0.014823321,0.016115749
335,0.001039533,0.003252894,0.014838761,0.016103788
336,0.001036848,0.003252617,0.014855469,0.016121667
337,0.001033709,0.003245601,0.014872871,0.016144435
338,0.001031045,0.003244017,0.014890668,0.016159563
339,0.001030651,0.003237408,0.014908141,0.016173585
340,0.001027857,0.003235,0.014925856,0.016149151
341,0.001025341,0.003238845,0.014913718,0.016154314
342,0.001024965,0.003235337,0.014904072,0.016134163
343,0.001022266,0.003236593,0.014892056,0.016104174
344,0.001019862,0.003228043,0.014878633,0.016104863
345,0.0010184,0.003224116,0.01486266,0.016056013
346,0.001018155,0.003224443,0.014846946,0.016052234
347,0.001017236,0.003222962,0.014832094,0.016050737
348,0.001013473,0.003224153,0.014817556,0.016065374
349,0.001010066,0.003219804,0.014802146,0.016060406
350,0.00101061,0.003216306,0.014786982,0.015954585
351,0.001010993,0.003204794,0.014770512,0.015933472
352,0.001007431,0.003199894,0.014753297,0.015900083
353,0.001004939,0.003192341,0.01473619,0.015867029
354,0.001003505,0.003191336,0.014719685,0.015873707
355,0.001001726,0.00316746,0.014700851,0.015884419
356,0.001000602,0.003169222,0.014682411,0.015834354
357,0.001000282,0.003165757,0.014664373,0.015850253
358,0.000997666,0.003152435,0.014643982,0.015839642
359,0.000996521,0.003155956,0.014627299,0.015867976
360,0.000994719,0.00314919,0.014607594,0.015701403
361,0.00099282,0.003147512,0.014588169,0.015675969
362,0.000990624,0.003099169,0.014568338,0.015718963
363,0.000991575,0.003089613,0.014547329,0.015747225
364,0.00099191,0.003080989,0.014526244,0.015775865
365,0.000988336,0.003078946,0.014504782,0.015781618
366,0.000988903,0.003076658,0.014484233,0.015730048
367,0.000988389,0.003075098,0.014462712,0.015739231
368,0.000985681,0.003062854,0.014438501,0.015807349
369,0.00098642,0.003052364,0.014415128,0.015821245
370,0.000983039,0.00304802,0.014391209,0.015860806
371,0.00098154,0.003050105,0.014367374,0.015884253
372,0.000979635,0.003049753,0.014342484,0.015901252
373,0.000977142,0.003037956,0.014318502,0.01580388
374,0.000975937,0.003030865,0.014298284,0.01574559
375,0.000975097,0.003017035,0.014277512,0.01572828
376,0.000975599,0.003015143,0.014256874,0.015747682
377,0.000973508,0.003014277,0.014235271,0.015722601
378,0.000971961,0.003008956,0.014212187,0.015729844
379,0.00097054,0.003014194,0.014190503,0.01573994
380,0.000969823,0.003016385,0.014167812,0.015747388
381,0.000968313,0.003018191,0.014144417,0.015746124
382,0.000967433,0.003009226,0.014123221,0.015945455
383,0.000964244,0.00299893,0.014101223,0.01594706
384,0.000963132,0.002994798,0.014076987,0.015953484
385,0.000964925,0.002994593,0.014054279,0.015954875
386,0.000963719,0.002991819,0.014030252,0.015942296
387,0.000962434,0.00299495,0.0140061,0.015922567
388,0.000963741,0.003002136,0.013981603,0.015868056
389,0.000963569,0.002999845,0.013958343,0.01592467
390,0.000961207,0.00300325,0.013931724,0.015909009
391,0.000961094,0.00299989,0.013906238,0.015873696
392,0.000961574,0.002975703,0.013881509,0.01589434
393,0.000962227,0.002972553,0.013853808,0.015896217
394,0.00096102,0.002970366,0.013827552,0.015908507
395,0.000959039,0.002964105,0.013800745,0.015673999
396,0.000956355,0.002953852,0.013773753,0.015663241
397,0.000954933,0.002931594,0.013745789,0.015656759
398,0.000952262,0.002893136,0.013718459,0.015649638
399,0.000950411,0.002882031,0.01369052,0.015594641
400,0.000947787,0.002873594,0.013664078,0.01559378
401,0.000945851,0.002875051,0.013635962,0.015583298
402,0.000943132,0.002877232,0.013607632,0.015596708
403,0.00094479,0.002871386,0.013581208,0.015573257
404,0.000944,0.002857516,0.013553303,0.015636514
405,0.000942681,0.00285767,0.01352346,0.015646738
406,0.000943074,0.002846128,0.013492947,0.015636398
407,0.000940872,0.002842471,0.013463588,0.015627899
408,0.00094086,0.002842554,0.013432785,0.015589958
409,0.000939543,0.0028361,0.013402127,0.015579004
410,0.000938612,0.00283857,0.013372247,0.015558126
411,0.00093678,0.002835916,0.013341284,0.015554396
412,0.000935219,0.002824882,0.013310779,0.015567674
413,0.000934644,0.002781513,0.013279475,0.015577538
414,0.000932281,0.002774575,0.01324731,0.015548738
415,0.000930123,0.002767136,0.01321745,0.015548071
416,0.00093075,0.002754682,0.013184792,0.015614094
417,0.000930744,0.002748101,0.013151263,0.01563987
418,0.00092999,0.002750372,0.01311928,0.015632338
419,0.000927961,0.002736549,0.013086724,0.015623386
420,0.000926537,0.002720543,0.013052696,0.015672449
421,0.000927131,0.00271437,0.013019546,0.015672012
422,0.000927199,0.002701953,0.01298513,0.015609829
423,0.000924108,0.002702632,0.012948902,0.0155999
424,0.000922753,0.002694987,0.012914051,0.015575596
425,0.000920423,0.002686705,0.012879803,0.015589127
426,0.000918673,0.002685962,0.012844032,0.015601871
427,0.000915991,0.002670043,0.012806482,0.015588151
428,0.000912481,0.002636985,0.01277201,0.015587911
429,0.000910481,0.002638449,0.012734691,0.01560986
430,0.000908583,0.002634152,0.012697158,0.015581206
431,0.000907743,0.00263258,0.012660041,0.015345365
432,0.000904937,0.002634003,0.012622566,0.015362943
433,0.000903387,0.002635672,0.012585478,0.015329526
434,0.000900387,0.002638546,0.012547443,0.015328625
435,0.000899256,0.002638019,0.012509714,0.015355661
436,0.000897375,0.002641451,0.012470839,0.015334177
437,0.000895008,0.002643119,0.012433148,0.015328901
438,0.000893759,0.002639584,0.012393412,0.015385855
439,0.000892246,0.002634387,0.012353911,0.0153615
440,0.000892572,0.00262428,0.012313855,0.015410478
441,0.000893476,0.002624304,0.012273127,0.015356233
442,0.000892863,0.002627333,0.012234103,0.015312952
443,0.000890089,0.002626368,0.012193561,0.015309375
444,0.000889324,0.002628972,0.012152347,0.015283326
445,0.000886014,0.002633843,0.012111902,0.015279831
446,0.0008824,0.002624659,0.012109787,0.015309507
447,0.000879331,0.002615507,0.012108421,0.015375121
448,0.000877211,0.002611912,0.012106693,0.015392986
449,0.000877171,0.00261056,0.012106627,0.015409814
450,0.00087598,0.002612099,0.01210693,0.015409163
451,0.000874345,0.002611302,0.012107223,0.015403177
452,0.000872951,0.002597677,0.01210791,0.015438309
453,0.000873075,0.002592554,0.012108714,0.015471708
454,0.000870936,0.002596135,0.012111706,0.015464891
455,0.000871163,0.002594561,0.0121143,0.015402379
456,0.000870573,0.002592891,0.012116198,0.015424189
457,0.000868968,0.002584108,0.012119158,0.015426223
458,0.000865951,0.002583745,0.012116796,0.015439551
459,0.000864262,0.002581073,0.012114479,0.015486597
460,0.000865826,0.00258069,0.012110908,0.015534101
461,0.000863657,0.002580584,0.012108761,0.015535463
462,0.000861529,0.002581596,0.012106486,0.015546355
463,0.000862033,0.002571189,0.012102932,0.015529813
464,0.000863148,0.002563194,0.01210021,0.015589215
465,0.000861623,0.002559922,0.012097891,0.01559304
466,0.000862272,0.002551306,0.012095149,0.015624645
467,0.000862189,0.002549269,0.01209034,0.015587872
468,0.000861053,0.002545918,0.012086914,0.015572758
469,0.000860833,0.00254081,0.012083879,0.015581417
470,0.000861639,0.002541992,0.01208056,0.015576979
471,0.000861321,0.002544215,0.012077028,0.015584518
472,0.000859666,0.002544886,0.012075185,0.015561959
473,0.000856786,0.002548878,0.012073221,0.015569236
474,0.00085758,0.002548572,0.012070559,0.015585268
475,0.000857657,0.002521694,0.012067542,0.015620377
476,0.000857466,0.002520744,0.012064558,0.015564101
477,0.000855034,0.002519063,0.012060981,0.015580229
478,0.000854702,0.002515752,0.01205814,0.015598353
479,0.00085372,0.002508399,0.012054794,0.015609539
480,0.00085208,0.00250584,0.012052586,0.015630111
481,0.000851641,0.002503527,0.012050675,0.01564805
482,0.000850555,0.002496938,0.012047213,0.015521598
483,0.000849125,0.002484115,0.012043443,0.015534696
484,0.000847176,0.002480064,0.012038823,0.015527867
485,0.000844668,0.002475,0.012036426,0.015543816
486,0.000843025,0.002462184,0.012032849,0.015613692
487,0.000842037,0.002449802,0.012029955,0.015603541
488,0.000843205,0.002442756,0.012027854,0.01562423
489,0.000840597,0.002398907,0.012026082,0.015616398
490,0.000839529,0.002397325,0.012022795,0.015613167
491,0.000837895,0.002362053,0.012021006,0.015604127
492,0.000836337,0.002363498,0.012018821,0.015602169
493,0.000833191,0.002363729,0.012016005,0.015612051
494,0.000832961,0.002363378,0.012013296,0.01565196
495,0.000832222,0.002355305,0.012011104,0.015641845
496,0.000830021,0.002351864,0.012007353,0.015646896
497,0.000828461,0.002353177,0.012004858,0.015606213
498,0.000828288,0.002344538,0.01200134,0.01560636
499,0.000827838,0.002353307,0.011998471,0.015611471
500,0.000826808,0.002351389,0.011994181,0.015588022
501,0.000827021,0.002352473,0.011991547,0.015547136
502,0.000826218,0.002347973,0.011987951,0.015613426
503,0.000826025,0.002333198,0.011985212,0.015599674
504,0.000824938,0.00232518,0.011982648,0.015547116
505,0.000822563,0.002315814,0.011979801,0.015540725
506,0.000821418,0.002290004,0.011976553,0.01554328
507,0.000819774,0.002288973,0.011974974,0.015506792
508,0.000818898,0.002272979,0.011973447,0.015490795
509,0.000819745,0.002259645,0.011972117,0.015501124
510,0.000818683,0.002252286,0.011968635,0.015550229
511,0.000817928,0.002248355,0.011966552,0.01555151
512,0.0008146,0.00224563,0.011964796,0.015562104
513,0.000813238,0.002244833,0.011961861,0.01554689
514,0.000815549,0.002247189,0.011959617,0.015540571
515,0.000814957,0.002251484,0.011958166,0.015530218
516,0.000814646,0.002251841,0.011954247,0.015536255
517,0.000813874,0.002244688,0.011951119,0.015548409
518,0.000813409,0.002248992,0.011948438,0.01555399
519,0.00081428,0.002246148,0.011946274,0.015559571
520,0.000811224,0.002238762,0.011943109,0.015560354
521,0.000809583,0.002235493,0.01193965,0.015557311
522,0.000808056,0.002238905,0.011938274,0.015561307
523,0.000809121,0.002238917,0.011935873,0.015574777
524,0.00080782,0.002240935,0.011932958,0.015518497
525,0.000807014,0.00224167,0.011930661,0.015519154
526,0.000805789,0.00224403,0.011926941,0.015505103
527,0.00080479,0.0022479,0.011926096,0.015528255
528,0.00080465,0.002249202,0.011925104,0.015521079
529,0.000803246,0.002248906,0.011921836,0.015532786
530,0.000803516,0.002246263,0.011920358,0.01552889
531,0.000803095,0.002236384,0.011918037,0.015525546
532,0.000801598,0.002237792,0.011917182,0.015521477
533,0.000800193,0.002239907,0.011916037,0.015518581
534,0.000798794,0.002223539,0.011914606,0.015670353
535,0.000798801,0.002219219,0.011912246,0.0156584
536,0.000797088,0.002216878,0.011911299,0.015712088
537,0.000795935,0.002215922,0.011909491,0.015715262
538,0.000795221,0.002220328,0.011908011,0.015683371
539,0.000794586,0.002221737,0.011904596,0.015698261
540,0.000795659,0.002220761,0.011902531,0.015719312
541,0.000794251,0.002223841,0.011901362,0.015700618
542,0.000793899,0.00221779,0.011900443,0.015709659
543,0.000793843,0.0022198,0.011898765,0.015656103
544,0.000792396,0.002188561,0.011897731,0.015687882
545,0.000792052,0.002177549,0.011896847,0.015685211
546,0.000792119,0.002166534,0.011894719,0.015663169
547,0.000791565,0.002159405,0.011893595,0.015641941
548,0.000789898,0.002156159,0.011892263,0.015511464
549,0.00078888,0.002159613,0.011892132,0.01551299
550,0.000788016,0.002161915,0.011890966,0.015514673
551,0.000788023,0.002164351,0.011890745,0.015471325
552,0.000786383,0.002167524,0.01189069,0.01546739
553,0.000785647,0.002160206,0.01189069,0.015468275
554,0.000786003,0.002162271,0.01189069,0.015418914
555,0.000784264,0.002161972,0.01189069,0.015493847
556,0.000781698,0.002164468,0.01189069,0.015489773
557,0.000782939,0.002167753,0.01189069,0.01547873
558,0.000780112,0.002165199,0.01189069,0.015441608
559,0.000779774,0.002159398,0.01189069,0.015327923
560,0.000779227,0.002153674,0.01189069,0.015311861
561,0.00077927,0.002151334,0.01189069,0.015277084
562,0.000781693,0.00215104,0.01189069,0.015266256
563,0.00078257,0.002140834,0.01189069,0.015258674
564,0.000781972,0.002137983,0.01189069,0.015262191
565,0.00077955,0.002137945,0.01189069,0.015395724
566,0.000780345,0.002132441,0.01189069,0.015349184
567,0.000780597,0.002130042,0.01189069,0.015351851
568,0.000781792,0.002127913,0.01189069,0.015355201
569,0.000781577,0.002129567,0.01189069,0.015344987
570,0.000782497,0.002130987,0.01189069,0.015352711
571,0.000782177,0.002126049,0.011865945,0.015323091
572,0.000782429,0.002125362,0.011840515,0.01531743
573,0.000780903,0.002114208,0.011814465,0.015282294
574,0.000779554,0.002101574,0.011788429,0.015282758
575,0.000778277,0.002106631,0.011762105,0.015262573
576,0.000779226,0.002114621,0.011734386,0.015268411
577,0.00077911,0.002102342,0.01170773,0.015245588
578,0.000779847,0.002094571,0.011680333,0.015244282
579,0.000779487,0.002095563,0.011653658,0.015243464
580,0.000779525,0.002077379,0.011624992,0.015157589
581,0.000778962,0.0020674,0.011595771,0.015145208
582,0.000778201,0.002069049,0.011566363,0.015128344
583,0.0007779,0.002069445,0.011536345,0.015229292
584,0.000777762,0.0020725,0.011506265,0.015194007
585,0.000776535,0.002069187,0.011475878,0.015168576
586,0.000774762,0.00206617,0.01144505,0.015156582
587,0.000774987,0.002069868,0.011414347,0.015126284
588,0.000774308,0.002075688,0.011382355,0.015183966
589,0.000774396,0.002079553,0.011351042,0.015109761
590,0.000773994,0.002080196,0.011320078,0.015092462
591,0.00077391,0.002085021,0.011287267,0.015097338
592,0.000771857,0.002084764,0.01125352,0.015034896
593,0.0007703,0.002084384,0.01122124,0.014990348
594,0.000768816,0.002080061,0.011188038,0.01498403
595,0.000768697,0.002082216,0.011154848,0.014969562
596,0.000766442,0.0020814,0.011121119,0.014968291
597,0.000765382,0.00208497,0.011086782,0.014979084
598,0.00076429,0.002078013,0.011052911,0.014969884
599,0.000763719,0.002080384,0.011018052,0.014983934
600,0.000762952,0.002070442,0.01098365,0.014964877
601,0.000763127,0.002055286,0.010948299,0.01488551
602,0.000762154,0.002052991,0.010912984,0.014890318
603,0.00076162,0.002054079,0.010877213,0.014857828
604,0.000761904,0.002052708,0.010841514,0.014840496
605,0.000759195,0.002052849,0.010803548,0.014811572
606,0.000759084,0.002051666,0.010765733,0.014787608
607,0.000758566,0.002043892,0.010729114,0.014755594
608,0.000758625,0.002043392,0.010691283,0.014798136
609,0.000756896,0.00203981,0.010653148,0.01479146
610,0.000756645,0.002036624,0.010614678,0.014779014
611,0.000756525,0.002039894,0.010576339,0.014779943
612,0.000756708,0.002040012,0.010536206,0.014793549
613,0.000757815,0.002045828,0.010496457,0.014693628
614,0.000757316,0.002051771,0.010455779,0.01470469
615,0.000756491,0.002058338,0.010414738,0.014723933
616,0.000756732,0.002058004,0.010372799,0.014723627
617,0.000755271,0.002063055,0.010332556,0.014739221
618,0.000754654,0.002058408,0.010289649,0.014766157
619,0.000753474,0.002049596,0.010246684,0.014779085
620,0.000752223,0.002048042,0.010203797,0.014777462
621,0.000750468,0.002047014,0.010159367,0.014784903
622,0.00075096,0.002050348,0.010116004,0.014780662
623,0.000749624,0.002049154,0.010071911,0.014796145
624,0.000747534,0.00205013,0.010028457,0.014785125
625,0.000746943,0.00204849,0.009983462,0.014796678
626,0.000746964,0.002043844,0.009938734,0.014817208
627,0.000745633,0.002043754,0.009894072,0.014819788
628,0.000744215,0.00204026,0.009847387,0.014815226
629,0.00074366,0.002042312,0.009801904,0.014820142
630,0.000744996,0.002043547,0.009774093,0.014822588
631,0.00074529,0.002036858,0.009747469,0.014830217
632,0.000744717,0.002031132,0.009720874,0.014819845
633,0.000743586,0.002022016,0.009692554,0.014807346
634,0.000743229,0.002022842,0.009664945,0.014770166
635,0.000741764,0.002023036,0.009638127,0.014766304
636,0.000740662,0.002019094,0.009611149,0.014792642
637,0.00073955,0.002022868,0.009582779,0.014808082
638,0.000738771,0.002022401,0.009556422,0.014781191
639,0.000738908,0.002021648,0.009529642,0.01479457
640,0.000738319,0.002023592,0.00950173,0.014810573
641,0.000737972,0.00201383,0.009473085,0.014852191
642,0.000737294,0.002013027,0.009444987,0.014870198
643,0.000736496,0.002015264,0.00941577,0.014868214
644,0.00073596,0.002009307,0.009388529,0.014837472
645,0.000735144,0.002005243,0.009361061,0.014838589
646,0.000734325,0.002006862,0.00933284,0.014848844
647,0.000733343,0.002005185,0.00930205,0.014848036
648,0.000732189,0.002004022,0.00927342,0.014862197
649,0.000733234,0.002000323,0.009244254,0.014854601
650,0.000733205,0.00199572,0.009215149,0.014860651
651,0.000731764,0.001993938,0.009186799,0.014873321
652,0.000731569,0.001989062,0.009158505,0.014893714
653,0.000731844,0.001987891,0.009130033,0.01488884
654,0.000731323,0.001982929,0.009101601,0.014938808
655,0.000730401,0.001983987,0.009072152,0.014938781
656,0.000731021,0.001986412,0.009042706,0.014948689
657,0.000730246,0.001974417,0.009012271,0.01491851
658,0.000730582,0.001974162,0.008983424,0.014960321
659,0.000730647,0.001964128,0.008953742,0.014960114
660,0.000730724,0.001951996,0.008923979,0.014957266
661,0.00073076,0.001954837,0.008895613,0.014931859
662,0.000730135,0.001955766,0.008867355,0.014937042
663,0.000729919,0.001958288,0.008836947,0.014998982
664,0.000729364,0.001961009,0.008807159,0.014962077
665,0.000728845,0.00195682,0.00877516,0.014949369
666,0.000728465,0.001953559,0.008743958,0.015018861
667,0.000728488,0.001952486,0.008712738,0.015013056
668,0.000727614,0.001947854,0.008682105,0.014994417
669,0.000725627,0.001944087,0.008651393,0.015007286
670,0.000724927,0.001943904,0.008620554,0.015077675
671,0.000724181,0.001949185,0.008590893,0.015051812
672,0.000721542,0.001947693,0.008560468,0.015035992
673,0.000722001,0.001942828,0.008529088,0.015038575
674,0.000721541,0.001932543,0.008497195,0.015032917
675,0.000722096,0.001933992,0.008465467,0.015037113
676,0.000720827,0.001941679,0.008433536,0.014998514
677,0.00072006,0.001939836,0.008401577,0.014983152
678,0.000717814,0.001938583,0.008369322,0.014966245
679,0.000717598,0.001939102,0.00833693,0.014974012
680,0.000716538,0.001933618,0.008304772,0.014911094
681,0.000715071,0.001932903,0.008273217,0.014909631
682,0.000713603,0.00193051,0.008240832,0.014811203
683,0.000713258,0.001921397,0.008209192,0.014822404
684,0.000713532,0.001920521,0.008176435,0.014792887
685,0.000711736,0.001918931,0.008145795,0.014763497
686,0.000710571,0.001918622,0.008114534,0.01475652
687,0.000710019,0.001913444,0.008125939,0.014753837
688,0.000709132,0.001911864,0.00813744,0.014699136
689,0.000704887,0.001905076,0.00814783,0.014624131
690,0.000704205,0.001904616,0.008159616,0.01449096
691,0.00070276,0.001900587,0.008171419,0.014367052
692,0.000703634,0.001896908,0.008182452,0.014344139
693,0.000701097,0.001892346,0.008194915,0.014232776
694,0.000700379,0.001887111,0.008208111,0.014207085
695,0.000698437,0.001890513,0.008219743,0.014196568
696,0.000698175,0.001892879,0.008234457,0.014099562
697,0.000696387,0.001889237,0.008248361,0.014203219
698,0.000695496,0.001888831,0.008262162,0.01417348
699,0.000693373,0.001883993,0.008275976,0.014160526
700,0.000692463,0.001877838,0.008291065,0.014177868
701,0.000690186,0.00187598,0.008304978,0.014170708
702,0.000688997,0.001875466,0.008322057,0.014291637
703,0.000689372,0.001881165,0.008336955,0.014265264
704,0.000687121,0.001875785,0.008352774,0.014240018
705,0.000685472,0.00188011,0.008369249,0.014203766
706,0.000685407,0.00188389,0.008386132,0.014198782
707,0.000684192,0.001885175,0.008403536,0.014124097
708,0.000682211,0.001886174,0.008421665,0.014083221
709,0.000681199,0.001889477,0.008438547,0.014072143
710,0.000681548,0.001888744,0.008454721,0.01405867
711,0.000679967,0.001888081,0.008471634,0.014038178
712,0.00067989,0.001894915,0.008488371,0.014026163
713,0.000679392,0.001895608,0.008506753,0.014045531
714,0.000679677,0.001891471,0.008523307,0.014026662
715,0.000679417,0.001889676,0.008543016,0.014048084
716,0.00067675,0.001888126,0.008563122,0.01404699
717,0.000675287,0.001885204,0.008583366,0.014052117
718,0.000674361,0.001891647,0.008602364,0.014043315
719,0.000672394,0.001885196,0.00862234,0.014049757
720,0.000670942,0.001884528,0.008641576,0.014032876
721,0.000670887,0.001882849,0.008663365,0.014021555
722,0.000668738,0.001878385,0.008682798,0.01403848
723,0.000667268,0.001878048,0.008703254,0.013993586
724,0.000664614,0.001878378,0.008726168,0.013995662
725,0.000662042,0.001869961,0.008750104,0.014007693
726,0.000661072,0.001870924,0.00877286,0.013950859
727,0.000660171,0.00187029,0.008794436,0.01393445
728,0.000659789,0.001872283,0.008817106,0.013929537
729,0.000657402,0.001874513,0.008839991,0.0139337
730,0.000657346,0.00187595,0.008862881,0.01395104
731,0.000657254,0.00187988,0.008886598,0.013857149
732,0.000655709,0.001871586,0.008911059,0.013830084
733,0.000655179,0.001872346,0.008937036,0.013839825
734,0.000654379,0.001876605,0.008962291,0.013850986
735,0.000653102,0.001880431,0.008987167,0.013845851
736,0.000652552,0.001881168,0.009013547,0.013743443
737,0.000651947,0.001883402,0.009039825,0.013774704
738,0.000651264,0.001881314,0.009066065,0.013808996
739,0.000650424,0.001873269,0.009092491,0.013797071
740,0.000650583,0.001870266,0.009117463,0.013794921
741,0.000650006,0.001867979,0.009144432,0.01380791
742,0.000648704,0.001863545,0.009171102,0.013775736
743,0.00064802,0.001870136,0.009198518,0.013791882
744,0.000648502,0.001874877,0.009226204,0.013779929
745,0.000648363,0.001874282,0.009252804,0.013662615
746,0.000647346,0.001874994,0.009281063,0.013660858
747,0.000645594,0.001874895,0.009310237,0.013648236
748,0.00064512,0.001879352,0.00933832,0.013637745
749,0.000645283,0.001875343,0.009366625,0.013618019
750,0.000644883,0.00188167,0.009395285,0.013614921
751,0.000643516,0.001877729,0.009426223,0.013602573
752,0.000642769,0.001873808,0.009454697,0.013602906
753,0.000641159,0.001875593,0.009485166,0.013593258
754,0.000640692,0.00187596,0.009515852,0.013588468
755,0.000638997,0.001871526,0.009547764,0.013648245
756,0.000639676,0.001871815,0.009580264,0.013637649
757,0.000637756,0.00186998,0.009611983,0.013642
758,0.000637282,0.001873876,0.009643641,0.013632583
759,0.000637158,0.001873656,0.00967677,0.013599996
760,0.000636538,0.001872886,0.009708904,0.013555045
761,0.000636219,0.001868301,0.009740902,0.013557088
762,0.000635838,0.001866366,0.009773519,0.013519817
763,0.00063573,0.001865804,0.009805947,0.01348579
764,0.000635581,0.001862069,0.009839178,0.013487131
765,0.000634335,0.001861311,0.009870836,0.013485162
766,0.000633424,0.001858836,0.009904912,0.013441546
767,0.000632685,0.001859579,0.009940365,0.013445568
768,0.000632809,0.001853759,0.009974466,0.013439654
769,0.000631874,0.001847943,0.010010865,0.013422057
770,0.000630455,0.001841857,0.010046469,0.013452
771,0.000630418,0.001840142,0.010081788,0.013459417
772,0.000629667,0.001842454,0.010118139,0.013485867
773,0.000630254,0.001842963,0.010152682,0.013492924
774,0.000629782,0.001847153,0.010188416,0.013479478
775,0.000628676,0.001843379,0.010225196,0.013463439
776,0.000627979,0.001843962,0.010261756,0.013472957
777,0.000627131,0.001841781,0.01029866,0.01346862
778,0.000626105,0.001839164,0.010337179,0.013429525
779,0.00062518,0.001837593,0.010376409,0.013425521
780,0.000622868,0.001832881,0.010413245,0.013413898
781,0.000621967,0.001829561,0.010451498,0.013414884
782,0.000622196,0.001825936,0.010490682,0.013399695
783,0.000621268,0.001826029,0.010529859,0.01342389
784,0.000620571,0.001828634,0.010569893,0.013416177
785,0.000619601,0.001832324,0.01061047,0.013360228
786,0.000618699,0.001830106,0.010650419,0.013346113
787,0.000618356,0.001830246,0.010690622,0.013316793
788,0.000617178,0.001832023,0.010731653,0.013251437
789,0.000617452,0.001832086,0.010772057,0.013220905
790,0.000616754,0.001831835,0.010815121,0.01324175
791,0.000615256,0.001830204,0.010856428,0.013214706
792,0.000614015,0.001826649,0.010898323,0.013101404
793,0.00061354,0.001822021,0.010941035,0.013068971
794,0.000612712,0.001817633,0.010983187,0.013134939
795,0.000611694,0.001821191,0.011025696,0.013136671
796,0.000611641,0.001820436,0.01106806,0.013116355
797,0.000611563,0.001820617,0.011110589,0.013119655
798,0.00061057,0.00182083,0.011154978,0.013041798
799,0.000607971,0.001818811,0.011198971,0.013029464
800,0.000606641,0.001810117,0.011198221,0.013047463
801,0.000606594,0.001809884,0.011197109,0.013029519
802,0.000605522,0.001813392,0.011194653,0.013044516
803,0.000604363,0.001809355,0.011191583,0.013020588
804,0.000604289,0.001805074,0.01118751,0.013034527
805,0.000604043,0.00180453,0.011183359,0.013039157
806,0.000604443,0.001800421,0.011176958,0.013062745
807,0.000603986,0.001798066,0.011169215,0.013071333
808,0.000602606,0.001795568,0.011161081,0.013058023
809,0.000600739,0.001798785,0.011154096,0.013023661
810,0.000599075,0.001797094,0.011146642,0.013020647
811,0.000598285,0.00179735,0.01113808,0.013007987
812,0.000597835,0.001798191,0.01113089,0.012996673
813,0.000596753,0.001799176,0.011119285,0.012981863
814,0.000595353,0.001794504,0.011108961,0.012968966
815,0.000594683,0.001784292,0.011096817,0.013002577
816,0.000593597,0.001782541,0.011086108,0.013004841
817,0.000591378,0.001783909,0.01107334,0.013086606
818,0.000589134,0.001782732,0.01106044,0.013065498
819,0.000587741,0.00177812,0.011045102,0.013076964
820,0.0005868,0.001777634,0.011030699,0.013076895
821,0.000585746,0.001774181,0.011013809,0.013088994
822,0.000584941,0.001773427,0.010998118,0.013081671
823,0.000584193,0.001769734,0.010980293,0.013084602
824,0.000583014,0.001769921,0.010963522,0.013071736
825,0.000580316,0.00176969,0.010945835,0.013058615
826,0.000578331,0.001765345,0.010927145,0.013053866
827,0.000576287,0.001767532,0.010909074,0.012965938
828,0.000575387,0.001759211,0.010891807,0.01296361
829,0.000574727,0.001758442,0.010873377,0.01297431
830,0.000574268,0.001757148,0.010854967,0.012982555
831,0.000572538,0.001759252,0.010836999,0.013034293
832,0.000572143,0.001752969,0.010819655,0.013033326
833,0.000572481,0.001752999,0.010802073,0.01302972
834,0.000573272,0.001756228,0.01078424,0.013043617
835,0.000573519,0.00175314,0.010766824,0.013041696
836,0.000573024,0.001749276,0.010750115,0.013034364
837,0.000572566,0.00174758,0.010732714,0.012995091
838,0.000572634,0.001747855,0.010714917,0.012999249
839,0.000571623,0.001744548,0.010697443,0.012999363
840,0.000570763,0.00174408,0.010679729,0.013015962
841,0.000569497,0.001744092,0.010661941,0.012967435
842,0.000568091,0.001743825,0.010643659,0.012983909
843,0.000566855,0.001739618,0.010641716,0.012979538
844,0.000566413,0.00173851,0.010642173,0.012958083
845,0.000565578,0.001736531,0.0106452,0.012958739
846,0.000563846,0.001735566,0.010649829,0.012973911
847,0.000564222,0.001731437,0.010653777,0.012963853
848,0.000563974,0.001725735,0.010659118,0.012939167
849,0.00056414,0.001721938,0.010666474,0.012927722
850,0.000563231,0.001726026,0.010673863,0.012915584
851,0.000561683,0.001726198,0.010681388,0.012910151
852,0.000561634,0.001726007,0.01069005,0.012896387
853,0.00056053,0.001728311,0.010700968,0.012908675
854,0.000559844,0.001724462,0.010712337,0.012877504
855,0.000559906,0.001726213,0.01072625,0.01285038
856,0.000559726,0.001727671,0.010740129,0.012850234
857,0.0005585,0.00173275,0.010754098,0.012822637
858,0.000558344,0.001737207,0.010771275,0.012807385
859,0.000557306,0.001738931,0.010785668,0.012793051
860,0.000556686,0.001738409,0.010804153,0.012765595
861,0.000556152,0.001737863,0.010821779,0.012754711
862,0.000555541,0.001730529,0.01084082,0.012706431
863,0.000553482,0.00173048,0.010861311,0.012675997
864,0.000552434,0.001732481,0.010882962,0.012650348
865,0.000551825,0.001735764,0.010905056,0.012635641
866,0.000549671,0.001734714,0.01092786,0.012623252
867,0.000547894,0.001731081,0.010952257,0.012609014
868,0.000547802,0.001728587,0.010953039,0.012524233
869,0.000545543,0.001731477,0.010952858,0.012522204
870,0.000545522,0.001725325,0.010954074,0.012499243
871,0.000544291,0.001725568,0.010954715,0.012480831
872,0.000544614,0.001724892,0.010954911,0.01247288
873,0.000543376,0.001720768,0.010955413,0.012449623
874,0.000542462,0.001719828,0.010950827,0.012437069
875,0.000541752,0.001722373,0.010946241,0.012465553
876,0.000541133,0.001724456,0.010941653,0.012469274
877,0.000541173,0.001730158,0.010938188,0.012456863
878,0.00054071,0.001728161,0.010934191,0.012433283
879,0.000539522,0.001726682,0.010928818,0.012442674
880,0.00053828,0.001722338,0.010923146,0.01245529
881,0.000538434,0.001719803,0.010917292,0.012448968
882,0.000537375,0.001724069,0.010910984,0.01222994
883,0.000537068,0.001728087,0.010903768,0.012237399
884,0.000535475,0.001729494,0.010898579,0.012202459
885,0.000534231,0.001731428,0.010892115,0.012209833
886,0.000533312,0.001726023,0.0108863,0.012203892
887,0.000532284,0.001731704,0.010879208,0.012190294
888,0.000529483,0.001728366,0.01087122,0.012176701
889,0.000528758,0.001729077,0.010863525,0.012128186
890,0.000527986,0.001727825,0.010857261,0.012125784
891,0.000527161,0.001721683,0.010851696,0.012176136
892,0.000525587,0.001724962,0.010843646,0.012150516
893,0.000523271,0.001719393,0.010837918,0.012137202
894,0.000523052,0.001720321,0.010830954,0.012108383
895,0.000522755,0.001711901,0.010823449,0.012114091
896,0.000523027,0.001714161,0.010816243,0.012118815
897,0.000521391,0.001711739,0.010807881,0.012123121
898,0.000520373,0.001714539,0.010800508,0.012117464
899,0.000520703,0.001714778,0.010791837,0.01210953
900,0.000520548,0.001715336,0.010783116,0.012127569
901,0.000520155,0.001710295,0.010775288,0.012147434
902,0.000518623,0.001708383,0.010767251,0.012138342
903,0.000515695,0.001703035,0.010756946,0.012135373
904,0.000514738,0.001702496,0.010747304,0.012072522
905,0.00051414,0.001700537,0.010738964,0.012059416
906,0.000512485,0.001705417,0.010730313,0.012058956
907,0.000512723,0.001704914,0.0107205,0.012019033
908,0.000511121,0.001700501,0.010711641,0.012091193
909,0.000508866,0.001696442,0.010703632,0.01208543
910,0.000507849,0.001692924,0.010692281,0.012090627
911,0.000507798,0.001697237,0.010681925,0.012075266
912,0.000507101,0.001697727,0.01067099,0.012066303
913,0.000506823,0.001694029,0.010660627,0.012058106
914,0.000506061,0.001692057,0.010650052,0.012047611
915,0.000505446,0.00169833,0.01063787,0.012030509
916,0.000504742,0.00170332,0.01062769,0.011946531
917,0.00050402,0.001704096,0.010616697,0.012024414
918,0.000503875,0.001701422,0.010604545,0.01202354
919,0.000503358,0.001697604,0.010591694,0.011991607
920,0.000503773,0.001699002,0.010582131,0.011937835
921,0.00050148,0.001697859,0.010570369,0.011979641
922,0.000501553,0.001702798,0.010558104,0.011958045
923,0.000501182,0.001700667,0.010548076,0.011944502
924,0.00050075,0.001701682,0.010537314,0.011934428
925,0.000500069,0.001704143,0.010523391,0.011914756
926,0.000499719,0.001706982,0.010511298,0.01189261
927,0.00049972,0.001708169,0.010500525,0.011921807
928,0.000499819,0.001708562,0.010487263,0.011940137
929,0.000498196,0.001703405,0.010475551,0.01192143
930,0.000498477,0.001702452,0.010462673,0.011927101
931,0.00049779,0.001696689,0.010450848,0.01190165
932,0.00049773,0.001697916,0.010436357,0.011899133
933,0.000497984,0.001695455,0.010423741,0.011902935
934,0.000496337,0.001692747,0.010416237,0.011948232
935,0.000496473,0.001688483,0.010412255,0.011867874
936,0.000495992,0.001688612,0.010411714,0.01188299
937,0.000495452,0.001691492,0.01041456,0.01187091
938,0.000494447,0.001688668,0.010423006,0.011815868
939,0.000493394,0.001689715,0.010431823,0.011819403
940,0.000491346,0.001689154,0.010445323,0.011790957
941,0.000490492,0.001689051,0.010463765,0.011777641
942,0.000489031,0.00169058,0.010483402,0.011780598
943,0.000488926,0.001691212,0.010508369,0.011759908
944,0.00048895,0.001687211,0.01053686,0.011810981
945,0.000488897,0.00168993,0.010528398,0.011830108
946,0.000489223,0.001690721,0.01051956,0.011769984
947,0.000489599,0.001692505,0.01050857,0.01174922
948,0.000489115,0.00169406,0.010498686,0.011737958
949,0.000488662,0.001702125,0.010484275,0.011717077
950,0.000488283,0.001700294,0.010469244,0.011705704
951,0.00048716,0.001692093,0.0104526,0.011696828
952,0.000486973,0.001690479,0.010436909,0.011660173
953,0.000486047,0.001690378,0.010417783,0.01166314
954,0.000486441,0.001688972,0.010398683,0.011718985
955,0.000483928,0.001690056,0.010378466,0.011741069
956,0.000483619,0.001689535,0.010357257,0.011740555
957,0.000482998,0.001688478,0.010334704,0.011769153
958,0.000483548,0.001686316,0.010314122,0.011750962
959,0.00048275,0.001694129,0.010294199,0.011709787
960,0.00048136,0.001695085,0.010274754,0.01169441
961,0.000480901,0.001695302,0.010254449,0.011721066
962,0.000480294,0.001693801,0.010234584,0.011714696
963,0.000479363,0.001697165,0.01021529,0.011723601
964,0.000477875,0.001699822,0.010196191,0.011677061
965,0.000477558,0.001702572,0.010177106,0.011656796
966,0.000476791,0.001704745,0.010157959,0.011626775
967,0.000475351,0.001702853,0.01013951,0.011674739
968,0.000474118,0.001701889,0.010121214,0.011692327
969,0.000473733,0.001700148,0.010102465,0.011796408
970,0.000471656,0.001692174,0.010084644,0.011820309
971,0.00047142,0.001688518,0.010066917,0.011821221
972,0.000470883,0.001684521,0.010049151,0.011812117
973,0.00047024,0.001679684,0.010031202,0.011812448
974,0.000470742,0.001684155,0.010013748,0.011886499
975,0.000470161,0.001683259,0.009997077,0.01186859
976,0.000469987,0.001681315,0.009980743,0.011881193
977,0.000470398,0.001690458,0.009965569,0.011902793
978,0.00046999,0.001701909,0.009966083,0.01191634
979,0.000468723,0.00169943,0.009970128,0.011901364
980,0.000468578,0.001699553,0.009972388,0.011896767
981,0.000468755,0.001689954,0.00997516,0.011932844
982,0.00046874,0.001690276,0.009978544,0.011936063
983,0.000468792,0.001689851,0.009981871,0.011903084
984,0.000467494,0.001693832,0.009988455,0.011896155
985,0.000467088,0.001698364,0.009992517,0.01186621
986,0.000466975,0.001702145,0.009999108,0.011793684
987,0.000465599,0.001712188,0.010005781,0.011791921
988,0.000465907,0.001711769,0.010012041,0.011733631
989,0.000466313,0.001712385,0.010018689,0.011727052
990,0.000465971,0.001707486,0.010026467,0.011733235
991,0.000465544,0.001708407,0.010035175,0.011736647
992,0.000464762,0.001700771,0.010044656,0.011728464
993,0.000464296,0.001702863,0.010054893,0.011751128
994,0.000465135,0.00170318,0.010066648,0.011718319
995,0.000463971,0.001700401,0.010077656,0.01172898
996,0.000463448,0.001701713,0.010090787,0.011777065
997,0.000462761,0.00169581,0.010103739,0.011791861
998,0.000461351,0.001691932,0.010118044,0.011786743
999,0.000460009,0.001683572,0.01013147,0.011922021
1000,0.000459697,0.001682472,0.010147354,0.011959721
1001,0.000458871,0.001680847,0.010162872,0.012072403
1002,0.000458252,0.001680029,0.01017869,0.011967509
1003,0.000457335,0.001676674,0.01019523,0.012121937
1004,0.000457159,0.001671974,0.010213739,0.012120571
1005,0.000457007,0.001673618,0.010233016,0.012101405
1006,0.00045724,0.001672012,0.010252406,0.012100513
1007,0.000457084,0.001675292,0.010269743,0.01205157
1008,0.000456471,0.001674802,0.01028941,0.01205036
1009,0.000455041,0.001673475,0.010309657,0.012122008
1010,0.000454518,0.00167352,0.010332189,0.012081911
1011,0.000454778,0.001674797,0.010354152,0.012110197
1012,0.000454059,0.001674884,0.010377403,0.012066925
1013,0.000453362,0.00167684,0.010400119,0.012057183
1014,0.00045108,0.001673028,0.010424571,0.012058008
1015,0.000449575,0.001668079,0.010447503,0.012057556
1016,0.000448889,0.001668949,0.010471273,0.012057089
1017,0.000448472,0.001672807,0.010497324,0.012063044
1018,0.000447451,0.001664843,0.01052338,0.01204081
1019,0.000445745,0.001661037,0.010550728,0.012025631
1020,0.000445091,0.001657533,0.010578193,0.01203067
1021,0.000444455,0.001664687,0.010607041,0.012056754
1022,0.000444693,0.001667796,0.010634254,0.012065184
1023,0.000444085,0.001663396,0.010663699,0.012078823
1024,0.00044367,0.001660905,0.010695205,0.012108087
1025,0.000443482,0.001663112,0.010724823,0.012101001
1026,0.000443608,0.001663909,0.010755691,0.012059141
1027,0.000443114,0.001661407,0.010786861,0.012061887
1028,0.00044189,0.001658036,0.010817455,0.012071867
1029,0.000440457,0.001655987,0.010851114,0.012062587
1030,0.000439331,0.001650801,0.010884872,0.012053927
1031,0.000439134,0.001652438,0.010918568,0.012041889
1032,0.000439015,0.00164893,0.010952046,0.012054739
1033,0.000438689,0.001644803,0.010986383,0.012087105
1034,0.000437677,0.001645603,0.011022993,0.01191777
1035,0.000436495,0.001641642,0.01106151,0.011947988
1036,0.000436251,0.001641605,0.011075035,0.011919658
1037,0.000436571,0.001645373,0.011089564,0.011917377
1038,0.000436734,0.001639388,0.011102724,0.011931713
1039,0.000436405,0.001641943,0.011116336,0.011905735
1040,0.000434126,0.001638105,0.011130154,0.011871885
1041,0.000434,0.00163571,0.011143234,0.011872216
1042,0.000432816,0.001632394,0.01115602,0.011863481
1043,0.000432673,0.00163479,0.011168823,0.011886043
1044,0.00043149,0.001636611,0.011180977,0.011773725
1045,0.000431018,0.001641442,0.011192691,0.011772597
1046,0.000430849,0.001637168,0.011205106,0.011785116
1047,0.000431545,0.001640608,0.011216477,0.011809691
1048,0.000431183,0.001645893,0.01122881,0.011813292
1049,0.000431305,0.001651535,0.011238941,0.011810579
1050,0.00043146,0.0016495,0.011250692,0.011804638
1051,0.000431034,0.001655395,0.011260504,0.01180529
1052,0.000430712,0.001654251,0.011270456,0.011833179
1053,0.000430472,0.001657292,0.011279986,0.011840365
1054,0.000429717,0.001661872,0.011288734,0.011853856
1055,0.000429459,0.00166992,0.011295989,0.011774369
1056,0.000429723,0.00166749,0.011303821,0.011771109
1057,0.000428436,0.00166634,0.011312536,0.011803613
1058,0.000429034,0.001664618,0.011319019,0.011826067
1059,0.000428782,0.001664304,0.011324727,0.01183713
1060,0.000427408,0.001668101,0.011331063,0.011850533
1061,0.000426537,0.001664702,0.011336851,0.011864681
1062,0.000423848,0.001664325,0.011341647,0.011863374
1063,0.00042237,0.001665732,0.011346376,0.01186418
1064,0.000422035,0.001664504,0.011350864,0.011855495
1065,0.000422739,0.001672026,0.011354981,0.011704149
1066,0.000421143,0.001671756,0.011359057,0.011693521
1067,0.000421098,0.001676822,0.011363072,0.011698687
1068,0.000420667,0.001677371,0.011366456,0.011704201
1069,0.000420139,0.001676235,0.011369397,0.011750399
1070,0.000419272,0.001679959,0.011372785,0.011764565
1071,0.000418078,0.001678367,0.011375378,0.011807978
1072,0.000417565,0.001675768,0.011375378,0.011786319
1073,0.000417727,0.001678662,0.011376192,0.011792437
1074,0.000417605,0.001683201,0.011376192,0.011792579
1075,0.000417018,0.001684255,0.011376192,0.011775248
1076,0.000415709,0.001683017,0.011376496,0.011788034
1077,0.000414268,0.00168547,0.011376496,0.011783016
1078,0.000413559,0.001685659,0.011376496,0.011790841
1079,0.00041405,0.00169016,0.011376496,0.011834034
1080,0.000412945,0.001689765,0.011376496,0.011835386
1081,0.000412894,0.001690105,0.011376496,0.011837992
1082,0.000412902,0.001686695,0.011376496,0.01183511
1083,0.000413507,0.001687798,0.011376496,0.011722456
1084,0.000412959,0.001682733,0.011376496,0.011708382
1085,0.000412379,0.001683577,0.011376496,0.011697077
1086,0.000411829,0.00168383,0.011376496,0.011684891
1087,0.000411416,0.001679931,0.011376496,0.011674546
1088,0.000411199,0.001675732,0.011376496,0.011602955
1089,0.000411065,0.001674032,0.011376496,0.011613836
1090,0.000410837,0.001671911,0.011376496,0.011603374
1091,0.000410272,0.001672085,0.011376496,0.011595126
1092,0.000410899,0.00167605,0.011376496,0.011618651
1093,0.00041122,0.001679357,0.011376496,0.01162075
1094,0.000411073,0.001684879,0.011376496,0.011616598
1095,0.000410596,0.001681408,0.011376496,0.011606241
1096,0.000410893,0.001680861,0.011376496,0.011609121
1097,0.000410703,0.001682682,0.011376496,0.011597392
1098,0.000410411,0.001683117,0.011376496,0.011616732
1099,0.000411116,0.001684138,0.011376496,0.011594431
1100,0.000411407,0.001695971,0.011376496,0.01158302
1101,0.000410551,0.001696158,0.011376496,0.011606677
1102,0.000410737,0.001705244,0.011376496,0.011602677
1103,0.000410264,0.001703193,0.011376496,0.011606215
1104,0.00040946,0.001708725,0.011376496,0.011632716
1105,0.000409057,0.001709286,0.011376496,0.011644507
1106,0.000409573,0.001711417,0.011376496,0.011658183
1107,0.000409059,0.001711347,0.011376496,0.011747806
1108,0.00040906,0.001713023,0.011376496,0.011698746
1109,0.000408091,0.001714909,0.011376496,0.011710548
1110,0.000407062,0.001714814,0.011376496,0.011709789
1111,0.000406609,0.001715499,0.011376496,0.011711675
1112,0.000405758,0.001720944,0.011376496,0.011699039
1113,0.000404187,0.00171661,0.011376496,0.011703815
1114,0.000404359,0.001711737,0.011376496,0.01168708
1115,0.000403895,0.001717354,0.011376496,0.01166194
1116,0.000403822,0.001720335,0.011376496,0.011686174
1117,0.000403619,0.001710875,0.011376496,0.011662978
1118,0.000403524,0.001710914,0.011376496,0.01163656
1119,0.000403421,0.001715178,0.011376496,0.011649118
1120,0.000402882,0.001715918,0.011376496,0.011660936
1121,0.000402929,0.001711659,0.011376496,0.011662792
1122,0.000401524,0.001706353,0.011376496,0.011652273
1123,0.000401329,0.001703182,0.011376496,0.011656901
1124,0.000401621,0.001702955,0.011376496,0.011668854
1125,0.000400901,0.00170202,0.011376496,0.011651103
1126,0.000399608,0.001706731,0.011376496,0.011618383
1127,0.000399133,0.001706087,0.011376496,0.011609908
1128,0.000398996,0.001706382,0.011376496,0.011604225
1129,0.000398507,0.001701625,0.011376496,0.011604785
1130,0.000397168,0.001702256,0.011358248,0.011596676
1131,0.000395468,0.001703795,0.011338581,0.011590277
1132,0.000395292,0.001705005,0.011318891,0.011590171
1133,0.000395881,0.001708219,0.011299733,0.011579692
1134,0.000396098,0.001705259,0.01127937,0.011582571
1135,0.000395699,0.00170704,0.011258101,0.011584394
1136,0.000396356,0.001707725,0.01123839,0.011551118
1137,0.000395775,0.001700463,0.011217556,0.011542371
1138,0.000395986,0.001696499,0.011195216,0.011532767
1139,0.000396387,0.001696312,0.011173494,0.011516473
1140,0.000396605,0.001694562,0.011151377,0.011506021
1141,0.000396284,0.001694709,0.011129655,0.011464293
1142,0.000395492,0.00169879,0.011108059,0.011434744
1143,0.000395077,0.001696659,0.011084943,0.011432091
1144,0.000395627,0.001699811,0.011061877,0.011433204
1145,0.000394867,0.001699108,0.011039004,0.011425961
1146,0.000394449,0.001701262,0.011016138,0.011418391
1147,0.000394559,0.001699967,0.010993833,0.011422995
1148,0.000394182,0.001704622,0.010970031,0.011376692
1149,0.000393696,0.001704516,0.01094652,0.01136415
1150,0.000392296,0.001703726,0.010922383,0.011347521
1151,0.000392641,0.001707958,0.010897467,0.011320823
1152,0.000392975,0.001709305,0.010872194,0.011298386
1153,0.000392312,0.001708829,0.010846732,0.011317008
1154,0.000392216,0.001710337,0.010820011,0.011256126
1155,0.000391247,0.001708034,0.010793732,0.011264673
1156,0.000390122,0.001705639,0.010768422,0.01125128
1157,0.000389432,0.001706155,0.010742891,0.011270472
1158,0.000389152,0.001713055,0.010715062,0.011230705
1159,0.000388405,0.001713302,0.010688911,0.011238108
1160,0.000387417,0.00171815,0.010662099,0.011227499
1161,0.00038751,0.001723929,0.010633866,0.011232332
1162,0.000386897,0.001730287,0.0106221,0.011238098
1163,0.000386616,0.001727918,0.010610303,0.011193124
1164,0.000385589,0.001728993,0.010598768,0.011191032
1165,0.000384649,0.001731033,0.010587652,0.011181721
1166,0.000384794,0.001735771,0.010577635,0.011097669
1167,0.000384744,0.001746208,0.010565439,0.011109502
1168,0.000384308,0.001751549,0.010553422,0.011140776
1169,0.000384525,0.001753763,0.010542823,0.011122111
1170,0.000384861,0.001756333,0.010532568,0.011044011
1171,0.000385096,0.00175785,0.010519304,0.01104862
1172,0.000384719,0.001761477,0.010506906,0.011062505
1173,0.000384292,0.001762639,0.010493227,0.011057834
1174,0.000384038,0.001768818,0.010482441,0.011078563
1175,0.000383936,0.001779419,0.010470813,0.011040766
1176,0.000384545,0.001772646,0.010456819,0.011033749
1177,0.000383943,0.001782174,0.010446003,0.011051341
1178,0.000384183,0.00179134,0.010434422,0.011054239
1179,0.000383789,0.001796397,0.010422835,0.011019531
1180,0.000383728,0.001800325,0.010410334,0.011021063
1181,0.000383896,0.001800806,0.010398618,0.011026956
1182,0.000382892,0.001811449,0.010386025,0.011030785
1183,0.000382352,0.001816471,0.010373384,0.011011408
1184,0.000382001,0.001821015,0.010361536,0.011019059
1185,0.000382162,0.001826791,0.010349017,0.011008582
1186,0.000381724,0.001835274,0.010336194,0.011045731
1187,0.000380603,0.001835814,0.010324055,0.01100817
1188,0.000380329,0.00183655,0.010310628,0.011003537
1189,0.00038118,0.001834845,0.01029877,0.010967488
1190,0.000381603,0.00184055,0.01028666,0.010953048
1191,0.000380876,0.001843276,0.010274609,0.010945375
1192,0.000380005,0.001843774,0.010263519,0.010946444
1193,0.000380458,0.001847173,0.010251796,0.010947446
1194,0.000379712,0.001846656,0.010238238,0.010946271
1195,0.000379984,0.001850125,0.010226772,0.010977079
1196,0.000379689,0.001846705,0.010212631,0.010957457
1197,0.000379253,0.001859647,0.010199654,0.010833128
1198,0.000378753,0.00185945,0.010187657,0.010831926
1199,0.000377988,0.001856789,0.010174527,0.010871829
1200,0.000377046,0.001857504,0.01016243,0.010850446
1201,0.000376832,0.001856619,0.010151227,0.010953681
1202,0.000376447,0.001860648,0.010137892,0.010817581
1203,0.000375904,0.001861838,0.01012534,0.010823477
1204,0.000375903,0.001864498,0.010111966,0.010821318
1205,0.000376318,0.001864439,0.010097718,0.01083193
1206,0.000376679,0.001862619,0.010084532,0.010842048
1207,0.000375293,0.001864487,0.010070449,0.0108878
1208,0.000375073,0.001865582,0.010057156,0.010899867
1209,0.000375078,0.00186327,0.010043917,0.010902675
1210,0.000374471,0.001864553,0.010031231,0.010887859
1211,0.000374312,0.001868173,0.010018977,0.010890296
1212,0.000373657,0.001873216,0.010006551,0.010886124
1213,0.000372993,0.001876117,0.009992873,0.010869443
1214,0.000372744,0.001875752,0.009981268,0.010868005
1215,0.000372586,0.001877937,0.009967396,0.010842941
1216,0.000372088,0.001881345,0.009953128,0.010839092
1217,0.00037187,0.001885367,0.009938741,0.010835841
1218,0.000371252,0.001883695,0.009925172,0.010829446
1219,0.000371858,0.001886399,0.009912345,0.010831431
1220,0.000371577,0.001887531,0.009899556,0.010836328
1221,0.000371123,0.001892133,0.009884372,0.010882504
1222,0.000370927,0.001891028,0.009872489,0.010899099
1223,0.000370402,0.001882974,0.009858742,0.01095984
1224,0.000369528,0.001880983,0.009843839,0.01093849
1225,0.000369067,0.001880715,0.009828898,0.010954097
1226,0.00036876,0.001879997,0.009814856,0.010948088
1227,0.000369046,0.001881246,0.00980174,0.010941987
1228,0.000369251,0.001878619,0.009788431,0.010944488
1229,0.000369164,0.001878232,0.009774031,0.010934684
1230,0.000368901,0.001881065,0.009760172,0.010928166
1231,0.000368235,0.001877741,0.00974663,0.010915616
1232,0.000367813,0.001879996,0.009732398,0.010924421
1233,0.000367314,0.001888016,0.009716476,0.010881473
1234,0.000367831,0.00189016,0.009701563,0.010865101
1235,0.000366893,0.001890111,0.009687786,0.010856138
1236,0.000366791,0.001891131,0.009672241,0.010866862
1237,0.000366319,0.001890527,0.009659129,0.010817348
1238,0.000366123,0.00189973,0.009643606,0.010780154
1239,0.000366587,0.001900226,0.009630368,0.010731905
1240,0.000366395,0.001899817,0.00961632,0.010738939
1241,0.000366689,0.001903612,0.009601851,0.010720644
1242,0.00036691,0.001905476,0.009586661,0.010728634
1243,0.000367143,0.001902885,0.009572968,0.01072372
1244,0.000366428,0.001900497,0.009558158,0.010699556
1245,0.000365785,0.001902285,0.009543827,0.010667059
1246,0.000366661,0.001901508,0.009529111,0.010650792
1247,0.000366863,0.001896949,0.00951339,0.010650849
1248,0.000366813,0.00189751,0.009497738,0.010674593
1249,0.000366103,0.001897279,0.00948382,0.010667758
1250,0.00036641,0.001889921,0.009468079,0.01065511
1251,0.000366813,0.001895137,0.009452908,0.01064825
1252,0.000367168,0.001896351,0.00943891,0.010646522
1253,0.000367395,0.001897998,0.009424344,0.010643217
1254,0.000367174,0.001896725,0.009409242,0.010637279
1255,0.000366775,0.001898842,0.009392814,0.010568258
1256,0.000366538,0.001898515,0.009377677,0.010562521
1257,0.000366422,0.001903882,0.009362607,0.010555212
1258,0.000366257,0.001905632,0.009347837,0.010570839
1259,0.000365456,0.001915,0.009332052,0.010603748
1260,0.000365159,0.001914967,0.009315376,0.010640501
1261,0.000364208,0.001914761,0.009301194,0.010643471
1262,0.000363292,0.001919775,0.009286669,0.010622382
1263,0.000362454,0.001919444,0.009272835,0.010638701
1264,0.000361721,0.001922571,0.009258328,0.01064541
1265,0.000361451,0.001921974,0.009244225,0.010644956
1266,0.000360802,0.001920211,0.009228347,0.010649907
1267,0.000360481,0.001923841,0.009212653,0.010630635
1268,0.000360186,0.00192515,0.009197414,0.01058346
1269,0.00036022,0.001926383,0.009181183,0.010566486
1270,0.000359777,0.001927554,0.009165275,0.010624613
1271,0.000359487,0.001930616,0.00914981,0.010609295
1272,0.000359719,0.001924939,0.009132721,0.010592198
1273,0.000358415,0.001924929,0.009119338,0.010594452
1274,0.000357973,0.001920024,0.009104392,0.010639724
1275,0.000357335,0.001920604,0.009088852,0.010623955
1276,0.000356804,0.001921238,0.009074052,0.010607377
1277,0.000356027,0.001921116,0.009057887,0.010630713
1278,0.000355737,0.001925597,0.00904132,0.010630715
1279,0.000355945,0.001927515,0.009023841,0.010651696
1280,0.000355946,0.001927283,0.009009636,0.010671337
1281,0.000355595,0.001929325,0.008992644,0.010758307
1282,0.000355482,0.001929545,0.008976786,0.010759098
1283,0.000356221,0.001936103,0.008959671,0.010746272
1284,0.000356312,0.001932862,0.008943526,0.010772281
1285,0.000355869,0.001929217,0.008927294,0.010756105
1286,0.000355935,0.001931493,0.008911185,0.010742396
1287,0.000355455,0.001938459,0.008896,0.010753039
1288,0.00035537,0.001937312,0.008880533,0.010758454
1289,0.000354671,0.001945657,0.00886456,0.010760092
1290,0.000355125,0.001945878,0.008847642,0.010737296
1291,0.000355031,0.001945858,0.008831682,0.010731283
1292,0.000354581,0.001947431,0.008816194,0.010731123
1293,0.000354462,0.001949251,0.00880089,0.010718388
1294,0.000353975,0.001951974,0.008784733,0.010678711
1295,0.000353401,0.001951173,0.008770584,0.010669819
1296,0.00035268,0.00195356,0.008754188,0.010663197
1297,0.000352084,0.001958945,0.008736826,0.010673366
1298,0.000352612,0.001962295,0.008720442,0.010669922
1299,0.000352391,0.00196317,0.008704647,0.01069354
1300,0.0003529,0.001966835,0.008731866,0.010703545
1301,0.000352665,0.001973137,0.008762002,0.010740355
1302,0.000352477,0.001973094,0.008792008,0.010723643
1303,0.000352464,0.00197259,0.008822074,0.010719935
1304,0.000351549,0.001972906,0.008853816,0.01072412
1305,0.000351667,0.001973021,0.008887769,0.010711533
1306,0.000350885,0.001972817,0.008922434,0.01068582
1307,0.000350745,0.001971733,0.008957985,0.010710901
1308,0.000349871,0.001967714,0.008994453,0.010721037
1309,0.000349735,0.001962455,0.009032115,0.010713363
1310,0.000350065,0.001959998,0.009069873,0.010697684
1311,0.000349937,0.001963657,0.009107993,0.010721758
1312,0.000349366,0.001959245,0.00914637,0.010725306
1313,0.000349727,0.00195836,0.00918878,0.010736353
1314,0.000350322,0.001962147,0.009231029,0.010731919
1315,0.000350453,0.001963988,0.009275584,0.010695587
1316,0.000350732,0.001967891,0.009319546,0.0106872
1317,0.000350662,0.001966126,0.009364336,0.010612204
1318,0.000351079,0.001968311,0.009410076,0.010612371
1319,0.000351016,0.001972611,0.00945825,0.010593056
1320,0.000350825,0.001970481,0.009505464,0.010616377
1321,0.000350971,0.001982503,0.009555819,0.01059681
1322,0.000350409,0.00198975,0.00960376,0.010619014
1323,0.000349568,0.001992509,0.009655224,0.010600619
1324,0.000350096,0.001995919,0.009670141,0.010581815
1325,0.000349828,0.001995828,0.009683951,0.010561346
1326,0.000350232,0.001993619,0.009699149,0.010533462
1327,0.000350229,0.001992301,0.009713087,0.010565068
1328,0.000349919,0.001993108,0.009726998,0.010564686
1329,0.000349976,0.001991787,0.009742282,0.010577748
1330,0.000349981,0.001996783,0.009755704,0.010586181
1331,0.000349585,0.001993376,0.009769192,0.010535033
1332,0.000348908,0.001997652,0.009782481,0.010511775
1333,0.000348894,0.001998925,0.009796535,0.010483256
1334,0.000348668,0.001997976,0.009808709,0.010459295
1335,0.000348377,0.002002244,0.009822695,0.010463368
1336,0.00034799,0.002004435,0.009835535,0.010462333
1337,0.000348482,0.00200459,0.009848142,0.01047891
1338,0.00034813,0.002003971,0.009860191,0.010433208
1339,0.000348523,0.002008744,0.009872544,0.010419827
1340,0.00034785,0.002005187,0.009885753,0.010441111
1341,0.00034814,0.00199871,0.009897969,0.010435432
1342,0.000347576,0.0020071,0.009909262,0.010443399
1343,0.000347516,0.002012352,0.009903596,0.01046948
1344,0.000347684,0.002015895,0.009896869,0.010456475
1345,0.000347356,0.002018982,0.009888511,0.010474115
1346,0.000347773,0.002017962,0.009878976,0.010459794
1347,0.000347166,0.002024922,0.009868877,0.010463912
1348,0.000346971,0.002027839,0.00985695,0.010465634
1349,0.00034632,0.002030546,0.009842718,0.010463043
1350,0.000345724,0.002026175,0.009826839,0.010481365
1351,0.000345367,0.0020269,0.009812877,0.010473989
1352,0.000345691,0.002026108,0.009797758,0.010483479
1353,0.00034581,0.00202396,0.009778965,0.010489469
1354,0.000345213,0.002026583,0.009759538,0.010554142
1355,0.000345043,0.00203615,0.009739774,0.010549818
1356,0.00034501,0.002032752,0.009719304,0.010562861
1357,0.000345589,0.002026237,0.009697319,0.010554893
1358,0.000345555,0.002019957,0.009673562,0.010577361
1359,0.000345081,0.002016833,0.009649973,0.0105451
1360,0.000345217,0.002016522,0.009622858,0.010540028
1361,0.000345727,0.002016006,0.009594249,0.010501772
1362,0.000345612,0.002015654,0.00956612,0.01049898
1363,0.000344805,0.002020558,0.009536929,0.010498276
1364,0.000345037,0.002020941,0.009505542,0.010489171
1365,0.000346262,0.002019613,0.009473523,0.010491501
1366,0.000345829,0.002023647,0.009440485,0.010464564
1367,0.000345636,0.00202442,0.009405166,0.010464954
1368,0.000344985,0.002024636,0.009394308,0.010450899
1369,0.000345025,0.002017495,0.009384646,0.010438615
1370,0.000345244,0.002016319,0.009372865,0.010415927
1371,0.000345665,0.002014322,0.009361762,0.010402508
1372,0.000344595,0.002013003,0.009350922,0.01038526
1373,0.000344482,0.002007886,0.009339534,0.01038629
1374,0.000344227,0.002010359,0.009330296,0.010403811
1375,0.000344303,0.00200809,0.009319437,0.010415559
1376,0.000343676,0.002004936,0.00930808,0.010370719
1377,0.000343609,0.001999856,0.009295857,0.010369066
1378,0.000343651,0.001997144,0.009283348,0.010362466
1379,0.0003435,0.001996041,0.00927354,0.010343885
1380,0.000344158,0.001996066,0.009262344,0.010312355
1381,0.000344005,0.00199777,0.009250635,0.010315272
1382,0.000343845,0.001994069,0.009239489,0.010311228
1383,0.000343517,0.001992052,0.009227907,0.010301259
1384,0.000343768,0.001990716,0.00921639,0.010315434
1385,0.000343707,0.001988925,0.009203681,0.010284373
1386,0.000344232,0.001988539,0.009192132,0.010279835
1387,0.000343774,0.001980176,0.009181927,0.010265485
1388,0.000343505,0.001978331,0.009171143,0.010263039
1389,0.0003434,0.001975828,0.009158402,0.010233399
1390,0.000343125,0.001972119,0.009146525,0.010228951
1391,0.00034248,0.001970959,0.009133908,0.010180393
1392,0.000342794,0.001967925,0.009121931,0.010186647
1393,0.00034298,0.001971069,0.009108683,0.010186793
1394,0.000342345,0.001969666,0.009094642,0.010198093
1395,0.000342472,0.001972061,0.009082123,0.010193694
1396,0.000341312,0.001970313,0.00907039,0.010171114
1397,0.000341324,0.001975018,0.009056348,0.010162306
1398,0.000341761,0.001973803,0.00904273,0.010154731
1399,0.000341329,0.001970571,0.009030603,0.010172484
1400,0.000340661,0.001969342,0.009018323,0.010156307
1401,0.000340358,0.001969101,0.009003973,0.010124603
1402,0.000340521,0.0019703,0.008989809,0.010119161
1403,0.000340109,0.001971049,0.008977914,0.010111655
1404,0.000339927,0.001971019,0.008963713,0.010104311
1405,0.000340023,0.001973429,0.008950147,0.010095991
1406,0.000340047,0.001970166,0.008935911,0.010089289
1407,0.000339001,0.00197407,0.008921958,0.010107817
1408,0.000338802,0.001977669,0.008907799,0.010039511
1409,0.000338984,0.001984682,0.008893603,0.010038723
1410,0.000338822,0.001981189,0.008880824,0.010059864
1411,0.000338726,0.001977356,0.008867668,0.010053162
1412,0.000338474,0.001982972,0.008853801,0.010031864
1413,0.000338318,0.001989692,0.008840294,0.010044062
1414,0.000338621,0.001992201,0.008827048,0.010054074
1415,0.000339072,0.001993672,0.008813607,0.010056361
1416,0.000338537,0.001986279,0.008800076,0.010036611
1417,0.000337631,0.001986424,0.00878782,0.009944189
1418,0.000337718,0.001985939,0.008775893,0.009937367
1419,0.000337783,0.001985999,0.008764009,0.009951586
1420,0.0003371,0.001990176,0.008750266,0.009916786
1421,0.000337083,0.001993301,0.008738495,0.009864732
1422,0.000336521,0.00199123,0.008726283,0.009865118
1423,0.000336579,0.001995001,0.008714129,0.009869689
1424,0.000336279,0.00199338,0.008701281,0.009872083
1425,0.000336395,0.001993582,0.008690314,0.009881465
1426,0.000336762,0.001990116,0.008678341,0.009884024
1427,0.000336255,0.001996713,0.008665649,0.009849681
1428,0.000336476,0.001998475,0.008653111,0.009842455
1429,0.000336616,0.001999697,0.008641121,0.009863437
1430,0.000336389,0.001999175,0.008629653,0.009893904
1431,0.000336266,0.002005661,0.008616968,0.009900984
1432,0.000335241,0.002002885,0.008606589,0.009933984
1433,0.000334724,0.002003071,0.008594587,0.009912727
1434,0.000334915,0.001999026,0.00857724,0.009915353
1435,0.000334714,0.0019985,0.008556232,0.00995456
1436,0.000335012,0.00199979,0.008531841,0.00994494
1437,0.000335341,0.001998699,0.008503882,0.009952617
1438,0.00033552,0.002001944,0.008471851,0.009967108
1439,0.00033552,0.002004881,0.008437559,0.009955132
1440,0.000335865,0.002003647,0.00839972,0.009933252
1441,0.000335364,0.002004727,0.008357364,0.009932766
1442,0.000334858,0.002006197,0.008311473,0.009920565
1443,0.000334769,0.002008847,0.008261905,0.009905166
1444,0.000334503,0.002010426,0.008207807,0.00986115
1445,0.000334556,0.002005728,0.008191208,0.009850405
1446,0.000334033,0.002002364,0.008174854,0.009843414
1447,0.000332689,0.002002315,0.008159833,0.009825276
1448,0.000332029,0.001997231,0.008144636,0.009819888
1449,0.000331671,0.00198915,0.008132998,0.009837328
1450,0.000331678,0.001986,0.008121904,0.009852995
1451,0.000331587,0.001987892,0.008111851,0.009895714
1452,0.000330885,0.001990271,0.008101749,0.009909073
1453,0.000330957,0.001994585,0.008094124,0.009867386
1454,0.000330168,0.001999422,0.008085999,0.00979438
1455,0.000329712,0.002008221,0.008079005,0.009771768
1456,0.000329379,0.002012851,0.008073582,0.009752502
1457,0.000329917,0.002021283,0.008069531,0.009720876
1458,0.000329667,0.002027319,0.008067862,0.00970511
1459,0.000328908,0.002021631,0.008066171,0.00969759
1460,0.00032868,0.002022787,0.008066171,0.009655908
1461,0.000328472,0.002022902,0.008066171,0.009657439
1462,0.000328475,0.002026855,0.008066171,0.009688148
1463,0.000328419,0.002025438,0.008066171,0.00967899
1464,0.000328625,0.00202101,0.008066171,0.009804485
1465,0.000328582,0.002018412,0.008066171,0.009807322
1466,0.000327861,0.002017312,0.008066171,0.009808043
1467,0.000327803,0.002017207,0.008066171,0.009768317
1468,0.000327776,0.002017502,0.008066171,0.00978494
1469,0.000328227,0.00201532,0.008066171,0.009670616
1470,0.000328174,0.002022462,0.008066171,0.009643551
1471,0.000328138,0.002026932,0.008066171,0.00964806
1472,0.000327793,0.00203073,0.008066171,0.009657341
1473,0.000327922,0.002030068,0.008066171,0.009647753
1474,0.000326968,0.002020506,0.008066171,0.009557554
1475,0.000326709,0.002025711,0.008066171,0.009531683
1476,0.000326246,0.002029209,0.008066171,0.009516799
1477,0.00032616,0.002018167,0.008066171,0.009485494
1478,0.000325591,0.002014633,0.008049734,0.0094572
1479,0.000324935,0.002015936,0.008030856,0.00946803
1480,0.000324041,0.002021353,0.008013982,0.009447324
1481,0.000323322,0.002021721,0.007995753,0.009375451
1482,0.00032293,0.002030962,0.007977627,0.009354363
1483,0.00032298,0.002025447,0.007959416,0.009349412
1484,0.000322804,0.002019536,0.007938887,0.009383348
1485,0.000322482,0.002017099,0.007920012,0.009380153
1486,0.000322324,0.002011913,0.007899519,0.009374358
1487,0.000322329,0.002010093,0.007878498,0.00939669
1488,0.000321278,0.002008937,0.007858452,0.009381466
1489,0.00032087,0.002004956,0.007838585,0.009400169
1490,0.000321186,0.00200605,0.007818249,0.009354712
1491,0.000321541,0.002002625,0.007796886,0.009347371
1492,0.000321666,0.002003862,0.007774471,0.009376152
1493,0.000321309,0.002004822,0.007751616,0.009390872
1494,0.000320113,0.002008469,0.007728707,0.009387131
1495,0.000319904,0.002013566,0.007705354,0.009361094
1496,0.000319532,0.002022638,0.00768091,0.009322836
1497,0.000319247,0.00202342,0.007656208,0.009298677
1498,0.000319576,0.002029714,0.007631363,0.009298731
1499,0.000319311,0.002037062,0.007606775,0.009138355
1500,0.000319276,0.002041362,0.007580904,0.009109912
1501,0.000319225,0.002051254,0.007555034,0.008997441
1502,0.000319394,0.002051875,0.007529372,0.008998516
1503,0.000319288,0.002058198,0.00750322,0.008846523
1504,0.000319147,0.002060552,0.007475512,0.008864245
1505,0.000318757,0.002057717,0.007447017,0.008873305
1506,0.000318258,0.002061682,0.007419664,0.008892388
1507,0.000318273,0.002058963,0.007392928,0.008896952
1508,0.000318051,0.002061796,0.007364075,0.008892336
1509,0.000317234,0.002061045,0.007335791,0.008814646
1510,0.00031679,0.002061815,0.007306065,0.008806
1511,0.0003166,0.002061943,0.007276673,0.008774199
1512,0.000316348,0.002060321,0.007245207,0.00876235
1513,0.000316241,0.002059843,0.007214715,0.008767325
1514,0.000316101,0.002064702,0.007183323,0.008762105
1515,0.00031576,0.002071925,0.007152913,0.008780995
1516,0.0003156,0.002067703,0.007123147,0.008771461
1517,0.000315023,0.002060774,0.00709108,0.008746494
1518,0.000314706,0.002065327,0.00705854,0.008756271
1519,0.000314729,0.002070237,0.00702531,0.008758356
1520,0.000314907,0.002075451,0.007006363,0.008767481
1521,0.000314553,0.002068579,0.006988121,0.008741287
1522,0.000314731,0.002064061,0.006970982,0.008731559
1523,0.00031439,0.002067421,0.006951307,0.008692799
1524,0.000313916,0.002069054,0.006931194,0.008693661
1525,0.00031356,0.002072022,0.006911352,0.008671018
1526,0.000313809,0.002068158,0.006890687,0.008678017
1527,0.00031454,0.002066376,0.006871665,0.008650596
1528,0.000314475,0.002066966,0.006851914,0.008641605
1529,0.000315377,0.002074025,0.006831881,0.008632892
1530,0.000315308,0.002075524,0.00680949,0.008652666
1531,0.000314932,0.00207647,0.006788793,0.008668177
1532,0.000314946,0.002079232,0.006767684,0.008652253
1533,0.000314103,0.002088964,0.006745926,0.00862997
1534,0.000314804,0.002093813,0.006723417,0.008626051
1535,0.000314736,0.002088994,0.00669964,0.00859106
1536,0.000315256,0.002091314,0.006699928,0.008561722
1537,0.000314659,0.002084453,0.006699923,0.008581776
1538,0.000314291,0.002092299,0.006701953,0.008566293
1539,0.000314484,0.002085329,0.006705867,0.008581633
1540,0.000314844,0.002088852,0.006707916,0.00857563
1541,0.000314858,0.002088632,0.006710661,0.008573252
1542,0.000314969,0.002087613,0.006713627,0.008576778
1543,0.000314106,0.002084983,0.006717183,0.00856051
1544,0.00031456,0.002084943,0.006721552,0.00856486
1545,0.000313752,0.002076171,0.006726724,0.00855416
1546,0.000313691,0.00207487,0.00673315,0.008539175
1547,0.000312855,0.002070314,0.006739609,0.008511303
1548,0.000313354,0.002065946,0.006744522,0.008493481
1549,0.000312597,0.002057448,0.006751955,0.008493028
1550,0.000312206,0.002061643,0.00675905,0.008513964
1551,0.000311933,0.002056667,0.006767038,0.008507537
1552,0.000311412,0.002056143,0.006775226,0.008500197
1553,0.000311087,0.002054193,0.006783653,0.008490382
1554,0.000310918,0.002044973,0.006792903,0.008485294
1555,0.000311028,0.002036962,0.006805656,0.008480155
1556,0.000310756,0.002038182,0.006816807,0.008484412
1557,0.000310358,0.002038379,0.006827084,0.008437988
1558,0.000309922,0.00203839,0.006839545,0.008413096
1559,0.000309234,0.002041834,0.006853763,0.008395742
1560,0.00030942,0.00203729,0.006867067,0.008383713
1561,0.000308967,0.002039027,0.006881189,0.008370348
1562,0.000308473,0.002032275,0.006896338,0.008367635
1563,0.000308322,0.002032194,0.006911364,0.008388068
1564,0.000308411,0.00203507,0.006926683,0.008392212
1565,0.000308091,0.002030889,0.006941692,0.008395321
1566,0.000308519,0.002030419,0.006957678,0.008395108
1567,0.000308315,0.002026731,0.006975575,0.008395395
1568,0.000307649,0.002024921,0.006992033,0.008376643
1569,0.000307731,0.002031173,0.007009873,0.008349954
1570,0.000307023,0.002025351,0.00702761,0.008363146
1571,0.000307312,0.002029494,0.00704683,0.008332495
1572,0.000306533,0.002028076,0.007069721,0.008329253
1573,0.000306282,0.002029955,0.007089957,0.008315827
1574,0.000305932,0.002027129,0.007110822,0.008308685
1575,0.000305532,0.002021904,0.007133066,0.008319306
1576,0.000305376,0.002016641,0.007154586,0.008289245
1577,0.000305656,0.002017847,0.007177703,0.008375339
1578,0.0003061,0.002014595,0.007200123,0.008352828
1579,0.00030531,0.002013425,0.007221776,0.008305658
1580,0.000305169,0.002012484,0.007243867,0.008324053
1581,0.000304962,0.002011663,0.007266493,0.008320956
1582,0.000304549,0.002017572,0.007289303,0.008357172
1583,0.000303634,0.002018441,0.007311182,0.008335601
1584,0.000303076,0.002020782,0.007332684,0.008332578
1585,0.000303081,0.00202068,0.007354516,0.008333647
1586,0.000303336,0.002022329,0.007377912,0.008327797
1587,0.000303104,0.00202441,0.007400944,0.008327319
1588,0.000303098,0.002032388,0.007423025,0.008322686
1589,0.000302746,0.002035136,0.007446065,0.008316405
1590,0.000302188,0.002041368,0.007468338,0.008308206
1591,0.000302245,0.002035785,0.007491822,0.008302604
1592,0.000301848,0.002033431,0.007515046,0.008292102
1593,0.000302114,0.002032901,0.007538597,0.00828763
1594,0.000302569,0.0020263,0.007562577,0.008270048
1595,0.000302272,0.00202618,0.007586863,0.008283815
1596,0.000301727,0.002035156,0.007611199,0.008272079
1597,0.000301342,0.002034058,0.007636465,0.008283223
1598,0.000300939,0.002043194,0.007662583,0.008270763
1599,0.000300019,0.002044233,0.007687831,0.008298443
1600,0.000299518,0.002035894,0.007712535,0.008302305
1601,0.000299605,0.002030728,0.007737979,0.008273151
1602,0.000299031,0.002027823,0.007762599,0.008268799
1603,0.000298957,0.002025933,0.00778729,0.0082523
1604,0.00029953,0.002020887,0.007812084,0.008235855
1605,0.000299762,0.002021248,0.007837763,0.008221227
1606,0.000299209,0.002020185,0.007864188,0.008207577
1607,0.000299209,0.002023097,0.007891384,0.00810548
1608,0.00029909,0.002024463,0.007918135,0.008103979
1609,0.000298595,0.002031926,0.007944614,0.008081396
1610,0.000298873,0.002031187,0.007970333,0.008082979
1611,0.000299194,0.002030527,0.007996673,0.008071004
1612,0.00029969,0.00202424,0.008023447,0.008065849
1613,0.000300087,0.002020701,0.008049923,0.008057698
1614,0.000299554,0.002028043,0.008077818,0.008058129
1615,0.000299716,0.002016298,0.008104108,0.008056446
1616,0.000299915,0.00201019,0.008130602,0.008017294
1617,0.000299862,0.002010887,0.008157938,0.008034158
1618,0.000299708,0.00200972,0.008186458,0.008026094
1619,0.000299672,0.002009148,0.008212642,0.008031911
1620,0.00029903,0.002009584,0.008239586,0.00802237
1621,0.000298778,0.002009422,0.008268042,0.007990094
1622,0.0002991,0.002009691,0.008295362,0.007985723
1623,0.000298941,0.002011929,0.008324585,0.00796635
1624,0.000298764,0.002008672,0.008352077,0.007957652
1625,0.000299336,0.002011084,0.008380922,0.007949604
1626,0.000299392,0.002005798,0.008409149,0.007995121
1627,0.000299125,0.002003507,0.008437864,0.008009563
1628,0.000299857,0.002003132,0.008465745,0.008015384
1629,0.00029938,0.002004827,0.008493391,0.008009335
1630,0.000299954,0.002002352,0.008522712,0.008010359
1631,0.00030018,0.001999655,0.008551322,0.008005975
1632,0.000300622,0.001998592,0.008579808,0.007998855
1633,0.000300873,0.002001343,0.008608309,0.007994605
1634,0.000300103,0.002002034,0.008636975,0.008009225
1635,0.000300681,0.001999961,0.008667323,0.008005698
1636,0.000300454,0.001999678,0.008696334,0.008018364
1637,0.000300643,0.00200255,0.008725723,0.008001512
1638,0.000300677,0.002005961,0.008756866,0.008008635
1639,0.000299981,0.002006916,0.008786584,0.008061983
1640,0.000299456,0.002008574,0.008816707,0.008047603
1641,0.000299803,0.002008264,0.008847204,0.008038944
1642,0.000299751,0.002006031,0.008877405,0.008099257
1643,0.000299553,0.002003155,0.008907484,0.00809825
1644,0.000299048,0.002000397,0.008938967,0.008092428
1645,0.000299263,0.001999897,0.00896996,0.008110008
1646,0.000299215,0.001994808,0.009000471,0.008111838
1647,0.000299244,0.001994757,0.009030624,0.008107513
1648,0.000299538,0.001991833,0.009061048,0.008135346
1649,0.000299046,0.001990133,0.009091691,0.008151172
1650,0.000298866,0.001991449,0.009121735,0.00815837
1651,0.000299184,0.00198851,0.009154067,0.008168927
1652,0.000298897,0.001989527,0.00918584,0.008170498
1653,0.000299106,0.001991547,0.009218025,0.00815624
1654,0.000298732,0.001992724,0.009249076,0.008175579
1655,0.000299348,0.001992818,0.009280863,0.00818047
1656,0.000299507,0.001993158,0.009312932,0.008177722
1657,0.000299573,0.001994234,0.009345338,0.008147877
1658,0.000299444,0.001991148,0.009377691,0.00818577
1659,0.000299194,0.001989567,0.009409502,0.008204476
1660,0.000299406,0.001986298,0.009442958,0.008200868
1661,0.000299015,0.001979517,0.009476303,0.008214651
1662,0.000299069,0.001972134,0.009492649,0.00834389
1663,0.000298977,0.001966004,0.009510656,0.0083288
1664,0.000298849,0.001962365,0.009528198,0.008327009
1665,0.000299043,0.001962962,0.009546536,0.008349991
1666,0.000298317,0.001957364,0.009562378,0.008406256
1667,0.000297937,0.001948084,0.009579607,0.008391131
1668,0.000297664,0.00194205,0.009596188,0.00835043
1669,0.000297776,0.001937239,0.009612299,0.008344965
1670,0.000297371,0.001938586,0.009626597,0.008397738
1671,0.000297192,0.001940818,0.009642336,0.008406315
1672,0.000297032,0.001942799,0.009659143,0.00841864
1673,0.00029658,0.001943626,0.009677195,0.0084887
1674,0.00029605,0.001937194,0.009692502,0.00851659
1675,0.000295875,0.001929293,0.009707671,0.008519327
1676,0.000295763,0.001938164,0.009724906,0.008530884
1677,0.000296025,0.00193492,0.009740665,0.008515067
1678,0.000295717,0.001927839,0.009755601,0.008510213
1679,0.000295501,0.001923677,0.009771208,0.008526922
1680,0.000295266,0.001922671,0.009786834,0.008528661
1681,0.000295228,0.001924153,0.009802688,0.008500549
1682,0.00029543,0.001919901,0.009818367,0.008541248
1683,0.000295273,0.001920696,0.009832338,0.00854037
1684,0.000294707,0.001923797,0.00984561,0.008476637
1685,0.00029535,0.001921463,0.009860216,0.00847566
1686,0.000295092,0.001914644,0.009874461,0.008434794
1687,0.000295243,0.001913535,0.009889209,0.008433096
1688,0.000294788,0.001912721,0.009904901,0.008442134
1689,0.000293983,0.001915111,0.009897999,0.008457319
1690,0.000293303,0.001909664,0.009887843,0.008461787
1691,0.000293509,0.001901165,0.009878182,0.008457422
1692,0.000293581,0.001902309,0.009868822,0.008456048
1693,0.000293224,0.001904489,0.009858938,0.00849838
1694,0.000293343,0.0019081,0.009848886,0.008517346
1695,0.000292643,0.001897981,0.009838088,0.008480294
1696,0.000292822,0.001894195,0.009827952,0.008487569
1697,0.000292569,0.001882192,0.009817235,0.008487091
1698,0.000293007,0.00188476,0.009806076,0.008504731
1699,0.000293305,0.001886564,0.009795021,0.008460431
1700,0.000292995,0.001885965,0.009782034,0.008466506
1701,0.000292825,0.00188948,0.009768012,0.00836082
1702,0.000292293,0.001885271,0.009754198,0.008357134
1703,0.000291794,0.001879393,0.009742981,0.008351083
1704,0.000291842,0.001880843,0.009729912,0.008344468
1705,0.000292031,0.001879181,0.00971808,0.008338713
1706,0.000291593,0.001878563,0.009704063,0.008392371
1707,0.000292136,0.001878719,0.0096892,0.008367609
1708,0.000292386,0.001878113,0.009675592,0.008360614
1709,0.000292717,0.001878102,0.009661935,0.008379561
1710,0.00029225,0.001874529,0.009647296,0.008380796
1711,0.000292074,0.001872659,0.00963226,0.008374713
1712,0.000291623,0.001861771,0.009615854,0.008381336
1713,0.000291605,0.001859252,0.009600753,0.008381009
1714,0.000291039,0.001858514,0.00958462,0.008384751
1715,0.000291102,0.001855306,0.009568156,0.008394603
1716,0.000290999,0.001856874,0.009551787,0.008415853
1717,0.000290903,0.001856077,0.009535272,0.008410987
1718,0.000291065,0.001851144,0.00951861,0.008419312
1719,0.000291159,0.001845161,0.009500451,0.00839399
1720,0.00029149,0.001841778,0.00948305,0.008382278
1721,0.000291384,0.001837211,0.009465651,0.008441965
1722,0.000291176,0.001838141,0.009446554,0.00840637
1723,0.00029136,0.001838954,0.009427838,0.00834262
1724,0.000291632,0.001840005,0.009410421,0.008381685
1725,0.00029224,0.001840214,0.009391156,0.008368057
1726,0.000292033,0.001841144,0.00937074,0.008366335
1727,0.000291733,0.001837442,0.009352171,0.008365939
1728,0.000291515,0.001837497,0.009331746,0.008383657
1729,0.00029113,0.001833006,0.00931158,0.008372652
1730,0.000290792,0.001829459,0.009290383,0.008363304
1731,0.000290523,0.001829068,0.009267695,0.008357907
1732,0.000290405,0.001831847,0.009246756,0.00834615
1733,0.000290228,0.00182243,0.009226075,0.008341941
1734,0.000289756,0.001815949,0.009204929,0.008342455
1735,0.000289951,0.001812758,0.009182721,0.008348887
1736,0.000290431,0.001811104,0.009159175,0.008357408
1737,0.000290042,0.001812191,0.009134678,0.008367181
1738,0.000289356,0.001800076,0.009112814,0.008369845
1739,0.000288908,0.001798086,0.009086501,0.008367686
1740,0.000288263,0.00179947,0.009063912,0.008381853
1741,0.000287948,0.001793459,0.009039126,0.008373533
1742,0.000287695,0.001793224,0.009015778,0.008362221
1743,0.000287373,0.001789808,0.008990374,0.008440222
1744,0.000287101,0.001784857,0.008966512,0.008441985
1745,0.000286709,0.001782296,0.008942107,0.008472389
1746,0.000286203,0.001779707,0.008916739,0.008482657
1747,0.000286284,0.001786014,0.008890412,0.008473427
1748,0.0002861,0.001778528,0.008865794,0.008462101
1749,0.000285585,0.001777546,0.008840461,0.008460871
1750,0.000284715,0.001777049,0.008814016,0.008490487
1751,0.000284102,0.001773816,0.008785405,0.008514369
1752,0.000283516,0.001772987,0.008759199,0.008549191
1753,0.00028302,0.001772675,0.008731118,0.008559533
1754,0.000282867,0.001776072,0.00870322,0.008565221
1755,0.000282947,0.001772314,0.008675836,0.008562407
1756,0.000282519,0.001771733,0.008646921,0.008552693
1757,0.000282737,0.001765971,0.008617862,0.008606661
1758,0.000282439,0.001757937,0.00858911,0.00857186
1759,0.00028281,0.001748811,0.008560093,0.008542396
1760,0.000282564,0.00175407,0.008531275,0.008500094
1761,0.000282365,0.001760933,0.00850175,0.008583062
1762,0.000282423,0.001755988,0.008470751,0.008591435
1763,0.000282755,0.001760918,0.008438895,0.008572114
1764,0.000282898,0.001757087,0.008408737,0.008553984
1765,0.00028253,0.001759315,0.008376795,0.008546976
1766,0.000282844,0.001760828,0.00834495,0.008533708
1767,0.0002828,0.00175585,0.008312795,0.008525942
1768,0.000282356,0.001754696,0.008279295,0.008519326
1769,0.000281942,0.001760188,0.008247116,0.008542693
1770,0.000282036,0.00176348,0.008213695,0.008454714
1771,0.000281908,0.00175962,0.008179783,0.008450734
1772,0.000282081,0.001758992,0.008148094,0.008444657
1773,0.000282121,0.001763832,0.008113483,0.008434263
1774,0.000282121,0.001765358,0.008078463,0.008379624
1775,0.000282384,0.001762322,0.008044004,0.008386196
1776,0.000282523,0.001764062,0.008009044,0.008391928
1777,0.00028286,0.00177122,0.007973617,0.008368922
1778,0.00028274,0.001768528,0.007937883,0.008358874
1779,0.000282417,0.0017663,0.007902478,0.008326078
1780,0.000282387,0.001768457,0.007865633,0.008321258
1781,0.000282627,0.001774001,0.007830166,0.008267988
1782,0.00028271,0.001774774,0.007793648,0.008266151
1783,0.000281847,0.001772649,0.007758649,0.008253335
1784,0.000281731,0.001774988,0.007721813,0.008217626
1785,0.000282405,0.001774799,0.007685346,0.008241949
1786,0.000282093,0.001774538,0.00764896,0.008241026
1787,0.000282214,0.001770274,0.007610009,0.008222234
1788,0.00028188,0.001771571,0.007569738,0.008212793
1789,0.000281763,0.001763081,0.007530459,0.008192459
1790,0.000280977,0.001763167,0.007491032,0.008185004
1791,0.000280793,0.001765312,0.007451485,0.008179422
1792,0.000280728,0.001763464,0.007411043,0.008195752
1793,0.000280313,0.001760611,0.007370343,0.008224549
1794,0.000280952,0.001764877,0.007331031,0.008198769
1795,0.000280437,0.001762997,0.007289254,0.008199038
1796,0.000280625,0.001763471,0.007248615,0.008197915
1797,0.000280393,0.001758969,0.007207141,0.008187704
1798,0.000279786,0.001755414,0.007163993,0.008195995
1799,0.000279285,0.001753153,0.007123309,0.008166447
1800,0.000278491,0.001751873,0.007081728,0.008147302
1801,0.000278021,0.001744047,0.007039091,0.008106118
1802,0.000277524,0.001743451,0.006996937,0.008075452
1803,0.000278091,0.001745591,0.006954942,0.008084149
1804,0.000278027,0.001744862,0.006912924,0.008093005
1805,0.000277802,0.001743972,0.00686974,0.008093499
1806,0.000277589,0.00174211,0.006826434,0.008062518
1807,0.000277173,0.001739517,0.00678382,0.008032842
1808,0.000277592,0.001739477,0.006739022,0.008040854
1809,0.000277041,0.001739082,0.006694144,0.00803207
1810,0.000276724,0.001739689,0.006650611,0.008050954
1811,0.000276334,0.001740795,0.006605652,0.00807185
1812,0.000276485,0.001745205,0.006561447,0.00807119
1813,0.00027592,0.001744009,0.006516872,0.008046212
1814,0.000276083,0.001739603,0.006469447,0.008046111
1815,0.000276051,0.001746016,0.0064222,0.008061567
1816,0.000275873,0.001743625,0.006374542,0.008060642
1817,0.000275902,0.001739447,0.006326686,0.008096675
1818,0.000275,0.00173718,0.006279311,0.008109818
1819,0.000275197,0.001734507,0.006230084,0.008107853
1820,0.000275346,0.001739192,0.006183548,0.008100878
1821,0.000274805,0.001729311,0.006134851,0.008104702
1822,0.000275616,0.001722834,0.006087148,0.008081049
1823,0.000275595,0.001721566,0.006037648,0.00810931
1824,0.000274783,0.001717741,0.00602565,0.008129292
1825,0.000275038,0.001718814,0.006014023,0.00812165
1826,0.000274241,0.001725206,0.006001416,0.008155569
1827,0.000274191,0.001734041,0.005989726,0.008181948
1828,0.000274582,0.001739134,0.005978034,0.008180055
1829,0.000274181,0.001737155,0.005976342,0.008160151
1830,0.000273818,0.001733666,0.005975037,0.008155987
1831,0.000273959,0.001739887,0.005974777,0.008173074
1832,0.000273772,0.001735413,0.005975485,0.008172184
1833,0.000273023,0.001734977,0.005975886,0.008168209
1834,0.000272281,0.00173676,0.00597794,0.00815612
1835,0.000272076,0.001738713,0.005978765,0.008153672
1836,0.00027219,0.001734915,0.005980669,0.008172762
1837,0.000272178,0.001743057,0.005982075,0.008153867
1838,0.00027263,0.001742172,0.005986095,0.008152287
1839,0.000272042,0.001743777,0.005989623,0.008155095
1840,0.00027216,0.001743535,0.005991748,0.008104553
1841,0.000271896,0.001745559,0.005996685,0.008095989
1842,0.000271771,0.001736688,0.006002275,0.008081493
1843,0.000271738,0.001736727,0.00600708,0.008051236
1844,0.000271645,0.001732642,0.006012888,0.008070279
1845,0.000271635,0.001733295,0.006019047,0.008090011
1846,0.000271185,0.001734742,0.006026049,0.008101261
1847,0.000271085,0.001732945,0.006032007,0.008100831
1848,0.00027114,0.001737578,0.006038591,0.008098637
1849,0.000271129,0.001738109,0.006046362,0.008168927
1850,0.000270996,0.001739131,0.006055287,0.008157602
1851,0.000271117,0.001739144,0.006061951,0.008152656
1852,0.000270898,0.001738964,0.00607036,0.008155011
1853,0.000271194,0.001748547,0.006079459,0.008131166
1854,0.000271233,0.001747571,0.006089678,0.008071753
1855,0.000271446,0.001743308,0.006098152,0.008068061
1856,0.000271422,0.001740684,0.006107715,0.008050734
1857,0.000271267,0.001753903,0.006117942,0.008062787
1858,0.000271409,0.001763622,0.006128588,0.008028441
1859,0.000271353,0.001761073,0.006138959,0.008025988
1860,0.000270837,0.001757575,0.00615125,0.008033545
1861,0.000270511,0.001771673,0.006165726,0.008056094
1862,0.000270011,0.001771463,0.006179626,0.008045426
1863,0.00026999,0.001771238,0.006193101,0.008027736
1864,0.000269793,0.001769176,0.006206307,0.008017081
1865,0.000269483,0.001770131,0.006219674,0.008014707
1866,0.000269475,0.001770176,0.00623454,0.008030918
1867,0.000269696,0.001778802,0.006250569,0.008031089
1868,0.000270326,0.001778182,0.006268364,0.008048203
1869,0.0002702,0.001780223,0.00628499,0.008058177
1870,0.000270121,0.001783491,0.006302821,0.008057464
1871,0.000270054,0.001781967,0.006319487,0.008051313
1872,0.000269748,0.001795111,0.006336999,0.008069933
1873,0.000269915,0.001803322,0.006355588,0.008061874
1874,0.000269833,0.001812936,0.006372302,0.008057021
1875,0.000269478,0.001815759,0.006390806,0.008020711
1876,0.000269743,0.001826192,0.006411456,0.008033498
1877,0.000268872,0.001826154,0.006430553,0.008032264
1878,0.000268361,0.001826441,0.006451375,0.008053749
1879,0.000268401,0.001822278,0.006470824,0.008060691
1880,0.000267876,0.001819938,0.006490762,0.008068916
1881,0.000267768,0.001822086,0.006511532,0.008103642
1882,0.000268187,0.001821772,0.006533972,0.008111811
1883,0.000268121,0.001819756,0.006555684,0.008101222
1884,0.000268222,0.001820388,0.006577466,0.008100967
1885,0.000267571,0.001823789,0.006601556,0.008111565
1886,0.000267425,0.001825299,0.006624072,0.00810612
1887,0.000267309,0.001826009,0.006646915,0.008142923
1888,0.000267518,0.001822465,0.006670807,0.008144667
1889,0.000267836,0.001821899,0.006695821,0.008147769
1890,0.000267806,0.001821394,0.006720332,0.008135929
1891,0.000267873,0.00182258,0.006743802,0.008141848
1892,0.000267547,0.001822196,0.006769045,0.008162799
1893,0.000267505,0.001820332,0.006796309,0.008155768
1894,0.000267254,0.001819168,0.006824508,0.008139705
1895,0.000266769,0.001824745,0.006851212,0.008142803
1896,0.000267129,0.001830995,0.006878459,0.008142394
1897,0.000267029,0.001832598,0.006907374,0.008181793
1898,0.000267026,0.001834611,0.006934507,0.008178404
1899,0.000267452,0.001841759,0.006962181,0.008157284
1900,0.000267701,0.001854185,0.006989979,0.008162148
1901,0.000267514,0.001852573,0.007020281,0.008160444
1902,0.000267176,0.001858997,0.007051188,0.008158878
1903,0.000266862,0.001860684,0.007081749,0.008158088
1904,0.000266897,0.001861686,0.0071139,0.008183498
1905,0.000266819,0.001860755,0.007144787,0.008198929
1906,0.000266393,0.00186263,0.007176737,0.008206962
1907,0.000266709,0.001868455,0.007208938,0.008183744
1908,0.000266935,0.001867807,0.007242166,0.008222504
1909,0.000266995,0.001866721,0.007274743,0.008246573
1910,0.000267102,0.001867685,0.007307804,0.008232357
1911,0.000267025,0.001871815,0.007340645,0.008227579
1912,0.000267274,0.001864294,0.007375044,0.008242228
1913,0.000266666,0.001868561,0.00740862,0.008270632
1914,0.000266427,0.001867508,0.007442249,0.008258819
1915,0.000266641,0.001870949,0.007475554,0.008257293
1916,0.000267001,0.001871034,0.007510711,0.008261339
1917,0.000267648,0.001877361,0.007545106,0.008247434
1918,0.000268062,0.001876393,0.007580084,0.008290327
1919,0.000268131,0.00188418,0.007615088,0.00832556
1920,0.000267954,0.001884121,0.007650484,0.008327088
1921,0.000267655,0.001888232,0.007684966,0.008339059
1922,0.000267936,0.001890256,0.007720466,0.008341318
1923,0.000267819,0.001891113,0.007756019,0.008325868
1924,0.00026778,0.001891665,0.007793927,0.008320158
1925,0.000267667,0.001886786,0.007831544,0.008307643
1926,0.000267299,0.001885907,0.007868821,0.008303454
1927,0.000267368,0.001886624,0.007907668,0.008323105
1928,0.000266674,0.001891037,0.00794598,0.00829651
1929,0.000266685,0.001896033,0.007982839,0.008270067
1930,0.000266828,0.001909046,0.008019983,0.008233025
1931,0.000267292,0.001906303,0.008058378,0.008228585
1932,0.000266986,0.001912629,0.008096789,0.008179849
1933,0.000266361,0.001916638,0.008135629,0.008184295
1934,0.000266082,0.001918732,0.008174038,0.008144523
1935,0.000265468,0.001929461,0.008214414,0.008099408
1936,0.000265227,0.001926135,0.008253611,0.008089674
1937,0.000265348,0.001925174,0.008294006,0.008097782
1938,0.000264964,0.00192689,0.008334866,0.008085022
1939,0.000265038,0.001923151,0.008374637,0.008127247
1940,0.00026469,0.001926366,0.008415403,0.008131582
1941,0.000264582,0.001925419,0.008457072,0.008135392
1942,0.00026435,0.001924278,0.008498901,0.008153558
1943,0.000264517,0.001927742,0.008540519,0.008173543
1944,0.000264929,0.001935962,0.008582182,0.008165028
1945,0.000264918,0.001946945,0.008623855,0.008145051
1946,0.000265234,0.001946043,0.008666544,0.008139188
1947,0.000265838,0.001947593,0.008709037,0.008109065
1948,0.00026628,0.001949024,0.008722023,0.008116591
1949,0.000266542,0.001952871,0.008734492,0.00815159
1950,0.0002669,0.001967054,0.008746259,0.008132004
1951,0.000267121,0.001967175,0.008758656,0.008091718
1952,0.000267266,0.001973488,0.008772239,0.008078055
1953,0.000267844,0.001975179,0.008784173,0.008082391
1954,0.000268233,0.001973136,0.008795874,0.008089437
1955,0.000268631,0.001967158,0.0088077,0.008095757
1956,0.000268903,0.001961928,0.00881941,0.008112626
1957,0.000268612,0.001953743,0.008830761,0.008109937
1958,0.000268326,0.001960645,0.008842757,0.008151486
1959,0.000268707,0.001960068,0.00885441,0.008144385
1960,0.000268397,0.001960682,0.008866486,0.008152612
1961,0.000268,0.001972606,0.008878051,0.00811838
1962,0.00026831,0.001973166,0.008889213,0.008109089
1963,0.000268042,0.001970483,0.008898764,0.00810239
1964,0.000268111,0.001971894,0.008909668,0.007941552
1965,0.000267963,0.001976679,0.008919889,0.007953458
1966,0.000268046,0.001975849,0.008931094,0.007961215
1967,0.000267888,0.001980244,0.008941508,0.007966983
1968,0.000267685,0.001982154,0.008951248,0.007930702
1969,0.000267131,0.001981126,0.008961,0.007925046
1970,0.000266958,0.001975853,0.008970195,0.007901299
1971,0.000266599,0.001976378,0.008979676,0.007875962
1972,0.000266786,0.001976329,0.008989582,0.007849277
1973,0.000266799,0.00198266,0.008999914,0.007871391
1974,0.000267026,0.001987124,0.009009687,0.007870466
1975,0.000267058,0.001983067,0.009019516,0.007867531
1976,0.000266719,0.001993547,0.009029263,0.007880757
1977,0.000266285,0.001997942,0.009038094,0.007866145
1978,0.000266757,0.001990191,0.009047942,0.007870581
1979,0.000266698,0.001997678,0.009055846,0.00786522
1980,0.000266549,0.001997456,0.009064573,0.007890811
1981,0.000266483,0.002008717,0.009072749,0.007884305
1982,0.000266259,0.00200778,0.00907986,0.007879092
1983,0.000266065,0.002018557,0.009089182,0.007898746
1984,0.000266841,0.002021794,0.009096009,0.007869516
1985,0.000266656,0.002030794,0.009104442,0.007866347
1986,0.000266919,0.002029792,0.009113452,0.007874734
1987,0.000266844,0.002024454,0.009121037,0.007859673
1988,0.000266527,0.002027903,0.009128549,0.007843375
1989,0.000266719,0.002033453,0.009134774,0.007817604
1990,0.000266128,0.002040236,0.009141921,0.007811052
1991,0.000265993,0.00205604,0.009150035,0.007814236
1992,0.000266449,0.002058312,0.009156742,0.00784455
1993,0.000266403,0.002055851,0.009163026,0.007835677
1994,0.000266408,0.002055263,0.009168309,0.007835109
1995,0.000266973,0.002054209,0.009175783,0.007829173
1996,0.000267033,0.002044033,0.00918256,0.007826071
1997,0.000267386,0.002049765,0.009188744,0.007832567
1998,0.000266429,0.002049078,0.009195666,0.007835222
1999,0.000266903,0.002043444,0.00920144,0.007847045
2000,0.000266547,0.002045324,0.009207196,0.007838757
2001,0.000266924,0.002036339,0.009214409,0.007836657
2002,0.000267083,0.002041559,0.009219536,0.007844439
2003,0.000266824,0.002040595,0.009225298,0.007862537
2004,0.000267001,0.002039784,0.009230885,0.007839636
2005,0.000267079,0.002045737,0.009236254,0.007830549
2006,0.000266988,0.00204749,0.00924143,0.007809234
2007,0.000266757,0.002052624,0.009245627,0.007796174
2008,0.000266889,0.002051741,0.009250448,0.007805255
2009,0.000267071,0.002059743,0.009255069,0.007788164
2010,0.000267644,0.002065513,0.009259278,0.00776502
2011,0.000267551,0.002069537,0.009263248,0.007755842
2012,0.000267967,0.002073882,0.009266974,0.007763084
2013,0.000268063,0.002079087,0.009270692,0.007759328
2014,0.00026786,0.002086233,0.009275067,0.007755609
2015,0.000268349,0.002085556,0.009279068,0.007721123
2016,0.000268543,0.002085743,0.009283981,0.007717377
2017,0.000268763,0.002089537,0.009288083,0.007722892
2018,0.000268754,0.002089559,0.009291279,0.007712439
2019,0.000268277,0.002087057,0.009294381,0.00770949
2020,0.000268637,0.002081592,0.009283738,0.00769562
2021,0.000268759,0.002090446,0.009272231,0.007703087
2022,0.000268495,0.002094935,0.00925953,0.007691206
2023,0.000268326,0.002091915,0.009248707,0.007690091
2024,0.000268364,0.002102058,0.009236337,0.007651348
2025,0.000268421,0.002099447,0.009224386,0.007657071
2026,0.000268438,0.002108922,0.009211647,0.007642755
2027,0.000267683,0.002108985,0.00919667,0.007661355
2028,0.000268161,0.002111935,0.009183544,0.007660948
2029,0.00026748,0.002108282,0.009168639,0.007664555
2030,0.00026713,0.00210971,0.009155549,0.007658001
2031,0.000266815,0.002107818,0.009141689,0.007657676
2032,0.000266192,0.002105015,0.009127302,0.007660817
2033,0.000266402,0.002100729,0.009112133,0.007663247
2034,0.000265648,0.002097635,0.00909726,0.007683582
2035,0.000265701,0.002102757,0.00908172,0.007672359
2036,0.000265459,0.002106085,0.009066001,0.007678373
2037,0.00026521,0.002119825,0.009051442,0.007653974
2038,0.000265007,0.002115947,0.009037194,0.007655316
2039,0.000264598,0.002122247,0.009019042,0.007654827
2040,0.000264463,0.002118469,0.009002368,0.007670636
2041,0.000264102,0.002122334,0.00898603,0.0077096
2042,0.00026413,0.0021253,0.008970069,0.007728458
2043,0.000264582,0.002127401,0.008953115,0.007726576
2044,0.000264373,0.002124604,0.008937494,0.007750901
2045,0.000264311,0.002127955,0.008920608,0.007779212
2046,0.000264168,0.00214067,0.008901767,0.007788613
2047,0.000264567,0.002140446,0.008883937,0.007808389
2048,0.000264137,0.00214705,0.008866691,0.007805053
2049,0.000264275,0.002153426,0.008849127,0.007795652
2050,0.000264086,0.002147921,0.008830281,0.0077908
2051,0.000264179,0.00214578,0.008812481,0.007874038
2052,0.000264686,0.002150476,0.008794341,0.00790241
2053,0.00026478,0.002158575,0.008776384,0.007932291
2054,0.000264632,0.002164748,0.008758386,0.007939242
2055,0.00026504,0.002163816,0.008738377,0.007941275
2056,0.00026475,0.002161555,0.008719395,0.007942171
2057,0.000265334,0.002161339,0.008700403,0.007971717
2058,0.00026548,0.002158982,0.008681458,0.007972484
2059,0.000265725,0.002167237,0.008661533,0.007982681
2060,0.000265896,0.002168386,0.008641893,0.007990386
2061,0.000265865,0.002168156,0.008621983,0.00799563
2062,0.000266361,0.002170255,0.008602039,0.008004233
2063,0.000266553,0.002170638,0.008582284,0.007968427
2064,0.000266211,0.002171162,0.008562476,0.00799162
2065,0.000266555,0.002174402,0.00854335,0.007988682
2066,0.000266354,0.002173834,0.008523288,0.008017847
2067,0.000265784,0.002177391,0.008501377,0.00799903
2068,0.000265564,0.002175525,0.008481534,0.008002145
2069,0.000265557,0.00216749,0.008460753,0.008029045
2070,0.000265213,0.002168109,0.008439628,0.008012973
2071,0.000265068,0.00216449,0.008417815,0.00798151
2072,0.000265504,0.002173427,0.008394924,0.007986658
2073,0.000265435,0.002173269,0.008373875,0.008000777
2074,0.00026539,0.00217856,0.008353009,0.00799705
2075,0.000264956,0.002177788,0.008330765,0.007996256
2076,0.000264976,0.002182862,0.008308941,0.007991999
2077,0.000265042,0.002177291,0.008285824,0.007902651
2078,0.000265319,0.002180202,0.008263404,0.00789923
2079,0.000265215,0.002180862,0.008241751,0.007915925
2080,0.000265384,0.002182497,0.00821966,0.007962049
2081,0.000265335,0.00217825,0.008197034,0.007974648
2082,0.00026528,0.002176066,0.008174224,0.007943528
2083,0.000265693,0.002170235,0.008152345,0.00794556
2084,0.000265835,0.002168571,0.008130843,0.007948053
2085,0.000265811,0.002175966,0.008109011,0.00796392
2086,0.000266141,0.002183773,0.008085615,0.00796413
2087,0.000265783,0.002182433,0.008062583,0.007962454
2088,0.00026517,0.002173329,0.008040502,0.007997999
2089,0.000265826,0.002168425,0.008017462,0.007981399
2090,0.00026608,0.002161084,0.007995189,0.00800495
2091,0.000265975,0.002160885,0.007971705,0.008025753
2092,0.000265686,0.002158378,0.007948481,0.008013893
2093,0.000265344,0.002160556,0.00792493,0.00803441
2094,0.000264513,0.002162211,0.00790095,0.008033343
2095,0.000264567,0.002163172,0.007888795,0.008023843
2096,0.0002649,0.002153811,0.007875815,0.008017705
2097,0.000264714,0.002149026,0.007863119,0.008037453
2098,0.000264786,0.002139554,0.007849897,0.008044367
2099,0.000265303,0.002135332,0.007839578,0.008016666
2100,0.000265666,0.002132751,0.00782934,0.008015122
2101,0.000265718,0.002137258,0.007819654,0.008018918
2102,0.000265354,0.002131115,0.007811562,0.008045148
2103,0.000264892,0.002134803,0.007803139,0.00806045
2104,0.000264465,0.002133487,0.007794824,0.008060199
2105,0.000263937,0.002129638,0.007787588,0.008074271
2106,0.000263978,0.002129366,0.007779515,0.008077163
2107,0.000263774,0.002130238,0.007770221,0.008075697
2108,0.000263505,0.00212591,0.007762989,0.008060225
2109,0.000263798,0.002119859,0.007755804,0.008065225
2110,0.000263107,0.002119484,0.007750632,0.008059521
2111,0.000262795,0.002115147,0.007745593,0.008085901
2112,0.000261944,0.002111052,0.007739577,0.008121127
2113,0.000261711,0.00211091,0.007735226,0.008119229
2114,0.000261212,0.00210498,0.007727709,0.00811096
2115,0.000261175,0.002104386,0.007724618,0.008116082
2116,0.000261281,0.002101931,0.007720219,0.008116385
2117,0.000261359,0.002101645,0.007718397,0.008098548
2118,0.00026097,0.002102653,0.007714508,0.008113753
2119,0.00026087,0.002098933,0.007712849,0.008077322
2120,0.000260692,0.002097942,0.00771208,0.008073942
2121,0.00026053,0.002096878,0.00770908,0.0080914
2122,0.000260216,0.00209461,0.007708321,0.008089599
2123,0.000260729,0.002093294,0.007705915,0.008107858
2124,0.000260924,0.002098083,0.007705947,0.008117204
2125,0.000260391,0.002096685,0.007704782,0.008141293
2126,0.000260172,0.00210122,0.007705399,0.008081475
2127,0.000260271,0.002100874,0.007705289,0.008072906
2128,0.000259421,0.00209671,0.007707087,0.008087837
2129,0.000259672,0.002098083,0.007709965,0.008074956
2130,0.00025935,0.002097781,0.007710896,0.00806733
2131,0.000259202,0.002101047,0.007713983,0.008086729
2132,0.000258534,0.00210112,0.007717488,0.008130244
2133,0.000257501,0.00209703,0.007720992,0.008151091
2134,0.000257814,0.002102039,0.007724695,0.008126176
2135,0.000257321,0.002104408,0.007727536,0.008155495
2136,0.000257211,0.002105437,0.007731977,0.008131683
2137,0.000257391,0.002101438,0.007736521,0.008158151
2138,0.000257417,0.002097521,0.007740073,0.008159334
2139,0.000257378,0.002097039,0.007745518,0.008115619
2140,0.000257253,0.002095071,0.007751286,0.008134714
2141,0.00025703,0.0020918,0.007758049,0.008125452
2142,0.00025692,0.002090353,0.0077653,0.008064874
2143,0.000256647,0.002088662,0.007773152,0.008055598
2144,0.000257083,0.00208773,0.007779906,0.008056132
2145,0.000256883,0.002089943,0.007786945,0.008041314
2146,0.000256919,0.002089981,0.007794689,0.0080305
2147,0.000256889,0.00208956,0.00780385,0.008031248
2148,0.000256035,0.002090057,0.007814173,0.007993174
2149,0.000256011,0.002093927,0.007824804,0.007980072
2150,0.000256528,0.002092934,0.007834836,0.00797199
2151,0.000256036,0.002092128,0.007842896,0.007978083
2152,0.000255742,0.002089877,0.007854265,0.007961754
2153,0.000255472,0.002087708,0.007865585,0.007949731
2154,0.000255421,0.002085083,0.007877223,0.007932087
2155,0.000255065,0.002083172,0.007888998,0.007913032
2156,0.000255736,0.002085289,0.007901091,0.007936045
2157,0.000255867,0.002084614,0.007914049,0.007947673
2158,0.0002555,0.002079505,0.007926553,0.007916381
2159,0.000255748,0.002080333,0.007940813,0.007874816
2160,0.000255675,0.002077807,0.00795374,0.007876064
2161,0.000255771,0.002074987,0.007967314,0.007840721
2162,0.00025606,0.002075681,0.007982178,0.007727562
2163,0.000255723,0.002075397,0.007996226,0.007721207
2164,0.000255598,0.002072966,0.008009622,0.007713958
2165,0.000255644,0.002069319,0.008024697,0.007694493
2166,0.000256097,0.002069336,0.008040055,0.007632675
2167,0.000255971,0.002067007,0.008057006,0.007648408
2168,0.00025612,0.002066586,0.008074046,0.007647325
2169,0.000256122,0.00206559,0.008089794,0.007650643
2170,0.00025608,0.002062318,0.008107756,0.00759226
2171,0.000255774,0.002053122,0.00812567,0.007569979
2172,0.000255634,0.002049577,0.008143606,0.007560976
2173,0.000255256,0.002046806,0.008161511,0.007483348
2174,0.00025526,0.002046106,0.008180643,0.007429425
2175,0.000254922,0.00204132,0.008200011,0.00742217
2176,0.000254279,0.002030592,0.008219245,0.007400232
2177,0.000254218,0.002024551,0.00823825,0.007379549
2178,0.000254202,0.002022933,0.008258483,0.00737508
2179,0.000254013,0.002018914,0.008279307,0.00737039
2180,0.000254046,0.00201507,0.008300852,0.007352726
2181,0.000253813,0.002009985,0.00832186,0.00741101
2182,0.000253774,0.002001446,0.008343329,0.007367015
2183,0.000253709,0.00199554,0.008366305,0.007370496
2184,0.000253744,0.001991126,0.008389082,0.007389912
2185,0.000252993,0.001988853,0.008365466,0.00740693
2186,0.000253038,0.001990354,0.008340854,0.00742369
2187,0.000252972,0.001987851,0.008315733,0.007453454
2188,0.000252836,0.001989807,0.008289225,0.007426307
2189,0.000252891,0.001987303,0.008286166,0.007405787
2190,0.00025251,0.001987424,0.008283874,0.007393494
2191,0.000252122,0.00198733,0.008279465,0.007406888
2192,0.000252169,0.001989288,0.00827493,0.007410794
2193,0.000251988,0.001983732,0.008270647,0.007378066
2194,0.000251793,0.001983014,0.008265742,0.007351361
2195,0.000251624,0.001981995,0.008259172,0.007351875
2196,0.000251225,0.001987311,0.008253631,0.007343038
2197,0.000251158,0.001994622,0.00824818,0.007362675
2198,0.000250904,0.001994471,0.008239676,0.007337613
2199,0.000250367,0.001997616,0.008233085,0.007336408
2200,0.00025077,0.001999463,0.008225206,0.007321997
2201,0.000251344,0.00199947,0.008218277,0.007320972
2202,0.000251402,0.001998125,0.00821046,0.007346679
2203,0.000251553,0.001994654,0.00820024,0.007365457
2204,0.000250929,0.001989975,0.008192477,0.007367894
2205,0.000250794,0.001986769,0.008181011,0.007361936
2206,0.000250565,0.001984477,0.008170909,0.007296424
2207,0.00025046,0.001981884,0.008160934,0.007275204
2208,0.000250476,0.001980814,0.008148612,0.007267351
2209,0.00024972,0.00197655,0.008138253,0.007243499
2210,0.000249639,0.00197651,0.008126599,0.007241687
2211,0.000249714,0.001973518,0.008114136,0.007242204
2212,0.000249566,0.001972476,0.008102545,0.00725112
2213,0.00024955,0.001969048,0.008090775,0.007258587
2214,0.000249321,0.001968817,0.008079013,0.00725624
2215,0.000249634,0.001968927,0.008067587,0.007244065
2216,0.000249782,0.001963959,0.008055759,0.007213007
2217,0.000250058,0.001960385,0.008044101,0.007195071
2218,0.000249661,0.001962908,0.008033111,0.007193964
2219,0.000249198,0.001963253,0.00802167,0.007193855
2220,0.000248934,0.001964484,0.008010834,0.007219942
2221,0.000249106,0.001966373,0.007999662,0.007113069
2222,0.000249061,0.001966148,0.007988976,0.007121453
2223,0.000248565,0.00196714,0.007977989,0.007118806
2224,0.000248401,0.001965064,0.007966108,0.0070724
2225,0.000248076,0.00196426,0.007955767,0.007056067
2226,0.000248481,0.001963169,0.007946032,0.007051016
2227,0.000248862,0.001963105,0.007934404,0.007038655
2228,0.000248653,0.001968834,0.007923704,0.007012161
2229,0.000248917,0.001966564,0.0079137,0.007014213
2230,0.000248875,0.001966773,0.007903516,0.007013257
2231,0.000249136,0.001975691,0.00789384,0.00701794
2232,0.000249513,0.001975077,0.007883047,0.007025892
2233,0.000249543,0.001976409,0.007872477,0.007023007
2234,0.000249741,0.00198103,0.007862039,0.007017809
2235,0.000249721,0.001980861,0.007851944,0.007008162
2236,0.000249262,0.001981874,0.007843393,0.006986324
2237,0.000249777,0.001977458,0.007834365,0.006982518
2238,0.000250081,0.001983114,0.007824466,0.006980779
2239,0.000249862,0.001982663,0.007816545,0.006988684
2240,0.000249515,0.001981436,0.00780704,0.006945704
2241,0.000249467,0.0019859,0.007798227,0.006943887
2242,0.000249431,0.001988984,0.00778842,0.006944082
2243,0.00024965,0.001992756,0.00777923,0.006858143
2244,0.000249657,0.001996779,0.007769308,0.006846534
2245,0.000249233,0.002005003,0.007759933,0.006810683
2246,0.000249215,0.002006543,0.007750781,0.00682352
2247,0.000248907,0.002009127,0.007742411,0.006836952
2248,0.000248936,0.002008295,0.007733088,0.006822921
2249,0.000249754,0.002008482,0.007722711,0.006830658
2250,0.00024976,0.002008856,0.007715057,0.00680697
2251,0.000249819,0.002007761,0.007707037,0.006791219
2252,0.000250444,0.002013404,0.007697364,0.006761017
2253,0.000250333,0.00201297,0.007688516,0.006748115
2254,0.000250468,0.002011203,0.007680269,0.00675039
2255,0.000249944,0.002011636,0.007671405,0.006772383
2256,0.000249591,0.002015418,0.007662916,0.006774556
2257,0.000249627,0.002021504,0.007655142,0.006715209
2258,0.000249576,0.002023829,0.007647458,0.006725615
2259,0.000249322,0.002023145,0.007638868,0.006719903
2260,0.000249117,0.002022071,0.007630687,0.006719248
2261,0.000249267,0.002021626,0.00762211,0.006626955
2262,0.000249143,0.002024921,0.007613887,0.006607503
2263,0.000249171,0.00202674,0.007606562,0.006617383
2264,0.0002495,0.00203035,0.007597933,0.00661395
2265,0.000249469,0.002030133,0.007590968,0.006611531
2266,0.000249087,0.002029667,0.007583777,0.006624017
2267,0.000249441,0.002032809,0.007576878,0.006627421
2268,0.000249505,0.002034813,0.007570458,0.006631061
2269,0.000249625,0.002028133,0.007562822,0.006610381
2270,0.000249525,0.002025912,0.007556347,0.006601268
2271,0.00024925,0.002024305,0.007549713,0.006583434
2272,0.000248965,0.002024463,0.007542109,0.006600084
2273,0.000248736,0.002021168,0.007534636,0.006595357
2274,0.000248438,0.002021154,0.007528203,0.006596756
2275,0.000248118,0.002020252,0.007522292,0.006574978
2276,0.000247972,0.00201984,0.007515681,0.006562395
2277,0.000247459,0.0020135,0.007510113,0.006552699
2278,0.000247602,0.002015226,0.007504242,0.006555809
2279,0.000247333,0.002014613,0.007498048,0.006567306
2280,0.000246879,0.002020854,0.007491784,0.006548486
2281,0.000246592,0.002014982,0.007485862,0.006501291
2282,0.000246252,0.002015184,0.007479754,0.006509958
2283,0.000246407,0.002011892,0.007472741,0.006507181
2284,0.000246279,0.002017949,0.007466294,0.006506926
2285,0.00024611,0.002020169,0.007459443,0.006488205
2286,0.00024595,0.002017872,0.007452988,0.006514032
2287,0.000245656,0.002014725,0.007459303,0.006514622
2288,0.000245626,0.002019738,0.007466254,0.006515245
2289,0.00024542,0.002021889,0.007473714,0.006514069
2290,0.000245409,0.002018872,0.007481479,0.006510209
2291,0.000245794,0.002016822,0.00748954,0.006507925
2292,0.000246004,0.002020333,0.007498494,0.006515555
2293,0.000245797,0.002023491,0.00750682,0.00648766
2294,0.000245444,0.002018175,0.007514354,0.006498901
2295,0.000245822,0.002017108,0.007522772,0.006517746
2296,0.000245437,0.002017061,0.007531477,0.006508828
2297,0.000245834,0.002020557,0.007540753,0.006510888
2298,0.000245647,0.002022048,0.007550052,0.006540519
2299,0.000246157,0.002019326,0.007558912,0.006544559
2300,0.000246334,0.002022107,0.007570022,0.006542262
2301,0.000246677,0.002020945,0.007581415,0.006551837
2302,0.000246701,0.002018398,0.007593161,0.006550332
2303,0.000245823,0.002022617,0.007605444,0.006528515
2304,0.000245634,0.002030079,0.007617826,0.006486807
2305,0.000245543,0.002031519,0.007629253,0.006490549
2306,0.000245934,0.002041135,0.007642266,0.006493419
2307,0.000246082,0.002045752,0.007654747,0.006495801
2308,0.00024559,0.002045804,0.007668497,0.006494263
2309,0.000245874,0.002049913,0.007681679,0.006497567
2310,0.000245431,0.002058424,0.007695118,0.006478858
2311,0.000245328,0.002057419,0.007710577,0.006421389
2312,0.000244808,0.002060498,0.00772555,0.00640816
2313,0.000244971,0.002062574,0.007740597,0.006409975
2314,0.000244831,0.002070258,0.007757361,0.006402245
2315,0.000244847,0.002062064,0.007774355,0.006378499
2316,0.000244298,0.002062239,0.007791332,0.006405222
2317,0.000244061,0.002066517,0.007809262,0.006385561
2318,0.000244393,0.002066398,0.007827199,0.006403007
2319,0.000243795,0.002068744,0.007845308,0.006406242
2320,0.000243648,0.0020703,0.007862743,0.006386593
2321,0.000243758,0.002070643,0.007881952,0.006379962
2322,0.000243134,0.002073236,0.007901614,0.006378114
2323,0.000243268,0.002073631,0.007921434,0.006348955
2324,0.000243569,0.002074777,0.007941439,0.006348437
2325,0.000243378,0.002075015,0.007961417,0.006346418
2326,0.00024335,0.002075092,0.007982412,0.006315556
2327,0.000243364,0.002064825,0.008003219,0.006281808
2328,0.000243115,0.002059434,0.008024393,0.00628264
2329,0.000243081,0.002059123,0.008034599,0.006275019
2330,0.00024333,0.002056067,0.008047053,0.006262795
2331,0.000243158,0.002053911,0.008059371,0.006242609
2332,0.000243107,0.002056146,0.00807102,0.006241553
2333,0.00024322,0.002052704,0.008082456,0.006295767
2334,0.000243536,0.00204898,0.008094029,0.006341275
2335,0.000243283,0.002043408,0.008104956,0.006345056
2336,0.000243626,0.002045721,0.008115573,0.006317854
2337,0.000243069,0.002037138,0.008127392,0.006325302
2338,0.000242463,0.002040527,0.00813791,0.006325862
2339,0.000242318,0.002032239,0.008149917,0.006315921
2340,0.000242362,0.002034307,0.008162024,0.006404112
2341,0.000242092,0.002032944,0.008172466,0.006420035
2342,0.000241917,0.002032117,0.008183599,0.006410356
2343,0.000241883,0.002026736,0.008194373,0.006407552
2344,0.000241658,0.002025562,0.008204511,0.006392312
2345,0.000241434,0.002021691,0.008215819,0.006373455
2346,0.000241414,0.002019886,0.008227308,0.006360578
2347,0.000241214,0.002013671,0.00823872,0.006445088
2348,0.000240899,0.002002982,0.008250886,0.006456157
2349,0.000241341,0.002000456,0.008261684,0.006443774
2350,0.000241724,0.001999023,0.008273884,0.006473778
2351,0.000241652,0.002000087,0.008287871,0.006483774
2352,0.000241479,0.001999756,0.008298656,0.006467138
2353,0.000240756,0.001986241,0.008310681,0.006466279
2354,0.000241041,0.001983276,0.008323745,0.00648522
2355,0.00024055,0.001976228,0.008336361,0.00653242
2356,0.000239981,0.001974479,0.00834896,0.006541353
2357,0.000239947,0.001960654,0.008361134,0.006538627
2358,0.000239565,0.001951222,0.008372243,0.006544338
2359,0.000239517,0.001949666,0.008384196,0.006544044
2360,0.000239679,0.001949733,0.008397174,0.006538033
2361,0.000239211,0.001933737,0.008407668,0.006513737
2362,0.000239307,0.001933865,0.00841827,0.006519939
2363,0.000239228,0.001929009,0.008429835,0.006524765
2364,0.000238804,0.001928693,0.008442252,0.006551013
2365,0.000237773,0.001924193,0.008455651,0.006546848
2366,0.000237912,0.001921797,0.008467621,0.00652895
2367,0.000237403,0.001911761,0.008479668,0.006574261
2368,0.000236794,0.001914263,0.008491026,0.00655157
2369,0.000236637,0.001915002,0.00850173,0.006546774
2370,0.000236872,0.001912568,0.00851394,0.006574159
2371,0.000236631,0.001915391,0.008527103,0.006572317
2372,0.000236893,0.0018994,0.008540896,0.006549201
2373,0.000236822,0.001890077,0.008553251,0.006559003
2374,0.000236762,0.0018789,0.008566752,0.006561897
2375,0.000236676,0.001876659,0.008579716,0.006558659
2376,0.000236363,0.001865338,0.008592033,0.006563295
2377,0.000236677,0.001865647,0.008605381,0.006579461
2378,0.000236925,0.001866892,0.008619578,0.006549128
2379,0.000237136,0.001868697,0.008632836,0.006546252
2380,0.000237224,0.001869129,0.008645641,0.006555843
2381,0.000237244,0.001865935,0.008659455,0.006500821
2382,0.000237021,0.001865405,0.008670326,0.006486833
2383,0.000236748,0.001865762,0.008684883,0.006488795
2384,0.000236114,0.001864631,0.008698197,0.006469345
2385,0.000236155,0.001860014,0.008711767,0.006464486
2386,0.00023579,0.001860663,0.008726979,0.006526826
2387,0.000235908,0.001860324,0.008740113,0.006491633
2388,0.000235252,0.001861103,0.00875338,0.006525918
2389,0.000234875,0.001860336,0.008766553,0.006523641
2390,0.000234939,0.001859757,0.008780047,0.006533874
2391,0.000234748,0.001858818,0.008795593,0.006513715
2392,0.000234651,0.001859982,0.008810026,0.006483436
2393,0.000234708,0.001859611,0.008822639,0.006483775
2394,0.000234896,0.001858998,0.008835901,0.006500195
2395,0.000234883,0.001852889,0.008848315,0.006550686
2396,0.000234855,0.00184469,0.008861103,0.006558139
2397,0.000234785,0.00183925,0.008841644,0.00651946
2398,0.000234457,0.001834967,0.008824507,0.006527087
2399,0.000234176,0.001828789,0.008805158,0.006540013
2400,0.000233815,0.001817201,0.00878648,0.006530691
2401,0.000233478,0.001817013,0.008765341,0.006557163
2402,0.000233391,0.001809677,0.008746443,0.006560483
2403,0.000233884,0.001810468,0.008723283,0.006625817
2404,0.000233774,0.001808728,0.00870075,0.006594187
2405,0.000233339,0.001809463,0.008679793,0.006578451
2406,0.000233435,0.00180772,0.008657434,0.006567972
2407,0.000233143,0.001803437,0.008634414,0.006583543
2408,0.000232701,0.001799373,0.008609826,0.006537642
2409,0.000232658,0.001793836,0.008585841,0.006511275
2410,0.0002323,0.001792854,0.008560566,0.006497421
2411,0.000231789,0.001792442,0.008535628,0.00652615
2412,0.000231207,0.001794956,0.008508953,0.006523956
2413,0.000231145,0.001793282,0.008483344,0.006485928
2414,0.0002309,0.001794466,0.008456998,0.006482935
2415,0.000230381,0.001783899,0.00843121,0.006481135
2416,0.000230429,0.001783643,0.008401802,0.006477313
2417,0.000229659,0.00177526,0.008374772,0.006497841
2418,0.000229367,0.001774913,0.008346281,0.006451542
2419,0.000229237,0.001766618,0.008318267,0.006410329
2420,0.000229293,0.00175917,0.008288884,0.006411165
2421,0.000229061,0.001754414,0.008259743,0.006396961
2422,0.0002284,0.001747533,0.008229481,0.006436273
2423,0.000228304,0.001744721,0.008198071,0.006437031
2424,0.000228421,0.001744319,0.00816464,0.006445377
2425,0.000227917,0.001745068,0.008131507,0.006460241
2426,0.000227865,0.001745008,0.008098422,0.006475745
2427,0.000227658,0.001740161,0.008062359,0.006462469
2428,0.00022769,0.001732035,0.008027941,0.00645924
2429,0.000228076,0.001727147,0.007993743,0.006452861
2430,0.000227559,0.001714662,0.007959509,0.00646352
2431,0.000227268,0.001712286,0.007924455,0.006452003
2432,0.000227587,0.001712799,0.007888119,0.006447858
2433,0.000227863,0.00171177,0.007851467,0.006445384
2434,0.000228077,0.001710721,0.007814778,0.006433663
2435,0.000227686,0.001701186,0.007776499,0.006435176
2436,0.00022762,0.001698406,0.007738045,0.006474216
2437,0.000227118,0.001694197,0.007697877,0.006457542
2438,0.000227177,0.001696678,0.007657016,0.006464934
2439,0.000226995,0.001697039,0.007619358,0.006428137
2440,0.000226864,0.001703555,0.007579478,0.006437143
2441,0.000226728,0.001705582,0.007539045,0.006442944
2442,0.000226341,0.001701023,0.007497216,0.00646359
2443,0.000226086,0.001690141,0.007455985,0.006444852
2444,0.000225629,0.001681254,0.007414322,0.006460915
2445,0.000225449,0.00166833,0.007372649,0.006462969
2446,0.000225056,0.001670928,0.00732996,0.006462387
2447,0.000224699,0.001666761,0.007287467,0.006463095
2448,0.000224713,0.001667665,0.007274481,0.006451861
2449,0.000224311,0.001664252,0.007262012,0.006397471
2450,0.000223786,0.001650042,0.007250245,0.006394523
2451,0.00022393,0.001650028,0.007237848,0.006382917
2452,0.000224025,0.001642156,0.007224265,0.006372961
2453,0.000223344,0.001636444,0.007212332,0.006353777
2454,0.000223006,0.001632361,0.00720063,0.006354134
2455,0.000222806,0.001628593,0.007188804,0.00634982
2456,0.000222297,0.001625076,0.007177094,0.006320587
2457,0.000222024,0.001624571,0.007165743,0.006321966
2458,0.000222334,0.001611079,0.007153747,0.006301989
2459,0.000222117,0.001609392,0.007142094,0.006325175
2460,0.000221963,0.001606033,0.007130018,0.006328261
2461,0.00022197,0.001590649,0.007118453,0.006330302
2462,0.000221503,0.001585979,0.007107291,0.006298032
2463,0.000221903,0.001586961,0.007097741,0.006296325
2464,0.000222197,0.001584242,0.007086836,0.006305223
2465,0.000222012,0.001578684,0.007076616,0.006300231
2466,0.000221833,0.001578293,0.00706541,0.006288797
2467,0.000221639,0.001573115,0.007054996,0.006278238
2468,0.00022161,0.001573488,0.007045256,0.006271965
2469,0.000221785,0.00157596,0.007035504,0.006283079
2470,0.000221603,0.001573725,0.007026309,0.006297174
2471,0.000221371,0.001568627,0.007016829,0.006311348
2472,0.000221304,0.001565162,0.007006923,0.006311947
2473,0.000221211,0.001559092,0.00699659,0.006335398
2474,0.000220918,0.001554762,0.006996767,0.006330644
2475,0.000220858,0.001555293,0.006999592,0.006325242
2476,0.000221011,0.001543173,0.007001185,0.006296875
2477,0.000220713,0.001539998,0.007004288,0.006295451
2478,0.000220287,0.001539393,0.007004744,0.006284755
2479,0.000219909,0.001536826,0.007008411,0.006302364
2480,0.000220277,0.001530925,0.007012451,0.00627719
2481,0.000220014,0.001519863,0.007017605,0.006277925
2482,0.000220047,0.001513525,0.007022351,0.006279622
2483,0.000220084,0.00150498,0.007026398,0.006265971
2484,0.000219658,0.001499831,0.00703246,0.006313396
2485,0.000219439,0.001488337,0.007037356,0.006463586
2486,0.000219123,0.00148935,0.007041257,0.00645213
2487,0.000219439,0.001486413,0.007047836,0.006438206
2488,0.000219649,0.001482368,0.007052545,0.00647055
2489,0.000219272,0.001475439,0.00706019,0.006473333
2490,0.000219243,0.001469583,0.007067629,0.006482354
2491,0.000219174,0.001455044,0.007073745,0.006484209
2492,0.00021894,0.001451766,0.007080723,0.006453875
2493,0.000218812,0.001451295,0.007088784,0.006434519
2494,0.000218809,0.00144742,0.007097818,0.006445695
2495,0.000218284,0.001442867,0.007104453,0.006438794
2496,0.000218085,0.001443603,0.007112791,0.006430487
2497,0.000217806,0.001435365,0.00712204,0.006418365
2498,0.000218537,0.001429657,0.007128938,0.006412653
2499,0.000218158,0.001425528,0.007139203,0.006449005
2500,0.000218167,0.001418687,0.007148455,0.006449148
2501,0.000217262,0.001418099,0.007156242,0.00646224
2502,0.000217057,0.001412022,0.007166959,0.006465107
2503,0.000216799,0.001407646,0.007176085,0.006451513
2504,0.000216779,0.001408972,0.007186325,0.006445234
2505,0.000216929,0.00140472,0.007196405,0.006440129
2506,0.000217199,0.001403558,0.007207005,0.006437692
2507,0.000217153,0.001398887,0.007218993,0.006447426
2508,0.000216834,0.001399129,0.007230259,0.006483174
2509,0.00021664,0.001393219,0.007241638,0.006492593
2510,0.000216213,0.001387302,0.007254558,0.00649876
2511,0.000216,0.001381685,0.007267449,0.006497434
2512,0.000215673,0.001377764,0.007280675,0.006486525
2513,0.000215527,0.00137102,0.007294289,0.006508871
2514,0.000215883,0.001360344,0.007305465,0.006528676
2515,0.000215175,0.001354334,0.007319092,0.006533
2516,0.000214875,0.001352919,0.00733285,0.006536588
2517,0.000214679,0.001348823,0.0073454,0.006529262
2518,0.00021477,0.001344967,0.00736129,0.006528352
2519,0.000214815,0.0013427,0.007374632,0.006532443
2520,0.000214502,0.00134235,0.007388716,0.006530894
2521,0.000213988,0.001332175,0.007404071,0.006544359
2522,0.000213494,0.001327202,0.007418649,0.006568558
2523,0.000213594,0.001327331,0.007432059,0.006570059
2524,0.000213588,0.001316041,0.00744777,0.00658043
2525,0.00021329,0.001314482,0.007463745,0.006573642
2526,0.000212486,0.001304333,0.007481128,0.006575108
2527,0.000212845,0.001306825,0.00749824,0.006631068
2528,0.000212323,0.001305376,0.007513607,0.006641597
2529,0.000212343,0.001299829,0.007531109,0.006636203
2530,0.000212736,0.001298253,0.007548951,0.006642677
2531,0.000212892,0.001296189,0.007565182,0.006644826
2532,0.00021324,0.001294854,0.007583694,0.006708535
2533,0.000212962,0.001289367,0.0076012,0.006701155
2534,0.000213342,0.001286741,0.007618313,0.006683927
2535,0.000213193,0.001281712,0.007636311,0.006685836
2536,0.000212936,0.001276529,0.007655091,0.006675502
2537,0.000213009,0.001263553,0.007673425,0.006682363
2538,0.00021272,0.001260743,0.007692572,0.006700876
2539,0.000212901,0.00125384,0.007713266,0.0066986
2540,0.000212553,0.001252389,0.007733657,0.006687254
2541,0.000212365,0.001247886,0.0077538,0.006681176
2542,0.000212552,0.00124534,0.007774246,0.006652496
2543,0.000212191,0.001241504,0.007795411,0.006647661
2544,0.00021204,0.00124488,0.00781502,0.006603263
2545,0.000212225,0.001240076,0.007836269,0.006574279
2546,0.000212222,0.001229438,0.007857318,0.00656607
2547,0.000211763,0.001229013,0.007879134,0.006556445
2548,0.000212057,0.001223324,0.007900492,0.006568533
2549,0.000212082,0.001216048,0.007922284,0.00656439
2550,0.000212623,0.001218181,0.007944847,0.006546871
2551,0.00021255,0.001217114,0.007966353,0.006459973
2552,0.00021209,0.001213576,0.007988419,0.006408748
2553,0.000212199,0.001201421,0.008010563,0.006376424
2554,0.000212166,0.001196007,0.008032601,0.006380355
2555,0.000211537,0.001195769,0.008056824,0.006370368
2556,0.000211785,0.001196104,0.008080288,0.006367179
2557,0.000211182,0.001192884,0.008102709,0.006334707
2558,0.000210819,0.001193463,0.008125282,0.006332081
2559,0.000210748,0.001182179,0.008148625,0.006325189
2560,0.000210411,0.001182456,0.008172704,0.006308681
2561,0.00021052,0.001183508,0.008196036,0.006285218
2562,0.000209611,0.001186106,0.008220125,0.006279428
2563,0.000209766,0.001186752,0.008242674,0.006279927
2564,0.00020938,0.001185416,0.00826675,0.006263789
2565,0.000208932,0.001182043,0.008291555,0.006265024
2566,0.000208916,0.001183329,0.008315748,0.00626018
2567,0.000208799,0.001178565,0.008339564,0.006261834
2568,0.000208927,0.001178945,0.008364648,0.006265818
2569,0.000208448,0.001178021,0.008388515,0.006210817
2570,0.000208709,0.001175922,0.008412976,0.006185624
2571,0.000208502,0.001174374,0.008438154,0.006203163
2572,0.000208083,0.001164686,0.00846249,0.006235486
2573,0.000207755,0.001158796,0.008489261,0.006213986
2574,0.000207485,0.001151638,0.008514333,0.006213678
2575,0.000207515,0.001152985,0.008538366,0.00621272
2576,0.000207317,0.001145047,0.008564552,0.006209625
2577,0.000206922,0.001145037,0.0085904,0.006222219
2578,0.000206141,0.001145079,0.008616129,0.006241014
2579,0.000205921,0.001139983,0.008642338,0.006229598
2580,0.000205444,0.001139506,0.008668782,0.006156176
2581,0.000205223,0.001139632,0.008694882,0.006148383
2582,0.000205206,0.001135224,0.008721629,0.00614738
2583,0.00020492,0.00113531,0.008748323,0.006165694
2584,0.000204798,0.001133553,0.008775519,0.006159943
2585,0.000204619,0.00112711,0.008801926,0.006136378
2586,0.000204312,0.001120184,0.008828535,0.006166944
2587,0.000204408,0.001119653,0.008855938,0.006167111
2588,0.000204223,0.001124016,0.008883528,0.00613374
2589,0.00020357,0.001126101,0.008910787,0.006145096
2590,0.000203583,0.001125293,0.008938264,0.006127884
2591,0.000203728,0.001125218,0.008966431,0.00609458
2592,0.000203543,0.001126824,0.008993569,0.006096442
2593,0.000203266,0.001121096,0.00902062,0.00607217
2594,0.000203388,0.001119205,0.009049091,0.006105941
2595,0.000202949,0.001118041,0.009065305,0.006112458
2596,0.000202317,0.001118219,0.009081728,0.006094373
2597,0.000202332,0.001117454,0.009097341,0.006070982
2598,0.000201762,0.001118169,0.009112458,0.006070201
2599,0.00020173,0.001120053,0.009125833,0.00606654
2600,0.000201139,0.001120384,0.009141006,0.006063321
2601,0.00020077,0.001116398,0.009154202,0.006062973
2602,0.000201082,0.00111843,0.009166017,0.006077201
2603,0.00020137,0.001119883,0.009179288,0.006071132
2604,0.000201772,0.001119801,0.009192488,0.006071257
2605,0.000202254,0.001122466,0.009203477,0.006057323
2606,0.000201997,0.001123016,0.009214688,0.006054916
2607,0.000201875,0.001119318,0.009226855,0.006064173
2608,0.000201859,0.001120931,0.009237718,0.006089835
2609,0.000202028,0.001118233,0.009248382,0.006173926
2610,0.000202026,0.001116058,0.009257626,0.006174933
2611,0.000201867,0.001117657,0.009266472,0.006175784
2612,0.000202319,0.001120543,0.009276779,0.006157048
2613,0.000202471,0.001120289,0.009285724,0.006164341
2614,0.000202965,0.001118954,0.00929578,0.006208076
2615,0.000202526,0.00112167,0.009305262,0.006209548
2616,0.000201799,0.001122795,0.009315776,0.006212738
2617,0.000201853,0.001124162,0.009320707,0.006209792
2618,0.000201893,0.001124148,0.009328007,0.006221691
2619,0.000202285,0.001124496,0.009334239,0.006218326
2620,0.000202818,0.001125134,0.009319169,0.00622205
2621,0.000202676,0.001126545,0.0093056,0.006207311
2622,0.000202836,0.001126141,0.009290233,0.006220023
2623,0.000202541,0.001125106,0.009273142,0.006198355
2624,0.000202509,0.001120048,0.00925626,0.00621926
2625,0.000202718,0.001119784,0.009237111,0.006203126
2626,0.000202811,0.001116608,0.009217158,0.006190668
2627,0.000202533,0.001117266,0.009198296,0.006207633
2628,0.000202671,0.00111716,0.009177616,0.006174352
2629,0.000202574,0.001114666,0.00915745,0.006181898
2630,0.000202127,0.001118831,0.009136433,0.00617348
2631,0.000202084,0.001117763,0.009114522,0.006159787
2632,0.000202355,0.001115685,0.009091373,0.006115753
2633,0.000202331,0.001116139,0.009068053,0.006103453
2634,0.000201983,0.001110993,0.009044181,0.006101089
2635,0.000201762,0.00110844,0.009020452,0.0060722
2636,0.000201473,0.001105777,0.008996046,0.006072285
2637,0.000201212,0.001108009,0.008969198,0.006070133
2638,0.000200732,0.001108686,0.008941953,0.006081168
2639,0.000200709,0.001108381,0.008915308,0.006090879
2640,0.000200777,0.001107906,0.008885681,0.006094181
2641,0.000200649,0.001109236,0.008856654,0.006100674
2642,0.000200532,0.001110886,0.008826469,0.006118192
2643,0.000200276,0.001113024,0.008794544,0.006124748
2644,0.000199747,0.001113482,0.008761345,0.006132267
2645,0.000199543,0.001112476,0.008729627,0.006130742
2646,0.000199513,0.001113595,0.00869858,0.006127262
2647,0.000199323,0.001112925,0.008665313,0.006123042
2648,0.000199596,0.001111644,0.008630626,0.006120061
2649,0.000199375,0.001109991,0.008595176,0.006171767
2650,0.000198733,0.001112543,0.008560259,0.006169914
2651,0.000198702,0.00111416,0.00852525,0.006150828
2652,0.000198889,0.001114339,0.008486634,0.006152705
2653,0.000198604,0.001118283,0.008447504,0.00618052
2654,0.000198462,0.001120098,0.008408767,0.006216132
2655,0.000198237,0.001123355,0.008369322,0.006220891
2656,0.000197585,0.001122335,0.008329085,0.006195114
2657,0.000197406,0.001122173,0.008287818,0.006185931
2658,0.000197405,0.001122092,0.008246525,0.006177697
2659,0.000197334,0.001124297,0.00820298,0.006179336
2660,0.000197305,0.001124728,0.00815929,0.006175425
2661,0.000197436,0.001128069,0.008115412,0.006176662
2662,0.000197106,0.001127519,0.008070853,0.006158574
2663,0.000197266,0.001129894,0.008025638,0.006163104
2664,0.000197248,0.001131422,0.007981074,0.006204615
2665,0.000196853,0.001131725,0.007933141,0.006203924
2666,0.000196271,0.001136699,0.007887156,0.006206186
2667,0.000195954,0.00113948,0.007838493,0.006202623
2668,0.00019565,0.001139972,0.007789305,0.006201689
2669,0.000195401,0.001142056,0.007740755,0.00619967
2670,0.000195286,0.001143156,0.007690964,0.006217517
2671,0.000195245,0.001144135,0.007640597,0.006230827
2672,0.000195271,0.001143976,0.007589509,0.006201506
2673,0.000195151,0.001145391,0.007536798,0.006214168
2674,0.000194842,0.001148907,0.007483315,0.006209973
2675,0.000194573,0.001149838,0.007430855,0.006203133
2676,0.000194427,0.001150595,0.007377216,0.006201667
2677,0.000194136,0.001150912,0.007322617,0.006198893
2678,0.000194202,0.001150541,0.007267737,0.006196893
2679,0.000194334,0.001151258,0.007212727,0.006183026
2680,0.000194306,0.001152046,0.007155973,0.006186787
2681,0.000194252,0.001151844,0.007098473,0.00613019
2682,0.000194087,0.001153663,0.007040781,0.006122939
2683,0.000194422,0.001153336,0.006982898,0.006144578
2684,0.000194884,0.001147979,0.006925207,0.006127365
2685,0.000195182,0.001146882,0.006912375,0.006108368
2686,0.000194984,0.001145999,0.006900962,0.00608761
2687,0.000194811,0.001147017,0.006889444,0.006054993
2688,0.000194843,0.001147756,0.006879354,0.006053648
2689,0.000194644,0.001152279,0.006868079,0.006073397
2690,0.000194377,0.001152685,0.006857819,0.006078069
2691,0.000194446,0.001153656,0.006849064,0.006068172
2692,0.000194147,0.001153788,0.006839997,0.006055636
2693,0.000194149,0.001155203,0.00683077,0.006042889
2694,0.000194363,0.001152965,0.006823006,0.006055192
2695,0.000194646,0.001153572,0.006816714,0.006057748
2696,0.000194732,0.001148914,0.006809509,0.006061307
2697,0.000194801,0.00114101,0.006801894,0.00605177
2698,0.000194786,0.001139913,0.006796986,0.006046092
2699,0.000194807,0.0011361,0.006790873,0.006042295
2700,0.000194894,0.001135054,0.006786054,0.006042933
2701,0.000194407,0.001133025,0.006781626,0.00604371
2702,0.000194166,0.001132757,0.0067775,0.006024412
2703,0.000194123,0.001132701,0.006773974,0.006006891
2704,0.000194292,0.001134053,0.006770382,0.006002344
2705,0.000193884,0.001135111,0.006768584,0.005994055
2706,0.000193971,0.001137071,0.006766573,0.00598951
2707,0.000194022,0.001138117,0.006765595,0.006012421
2708,0.000193572,0.001137571,0.006764835,0.006013693
2709,0.000193704,0.00113998,0.006762305,0.006048351
2710,0.000193636,0.001143034,0.006762305,0.006052881
2711,0.000193278,0.001141922,0.006762305,0.006048163
2712,0.000193471,0.001143898,0.006762305,0.006030064
2713,0.000193394,0.00114364,0.006762305,0.006008853
2714,0.000193671,0.001143524,0.006762305,0.006025379
2715,0.000193268,0.001144274,0.006762305,0.006030012
2716,0.000193395,0.001143936,0.006762305,0.006042737
2717,0.000192978,0.00114286,0.006762305,0.006047266
2718,0.000192792,0.001141497,0.006762305,0.006038411
2719,0.000192527,0.001142363,0.006762305,0.006044205
2720,0.000192317,0.001141529,0.006762305,0.006029741
2721,0.000191976,0.001138092,0.006762305,0.006025224
2722,0.000192132,0.001137384,0.006762305,0.006018386
2723,0.000192352,0.001137725,0.006762305,0.006019985
2724,0.000192365,0.001138956,0.006762305,0.006069357
2725,0.000192159,0.001141806,0.006762305,0.006070503
2726,0.000191894,0.001143756,0.006762305,0.006075206
2727,0.000191404,0.001145948,0.006762305,0.006072537
2728,0.000191449,0.001138981,0.006762305,0.006072742
2729,0.000191489,0.001137225,0.006762305,0.00606666
2730,0.000191484,0.001133436,0.006762305,0.006073952
2731,0.000191316,0.00112839,0.006762305,0.006068271
2732,0.000190642,0.001125294,0.006762305,0.006056417
2733,0.000190654,0.001123283,0.006762305,0.006055565
2734,0.000190672,0.001118767,0.006762305,0.006055412
2735,0.000190522,0.001117763,0.006762305,0.006052363
2736,0.000190427,0.001117309,0.006762305,0.00605051
2737,0.000190376,0.001117878,0.006762305,0.006038899
2738,0.000189968,0.001112027,0.006762305,0.006028704
2739,0.000190211,0.00111226,0.006762305,0.006007981
2740,0.000190058,0.001111488,0.006762305,0.00603419
2741,0.00018984,0.001107336,0.006762305,0.006051495
2742,0.000189935,0.001102097,0.006774074,0.006045788
2743,0.000189297,0.001098558,0.006784354,0.006041073
2744,0.000188942,0.001095012,0.006794842,0.006041759
2745,0.00018907,0.001088634,0.006807378,0.006052817
2746,0.000188561,0.001084384,0.006819242,0.006031449
2747,0.000188429,0.001076445,0.006830376,0.006018658
2748,0.000188426,0.001076479,0.006842439,0.006020405
2749,0.000187867,0.00107887,0.006855565,0.006024663
2750,0.000187748,0.00107846,0.006867402,0.006021687
2751,0.000187723,0.001076951,0.006880173,0.006019032
2752,0.000187382,0.001073242,0.006894595,0.006021212
2753,0.00018745,0.001070085,0.006907566,0.006016688
2754,0.000187421,0.001069808,0.006919752,0.00601175
2755,0.00018762,0.001072047,0.006932982,0.00599499
2756,0.000187514,0.001068118,0.006946486,0.005996396
2757,0.000187455,0.001062626,0.006960043,0.006006138
2758,0.000187446,0.001059412,0.006975279,0.005996424
2759,0.000187349,0.001061722,0.006989732,0.005999333
2760,0.000187499,0.001059669,0.007004283,0.006025758
2761,0.000187156,0.001055193,0.007019382,0.006032726
2762,0.000186985,0.001050481,0.007034433,0.006039702
2763,0.000186616,0.00104305,0.007048347,0.006060248
2764,0.00018667,0.001038849,0.00706416,0.006060283
2765,0.000186838,0.001036592,0.007080098,0.006061473
2766,0.000186748,0.001037856,0.007096139,0.006071708
2767,0.00018632,0.001034598,0.007112615,0.006088529
2768,0.000186205,0.001032434,0.007129549,0.006093836
2769,0.00018629,0.001032336,0.007146865,0.006093463
2770,0.000186411,0.001029933,0.007162459,0.006093543
2771,0.000186383,0.001028421,0.00717881,0.006101167
2772,0.000186454,0.001028262,0.007195201,0.006076401
2773,0.000186519,0.001027015,0.007212166,0.006086228
2774,0.000186616,0.001025579,0.007229874,0.006086319
2775,0.000186694,0.001025825,0.007246396,0.006087431
2776,0.000186303,0.001021851,0.007264717,0.00608803
2777,0.000186223,0.001022174,0.007281836,0.006088272
2778,0.00018594,0.001018429,0.007299499,0.006094559
2779,0.000185808,0.001021248,0.007317227,0.006084806
2780,0.000186167,0.001012702,0.007335634,0.006092379
2781,0.000186133,0.001011071,0.007354778,0.006098995
2782,0.000185921,0.001011745,0.00737259,0.006089797
2783,0.000185925,0.00101643,0.007392951,0.006090242
2784,0.000185965,0.001008162,0.007411892,0.006104271
2785,0.00018571,0.001006185,0.007433066,0.006095132
2786,0.000186146,0.00101116,0.007452059,0.006069332
2787,0.0001862,0.001011393,0.007460553,0.006072622
2788,0.000185856,0.00100253,0.007469447,0.006065077
2789,0.000186023,0.001001005,0.007477682,0.006069124
2790,0.00018582,0.001001587,0.007484275,0.006070418
2791,0.00018533,0.001001068,0.007491735,0.006079984
2792,0.000185085,0.000997111,0.007500066,0.006057015
2793,0.000185185,0.000995032,0.007508167,0.006048128
2794,0.000185059,0.000992791,0.007516827,0.006035638
2795,0.000184883,0.000993385,0.007526135,0.006018216
2796,0.000184822,0.00098947,0.007534696,0.0060218
2797,0.000184661,0.000985906,0.007543025,0.006057457
2798,0.000184712,0.00098379,0.007552317,0.006020472
2799,0.000184502,0.000983889,0.007560502,0.006021493
2800,0.000184166,0.000979817,0.007569253,0.006028541
2801,0.000183633,0.000980862,0.007576718,0.006022251
2802,0.000183616,0.00098426,0.007584382,0.006029599
2803,0.000184114,0.000983748,0.007591838,0.006029513
2804,0.000184047,0.00098195,0.007598082,0.006029885
2805,0.000183936,0.000980691,0.007604908,0.006026792
2806,0.000183589,0.000972333,0.007611863,0.006058546
2807,0.000183405,0.00097106,0.007618913,0.006092309
2808,0.000183572,0.000967956,0.00762687,0.006090171
2809,0.000183414,0.00096409,0.00763465,0.006107468
2810,0.000183506,0.000954591,0.007640799,0.006109317
2811,0.000183549,0.000951262,0.007647213,0.006111237
2812,0.000183563,0.000943975,0.007653556,0.006121664
2813,0.000183464,0.000940478,0.007659155,0.006119195
2814,0.000182779,0.000935456,0.007650397,0.006117034
2815,0.000182657,0.000935499,0.007639508,0.006126092
2816,0.000182753,0.000933214,0.007630126,0.006104977
2817,0.000182975,0.000929751,0.007619288,0.006097247
2818,0.000182687,0.000929114,0.007607848,0.006066454
2819,0.000183067,0.000923899,0.007596395,0.006064698
2820,0.000183011,0.000918427,0.007583716,0.00610003
2821,0.000182965,0.000915452,0.007570236,0.006119788
2822,0.000182821,0.000910083,0.007557287,0.006116912
2823,0.000182661,0.000907626,0.00754226,0.00612508
2824,0.000182405,0.000904765,0.007528063,0.006103818
2825,0.000182379,0.000904132,0.007513482,0.006112849
2826,0.0001827,0.000898357,0.007497694,0.006114117
2827,0.00018268,0.000896735,0.007483895,0.006084904
2828,0.000182655,0.000895482,0.007467937,0.006084376
2829,0.000182337,0.00089837,0.007451359,0.006111147
2830,0.000182258,0.000896686,0.007433294,0.006131874
2831,0.000182373,0.000892696,0.007413854,0.00613577
2832,0.000182147,0.00089008,0.00739517,0.006133683
2833,0.000182158,0.000890223,0.007375764,0.006073494
2834,0.000182071,0.000889712,0.007357146,0.006036845
2835,0.000182333,0.000889506,0.007338084,0.006036739
2836,0.000181894,0.000892668,0.007318488,0.006025775
2837,0.000182003,0.000891234,0.007299767,0.006018393
2838,0.000182001,0.000888034,0.00727986,0.006027838
2839,0.000181918,0.000887639,0.007257762,0.006037811
2840,0.000181803,0.000885588,0.007236413,0.005949271
2841,0.000181869,0.0008855,0.00721532,0.00594138
2842,0.000182066,0.000888077,0.007192761,0.005963674
2843,0.000182179,0.000889479,0.00717036,0.00596741
2844,0.000182318,0.000888803,0.007147469,0.005960856
2845,0.000182636,0.000890225,0.007123374,0.005988052
2846,0.000182695,0.00089954,0.007098541,0.005976384
2847,0.000182712,0.000900235,0.007074832,0.0058806
2848,0.000182958,0.000901848,0.007049366,0.005862512
2849,0.000183167,0.000907109,0.007023731,0.005797408
2850,0.00018314,0.00091091,0.006996624,0.005760735
2851,0.000183069,0.000911303,0.006968271,0.005759258
2852,0.000182819,0.000913095,0.006941408,0.005757676
2853,0.000183047,0.00091333,0.006913933,0.005756211
2854,0.000182571,0.000912911,0.006884253,0.00573911
2855,0.000182828,0.000912138,0.006855246,0.005692642
2856,0.000183019,0.000916215,0.006824755,0.005683472
2857,0.000182761,0.00091982,0.006796225,0.005670984
2858,0.000182842,0.000918696,0.006767167,0.005687716
2859,0.000182519,0.000922336,0.006737441,0.005698519
2860,0.00018238,0.000922287,0.006704681,0.005695327
2861,0.000182444,0.000925154,0.006673404,0.005695094
2862,0.000182459,0.000925482,0.006641933,0.005699108
2863,0.000182542,0.00092449,0.006609816,0.005708246
2864,0.000182756,0.000926869,0.006576488,0.005740134
2865,0.000182666,0.000931054,0.006543918,0.005751601
2866,0.000182444,0.000935534,0.006511284,0.005745257
2867,0.000182442,0.000940353,0.006477305,0.005689331
2868,0.00018226,0.000938965,0.006442191,0.005696078
2869,0.000181867,0.000939144,0.006408076,0.005690971
2870,0.000181478,0.00093873,0.006372378,0.005659677
2871,0.000181063,0.000940752,0.006336061,0.005655607
2872,0.000180672,0.000944606,0.006298967,0.005675807
2873,0.000180292,0.000945484,0.006262179,0.0056642
2874,0.000180453,0.000945708,0.006224652,0.005683224
2875,0.000180631,0.000942525,0.006187395,0.005678949
2876,0.000180564,0.000946794,0.006149082,0.005662732
2877,0.00018057,0.000946975,0.006111366,0.005638853
2878,0.000180471,0.000945111,0.006072102,0.005660374
2879,0.000180039,0.000946776,0.006033517,0.005685689
2880,0.0001799,0.00094989,0.005995396,0.005686538
2881,0.000179578,0.00095459,0.00595651,0.005685783
2882,0.000179611,0.000959179,0.005918588,0.005728124
2883,0.000179768,0.000970489,0.005878473,0.005774256
2884,0.000180048,0.000977736,0.00583903,0.005830279
2885,0.000179994,0.000980403,0.005798333,0.005824484
2886,0.000179983,0.000978618,0.005756718,0.005786155
2887,0.000179835,0.000978379,0.005716237,0.005791541
2888,0.000179931,0.000977971,0.005675451,0.005776524
2889,0.000179741,0.000977636,0.005634499,0.005779095
2890,0.000179567,0.000977692,0.005592923,0.005767325
2891,0.000179519,0.00097485,0.005549868,0.005769559
2892,0.000179286,0.000980626,0.005507128,0.005776074
2893,0.000179084,0.000980544,0.005464776,0.005775567
2894,0.000178709,0.000981901,0.005421608,0.005755073
2895,0.000178522,0.000984591,0.005380168,0.005697659
2896,0.000178282,0.0009858,0.005337032,0.005696258
2897,0.000178159,0.000987441,0.005327204,0.005696486
2898,0.000177928,0.000988803,0.005315082,0.005745925
2899,0.00017785,0.000994678,0.00530535,0.005741991
2900,0.000177941,0.000996348,0.00529412,0.005744046
2901,0.000178025,0.000997084,0.005284089,0.00572505
2902,0.000178306,0.001005181,0.00527208,0.005714156
2903,0.000178145,0.001004201,0.005262805,0.00566203
2904,0.000177857,0.001004855,0.005253187,0.005666897
2905,0.0001778,0.001003867,0.005242524,0.005678298
2906,0.000177559,0.001003229,0.005232932,0.005703993
2907,0.00017747,0.000997749,0.005223751,0.005693228
2908,0.000177499,0.00100503,0.005215111,0.00569208
2909,0.000177047,0.001005779,0.00520652,0.005698999
2910,0.000177029,0.001012467,0.005198734,0.005732518
2911,0.000177123,0.001016204,0.00519083,0.005707046
2912,0.000177188,0.001016871,0.005183106,0.005725356
2913,0.0001772,0.00101542,0.005175139,0.005722408
2914,0.000177665,0.001017445,0.005167856,0.00574348
2915,0.000177641,0.001026538,0.00516034,0.005773646
2916,0.000177287,0.001025686,0.00515459,0.005776742
2917,0.00017732,0.001032626,0.005147226,0.005785378
2918,0.000177222,0.001040721,0.005140739,0.005777491
2919,0.000177072,0.001040857,0.005133748,0.005771169
2920,0.000177033,0.001045461,0.005127736,0.005764853
2921,0.000176841,0.001046508,0.005122394,0.005766903
2922,0.0001772,0.001048667,0.005117156,0.005721603
2923,0.000177259,0.001055516,0.005113013,0.005754813
2924,0.000177237,0.001066285,0.005108536,0.005750825
2925,0.000177281,0.001079708,0.005104052,0.005820231
2926,0.000176849,0.001083908,0.00509986,0.005802212
2927,0.000177191,0.0010857,0.005097077,0.005802031
2928,0.000177212,0.001094282,0.005093182,0.005817618
2929,0.000177147,0.001097107,0.005090522,0.005837355
2930,0.000177639,0.001099731,0.005087611,0.005830421
2931,0.000177281,0.001103928,0.005084271,0.005832674
2932,0.000176679,0.001107134,0.005082195,0.005836316
2933,0.000176542,0.001110209,0.005080007,0.005838944
2934,0.000176284,0.001109615,0.005078287,0.00583701
2935,0.000176359,0.00111973,0.00507619,0.00583607
2936,0.000176547,0.001120875,0.005075448,0.005798931
2937,0.000176629,0.001125719,0.005075221,0.005801166
2938,0.000176362,0.00112361,0.005075221,0.005783401
2939,0.000176327,0.001126981,0.005073109,0.005782008
2940,0.000176516,0.001118037,0.005072222,0.005758504
2941,0.000176678,0.001117201,0.005070986,0.005751246
2942,0.000176632,0.001118099,0.005070986,0.005709828
2943,0.000176542,0.001131815,0.005070599,0.005735214
2944,0.000176366,0.001135454,0.005070599,0.005716547
2945,0.00017628,0.001136296,0.005070599,0.005713366
2946,0.000176247,0.001139901,0.005070599,0.005726592
2947,0.000176262,0.001149539,0.005070599,0.005729787
2948,0.000176331,0.001158244,0.005070599,0.005728786
2949,0.000176417,0.001158753,0.005070599,0.005728866
2950,0.00017656,0.001158951,0.005070599,0.005745089
2951,0.000176346,0.001158629,0.005070599,0.005751954
2952,0.000175805,0.001157875,0.005070599,0.00575034
2953,0.000175735,0.001160748,0.005070599,0.005760782
2954,0.000175685,0.001162941,0.005070599,0.005754578
2955,0.000175476,0.001167229,0.005070599,0.005751054
2956,0.000176046,0.001178838,0.005070599,0.005799132
2957,0.000175983,0.0011811,0.005070599,0.005798893
2958,0.000175662,0.001180275,0.005070599,0.005780749
2959,0.000175729,0.001180628,0.005070599,0.005752446
2960,0.000175629,0.001179106,0.005070599,0.005754919
2961,0.000175713,0.001188794,0.005070599,0.005751537
2962,0.000175733,0.001191999,0.005070599,0.005751291
2963,0.000175467,0.001198118,0.005070599,0.005751295
2964,0.000174902,0.001198493,0.005070599,0.005784622
2965,0.000174795,0.001201042,0.005070599,0.005844763
2966,0.000174873,0.001204967,0.005070599,0.005844157
2967,0.000174965,0.001217271,0.005070599,0.005909477
2968,0.000175085,0.001215198,0.005070599,0.005909375
2969,0.000174666,0.001216119,0.005070599,0.005896953
2970,0.000174716,0.001216546,0.005070599,0.005884017
2971,0.000174916,0.001217342,0.005070599,0.005875948
2972,0.000175033,0.001217014,0.005070599,0.005878099
2973,0.000174804,0.00121743,0.005070599,0.005843953
2974,0.000174873,0.001226506,0.00506065,0.00588641
2975,0.000174657,0.001228062,0.005047996,0.005898026
2976,0.000174786,0.00123128,0.005036655,0.005903861
2977,0.000174878,0.001231694,0.005024722,0.005912055
2978,0.000174556,0.001242907,0.005014418,0.00591739
2979,0.000174765,0.001240453,0.005002846,0.005893712
2980,0.000174738,0.001251094,0.00499008,0.005892782
2981,0.00017459,0.001258211,0.00497675,0.005888912
2982,0.000174735,0.001265277,0.004964892,0.005889667
2983,0.00017471,0.0012633,0.004951524,0.005894776
2984,0.000174543,0.001268598,0.004938635,0.005838971
2985,0.000174813,0.001269907,0.004925305,0.005687248
2986,0.000174797,0.001273476,0.004912395,0.005677602
2987,0.000174252,0.001274835,0.00489823,0.005677799
2988,0.000173936,0.001280941,0.00488601,0.005648255
2989,0.000173752,0.001289884,0.004872139,0.005649513
2990,0.000173876,0.001287842,0.004857553,0.005662228
2991,0.000173762,0.001300587,0.004843324,0.00566037
2992,0.000173712,0.001300576,0.004829638,0.005637941
2993,0.000174114,0.001308951,0.004825355,0.005611491
2994,0.000174091,0.001308405,0.00482315,0.005590731
2995,0.000174192,0.001312036,0.004824326,0.005598694
2996,0.000174402,0.00131164,0.004827726,0.005592912
2997,0.000174383,0.001324961,0.004832267,0.005593463
2998,0.000173988,0.001331746,0.004841623,0.005593295
2999,0.000173728,0.001337518,0.004850355,0.005551088
3000,0.000173446,0.00133893,0.004862704,0.005552868
3001,0.000173699,0.001344873,0.004876363,0.005543919
3002,0.000174259,0.001356738,0.004892814,0.00553036
3003,0.000174402,0.001355094,0.004911822,0.005519108
3004,0.00017452,0.001351243,0.004932248,0.005517602
3005,0.00017453,0.001351351,0.004955133,0.005520699
3006,0.000174308,0.00135133,0.004981521,0.005536272
3007,0.000174216,0.001353976,0.005011018,0.005565989
3008,0.000174303,0.001351013,0.0050411,0.005520436
3009,0.00017453,0.001350282,0.00507399,0.005509851
3010,0.000174377,0.001351735,0.005108124,0.005504124
3011,0.000174412,0.001362601,0.005145476,0.005501403
3012,0.000174215,0.001364937,0.005139313,0.00550013
3013,0.000173875,0.001368021,0.005130373,0.005488337
3014,0.00017407,0.001375844,0.005121245,0.005468087
3015,0.000174277,0.001375843,0.005107397,0.005463739
3016,0.000174034,0.00138015,0.005092343,0.005469837
3017,0.000174089,0.001378978,0.005077214,0.005469589
3018,0.000174084,0.0013827,0.005058127,0.0054769
3019,0.000174301,0.001383093,0.005041684,0.00547252
3020,0.000174149,0.001383845,0.005024395,0.005471689
3021,0.000174182,0.001387105,0.005006083,0.005479837
3022,0.000174431,0.001385803,0.004988453,0.005453938
3023,0.000174134,0.001392605,0.004970873,0.005449284
3024,0.000174605,0.001393453,0.00495248,0.005436125
3025,0.000174627,0.001391835,0.00493377,0.005435834
3026,0.000175007,0.001393109,0.004914643,0.005452648
3027,0.000175094,0.001391884,0.004896119,0.005384968
3028,0.000175281,0.001398596,0.004878591,0.005378288
3029,0.000175569,0.001398733,0.004859242,0.005377136
3030,0.000175438,0.001397263,0.004839286,0.005348777
3031,0.000175388,0.00139789,0.004820326,0.005330062
3032,0.00017537,0.001398791,0.004800423,0.00526408
3033,0.000175377,0.001399068,0.004781771,0.005279402
3034,0.000175201,0.001407615,0.004762567,0.005276289
3035,0.000175142,0.001409639,0.004743524,0.005264928
3036,0.00017548,0.001413857,0.004723513,0.005271187
3037,0.000175448,0.001416196,0.004714394,0.005261095
3038,0.000175554,0.001415831,0.004703404,0.005240449
3039,0.000175627,0.001416041,0.004695108,0.005235416
3040,0.00017576,0.001421957,0.004686855,0.005234227
3041,0.000176055,0.001426834,0.0046788,0.005204669
3042,0.000175678,0.001432896,0.004670204,0.005227508
3043,0.000175744,0.001440854,0.004662972,0.005228197
3044,0.000175558,0.001445188,0.00465765,0.005242378
3045,0.000175682,0.001456257,0.004650548,0.005252979
3046,0.000175571,0.001461539,0.004645395,0.005261332
3047,0.000175566,0.001467383,0.004639898,0.00525261
3048,0.000175384,0.001473869,0.004635206,0.005265306
3049,0.00017548,0.001480418,0.004631916,0.005297224
3050,0.000175262,0.00148542,0.004627583,0.005307966
3051,0.000175256,0.001494418,0.004624786,0.005377001
3052,0.00017521,0.00150092,0.004623412,0.005380787
3053,0.00017503,0.001512547,0.004620759,0.005385442
3054,0.000175177,0.001514097,0.004620757,0.005402949
3055,0.000175466,0.001517562,0.004619253,0.005404364
3056,0.000175685,0.001521582,0.00461716,0.005403635
3057,0.000175469,0.001523469,0.004617948,0.00542382
3058,0.000175831,0.001529685,0.004619582,0.005587964
3059,0.000175614,0.001533929,0.004621577,0.00559023
3060,0.000175558,0.001535763,0.004622496,0.005593982
3061,0.000175725,0.001537488,0.004625057,0.005607161
3062,0.000175995,0.001543402,0.004628107,0.005606095
3063,0.000176026,0.001543056,0.004632298,0.005609178
3064,0.00017629,0.001545471,0.004636585,0.005584668
3065,0.000176161,0.001543039,0.004641143,0.005587413
3066,0.000176161,0.001546639,0.004645585,0.005571145
3067,0.000176399,0.001550108,0.00465194,0.005573041
3068,0.0001762,0.001553476,0.004657544,0.005567066
3069,0.000176702,0.001559401,0.004664301,0.005574989
3070,0.000176959,0.00156538,0.004671905,0.005573902
3071,0.000176836,0.001571118,0.004679185,0.005632535
3072,0.00017709,0.001574655,0.004687622,0.005600065
3073,0.000177089,0.001576453,0.004694561,0.005601586
3074,0.000177533,0.00157648,0.004703464,0.005625933
3075,0.000177377,0.00157526,0.004714953,0.005612435
3076,0.000177518,0.001580084,0.004724959,0.00561874
3077,0.000177595,0.001580792,0.004736187,0.005607901
3078,0.00017761,0.001583254,0.004747773,0.005598223
3079,0.000177829,0.001585128,0.004759615,0.005600742
3080,0.000177819,0.001588613,0.004771386,0.005614377
3081,0.000178095,0.001588729,0.004784948,0.005602409
3082,0.000178203,0.001598899,0.004797701,0.005639286
3083,0.000177747,0.001602257,0.004811939,0.00562807
3084,0.000177496,0.001604185,0.004825677,0.005626551
3085,0.000177252,0.001605593,0.004840663,0.005626535
3086,0.000176757,0.001604237,0.004856862,0.005662082
3087,0.000176775,0.001604906,0.004873736,0.005662608
3088,0.00017669,0.001602348,0.004890584,0.005687451
3089,0.000177013,0.001599294,0.004907581,0.005681963
3090,0.000176716,0.001602497,0.004924406,0.005682221
3091,0.000176593,0.001602594,0.004941131,0.005686403
3092,0.000177075,0.001602773,0.0049607,0.00571712
3093,0.000177135,0.001603644,0.004980945,0.005719378
3094,0.000177068,0.001617017,0.004999071,0.005699446
3095,0.000177202,0.001615794,0.005019133,0.005744542
3096,0.000177537,0.001622947,0.005041222,0.005755621
3097,0.000177155,0.001628084,0.005062856,0.005738418
3098,0.000177279,0.00164116,0.005085317,0.005719384
3099,0.000176865,0.001639386,0.005107418,0.005749993
3100,0.000177375,0.001642868,0.005130045,0.005805211
3101,0.000177629,0.001652082,0.005153114,0.005800826
3102,0.000177649,0.001659248,0.005177542,0.005755271
3103,0.0001777,0.001659934,0.005202546,0.005749164
3104,0.000177586,0.001661947,0.005226677,0.005739006
3105,0.000177885,0.001668298,0.005252242,0.005792639
3106,0.000178211,0.001671765,0.005278457,0.005796867
3107,0.000178086,0.001672354,0.005258562,0.005779462
3108,0.000177522,0.001675662,0.00523897,0.005752685
3109,0.000177606,0.001679427,0.005218664,0.005653034
3110,0.000177667,0.001685535,0.005198741,0.005650121
3111,0.000178029,0.001684656,0.005177927,0.00564775
3112,0.000177865,0.00168413,0.005155042,0.005712078
3113,0.00017784,0.001687884,0.005133821,0.005740668
3114,0.000177304,0.001687647,0.005112857,0.005691231
3115,0.000176975,0.001686177,0.005089813,0.005682644
3116,0.000177021,0.001685586,0.005065251,0.005684392
3117,0.000176871,0.001684053,0.005043492,0.00571081
3118,0.000177032,0.001683412,0.005021252,0.005722584
3119,0.000176726,0.001682551,0.005000248,0.005723111
3120,0.000176479,0.001681028,0.004997386,0.005748452
3121,0.000176686,0.001679826,0.00499375,0.005765268
3122,0.00017642,0.001680919,0.004989865,0.005756066
3123,0.000176041,0.001680738,0.004987801,0.005813907
3124,0.000175843,0.001680384,0.004984323,0.005787076
3125,0.00017576,0.00167961,0.004983996,0.005791645
3126,0.000175615,0.001679009,0.004982238,0.005792161
3127,0.000175314,0.001685514,0.004979695,0.005792801
3128,0.000175354,0.001689183,0.004978339,0.005793057
3129,0.000175111,0.001691093,0.004974888,0.005784268
3130,0.000175126,0.001690116,0.004973187,0.005797248
3131,0.000175079,0.001687797,0.004970024,0.005779264
3132,0.000174868,0.001688362,0.004968265,0.005791548
3133,0.000175377,0.001685523,0.004965391,0.005784014
3134,0.00017552,0.001684678,0.004963219,0.005786205
3135,0.000175661,0.001686444,0.004959008,0.00578698
3136,0.000175841,0.001686431,0.004955476,0.005791936
3137,0.000175564,0.001685234,0.004953852,0.005794542
3138,0.000175747,0.001687456,0.004953458,0.005794821
3139,0.000175756,0.001686162,0.004949929,0.005814751
3140,0.000175806,0.001687281,0.004950461,0.005794534
3141,0.000175621,0.001687011,0.004948059,0.005783921
3142,0.000175492,0.001686911,0.004946364,0.005763388
3143,0.000175616,0.001685945,0.004945027,0.005771624
3144,0.000175438,0.001688414,0.004945521,0.005792558
3145,0.000175362,0.001688628,0.004945298,0.005791939
3146,0.000175232,0.001686366,0.004943459,0.005797506
3147,0.000175172,0.001691226,0.004942277,0.005797128
3148,0.00017485,0.001690979,0.004940741,0.005810443
3149,0.000174952,0.001693176,0.004939704,0.005756547
3150,0.000174805,0.001690332,0.004938858,0.005757673
3151,0.000174904,0.001688863,0.004937413,0.005771044
3152,0.000174609,0.001688012,0.004937387,0.005768206
3153,0.000174783,0.00168756,0.004936607,0.005743959
3154,0.000174461,0.001690071,0.004936903,0.005740118
3155,0.000174597,0.001687466,0.00493769,0.005743514
3156,0.000174588,0.001695249,0.004937793,0.0057427
3157,0.000174473,0.001695366,0.004936659,0.005744689
3158,0.000174371,0.00170068,0.004936118,0.005743954
3159,0.000174144,0.001698114,0.004937287,0.005751208
3160,0.000174008,0.001700114,0.00493694,0.005756403
3161,0.000173776,0.001699391,0.004937853,0.005755156
3162,0.000173946,0.001701494,0.00494419,0.005746259
3163,0.0001738,0.001700514,0.004951549,0.005743445
3164,0.000173777,0.001699041,0.004958927,0.00570805
3165,0.000173568,0.001700261,0.004969656,0.005701343
3166,0.000173761,0.001695799,0.004976733,0.005723085
3167,0.000173803,0.001694373,0.004984843,0.005710538
3168,0.000173776,0.001696375,0.004993548,0.00571052
3169,0.000173728,0.001704299,0.005002668,0.005735332
3170,0.000173482,0.00170375,0.005012462,0.005716346
3171,0.000173336,0.001701495,0.005021213,0.005701274
3172,0.000173279,0.001697606,0.005030093,0.005708767
3173,0.000173256,0.001695267,0.005040675,0.005693693
3174,0.000173469,0.001691488,0.005050569,0.005695074
3175,0.000173206,0.001690498,0.005061333,0.005696371
3176,0.000173394,0.001692231,0.005072205,0.005699387
3177,0.000173576,0.001692657,0.005084163,0.00569988
3178,0.000173506,0.00170445,0.005094799,0.005711423
3179,0.000173237,0.00170379,0.005104381,0.005710632
3180,0.000173041,0.001706116,0.005115632,0.005728521
3181,0.000173186,0.001705163,0.005126516,0.005735801
3182,0.000173451,0.001707924,0.005138106,0.005735831
3183,0.000173131,0.00171327,0.005150323,0.005710468
3184,0.000172844,0.001721867,0.005160526,0.005705297
3185,0.000172427,0.001721354,0.005172701,0.005706201
3186,0.000172613,0.001723642,0.005185867,0.005713059
3187,0.000172223,0.001726924,0.00519694,0.005713866
3188,0.000172111,0.001725435,0.005209096,0.005715745
3189,0.000171964,0.001722167,0.005220368,0.005715643
3190,0.000172142,0.00172113,0.005231919,0.005711505
3191,0.000172091,0.001721426,0.00524419,0.005725105
3192,0.000172216,0.001717179,0.005257649,0.005738747
3193,0.000172421,0.001717841,0.005271052,0.005773295
3194,0.000172244,0.001717637,0.005283572,0.005795317
3195,0.000171935,0.001716673,0.005296765,0.00579871
3196,0.000171921,0.001719913,0.00530759,0.005805498
3197,0.000171678,0.001720121,0.005320056,0.00579613
3198,0.000171391,0.001719808,0.00533267,0.005789554
3199,0.000171244,0.001716824,0.005345898,0.005784489
3200,0.000170781,0.001714454,0.005358333,0.005786021
3201,0.000170823,0.001716354,0.005370781,0.00578726
3202,0.000171272,0.001716836,0.005383288,0.005776302
3203,0.000171213,0.001721177,0.005396843,0.005795548
3204,0.000170915,0.00172457,0.005410354,0.005796325
3205,0.000171054,0.001726979,0.00542347,0.005798906
3206,0.000170951,0.001728496,0.005437506,0.005800267
3207,0.000170726,0.001725095,0.005450925,0.00578888
3208,0.000171077,0.001724951,0.005464112,0.005787159
3209,0.000171097,0.001722802,0.005477337,0.005743345
3210,0.000171126,0.001719653,0.005489738,0.005737435
3211,0.000171023,0.001720053,0.005503679,0.005735264
3212,0.000170708,0.001718466,0.005518044,0.005735396
3213,0.000170778,0.001720976,0.005532364,0.005733024
3214,0.000170189,0.00172087,0.005548166,0.005712065
3215,0.000169819,0.001721455,0.005562104,0.005705095
3216,0.000169332,0.001721314,0.005575519,0.005692433
3217,0.000169436,0.001722321,0.005591005,0.005689375
3218,0.000169581,0.001724464,0.005606428,0.005700947
3219,0.000169606,0.001727138,0.005620407,0.00569477
3220,0.000169484,0.001731889,0.005634935,0.005689923
3221,0.000169661,0.00173396,0.005649265,0.005687157
3222,0.000169513,0.001735708,0.005664345,0.005677479
3223,0.000169498,0.001735472,0.005678941,0.005680449
3224,0.000169332,0.00173417,0.005694333,0.005630869
3225,0.000169452,0.001732235,0.005709946,0.00562955
3226,0.00016918,0.001731559,0.005726288,0.005650507
3227,0.000169152,0.001732151,0.005741166,0.005645422
3228,0.000169072,0.001734366,0.005756892,0.005645309
3229,0.000168955,0.001737046,0.005772875,0.005653744
3230,0.000168714,0.001736777,0.005788418,0.005641656
3231,0.000168583,0.001732153,0.005804937,0.005641658
3232,0.000168873,0.001733594,0.005820777,0.005641492
3233,0.000168812,0.001734123,0.005836507,0.005643896
3234,0.000168606,0.001738483,0.005853602,0.005647915
3235,0.000168577,0.001739937,0.005868905,0.00566346
3236,0.000168436,0.001739609,0.005885562,0.005663861
3237,0.000167897,0.001739044,0.005901055,0.005668029
3238,0.000167895,0.001742029,0.005917493,0.005667868
3239,0.000167798,0.001741398,0.005934155,0.00567883
3240,0.000167914,0.001741855,0.005950989,0.00565394
3241,0.000168101,0.001740492,0.005968224,0.005637307
3242,0.000167949,0.001740948,0.005972406,0.005629766
3243,0.000167976,0.001739715,0.005977777,0.005634305
3244,0.000168007,0.001740977,0.005983965,0.00563827
3245,0.000167922,0.001746032,0.005988261,0.005627366
3246,0.000168002,0.001751212,0.005993051,0.005628864
3247,0.000167786,0.001751442,0.006000316,0.005626359
3248,0.000167614,0.00175187,0.006005206,0.005624497
3249,0.000167415,0.001752339,0.006008207,0.005661109
3250,0.000167425,0.001752066,0.006012941,0.005660544
3251,0.000167223,0.001752731,0.006017582,0.005663732
3252,0.000166967,0.001750708,0.00602029,0.005655479
3253,0.000166881,0.001753342,0.006025359,0.005701712
3254,0.000166766,0.001755933,0.006031105,0.005713453
3255,0.000166483,0.001753361,0.00603591,0.005712553
3256,0.000166648,0.001756147,0.006040488,0.005715248
3257,0.000166514,0.001756934,0.006045067,0.005703846
3258,0.000166599,0.001757081,0.006047445,0.005706622
3259,0.000166484,0.00176115,0.006051777,0.00570454
3260,0.000166262,0.001759267,0.006055814,0.005678731
3261,0.000166592,0.00175715,0.006058207,0.00567908
3262,0.000166807,0.001760611,0.006061469,0.005674039
3263,0.000166892,0.001763605,0.006066333,0.005643389
3264,0.000166354,0.001765273,0.006069646,0.005659328
3265,0.000166119,0.001767088,0.006072287,0.005670947
3266,0.000165994,0.001767161,0.00607516,0.005652955
3267,0.000165708,0.001769761,0.006075863,0.005631373
3268,0.000165857,0.001769235,0.006077287,0.005654436
3269,0.000165832,0.00176839,0.006078583,0.00564763
3270,0.000165571,0.001767706,0.006081019,0.005651096
3271,0.000165633,0.001768792,0.006083438,0.005641502
3272,0.000165512,0.0017699,0.006085731,0.00564444
3273,0.000165359,0.001770804,0.006086952,0.005637997
3274,0.000165164,0.001772294,0.006088629,0.005640822
3275,0.000164987,0.001772098,0.006090783,0.005646567
3276,0.000165179,0.001774254,0.006091396,0.005670982
3277,0.000165214,0.001774088,0.006094173,0.005675252
3278,0.00016511,0.001773141,0.006095445,0.005666494
3279,0.000164984,0.001770373,0.006098059,0.005664409
3280,0.000164757,0.001770857,0.006099477,0.005654298
3281,0.000164563,0.00177436,0.006099397,0.005647716
3282,0.000164866,0.001774028,0.006100329,0.005645896
3283,0.000164687,0.001768207,0.006099784,0.005643405
3284,0.00016477,0.001768091,0.006100214,0.005629361
3285,0.000164402,0.001767198,0.006098203,0.005627285
3286,0.000163949,0.00176394,0.006098399,0.005623556
3287,0.000163681,0.001763458,0.0060974,0.005628184
3288,0.000163845,0.001765386,0.006096491,0.005628447
3289,0.000163579,0.001765142,0.006096383,0.005627721
3290,0.000163825,0.001766575,0.006096009,0.005658987
3291,0.000163711,0.001766838,0.006095351,0.005656819
3292,0.000163738,0.001767032,0.006093365,0.005676262
3293,0.000163725,0.00176557,0.006091444,0.005674701
3294,0.000163674,0.001767487,0.006090724,0.00567316
3295,0.000163497,0.001767161,0.006088801,0.005663376
3296,0.000163755,0.001769771,0.00608861,0.005675394
3297,0.000163431,0.001769724,0.006087773,0.005630064
3298,0.000163402,0.001768144,0.006085932,0.005632296
3299,0.000163027,0.001768295,0.006073133,0.005625548
3300,0.000163179,0.001766855,0.006059269,0.005609911
3301,0.000163352,0.00176513,0.00604362,0.005608763
3302,0.000163298,0.001764543,0.006027852,0.005649464
3303,0.000162788,0.001761854,0.006011632,0.005651763
3304,0.000162805,0.00176082,0.005995826,0.005657827
3305,0.000163138,0.00176146,0.005980153,0.005652191
3306,0.000163441,0.001760121,0.005962051,0.005616825
3307,0.00016322,0.001756866,0.005944537,0.005576966
3308,0.000162975,0.001758254,0.005925831,0.005560967
3309,0.00016315,0.001758906,0.005905995,0.005558411
3310,0.000163372,0.001761898,0.005886161,0.005557092
3311,0.000163324,0.0017633,0.005866405,0.005552987
3312,0.000163202,0.001762674,0.00584577,0.005542217
3313,0.000163054,0.001761906,0.005825527,0.00554362
3314,0.000163326,0.001759458,0.005819265,0.005544909
3315,0.000163395,0.001759701,0.005813624,0.005533656
3316,0.00016361,0.001759422,0.005805285,0.005540408
3317,0.000163555,0.001758967,0.005798038,0.00552617
3318,0.000163741,0.001758523,0.005789513,0.005527671
3319,0.000163689,0.001759095,0.005782214,0.005527599
3320,0.000163639,0.001758371,0.005774673,0.005493014
3321,0.00016358,0.001758336,0.00576853,0.005473062
3322,0.000163644,0.001758274,0.005760679,0.005470075
3323,0.000163685,0.001758284,0.005753732,0.005461288
3324,0.000163469,0.00175698,0.005745004,0.005461289
3325,0.000163439,0.001757274,0.005738371,0.00545176
3326,0.000163093,0.001756586,0.00573043,0.005445482
3327,0.00016278,0.00175642,0.005721175,0.005443371
3328,0.000162457,0.001755234,0.00571374,0.005438647
3329,0.000162542,0.001752478,0.00570652,0.005409112
3330,0.000162344,0.001752236,0.005700014,0.005380129
3331,0.000162129,0.001753289,0.005693909,0.00537446
3332,0.00016246,0.001753349,0.005686946,0.005377248
3333,0.000162662,0.001754058,0.005680461,0.005386103
3334,0.000162586,0.001754706,0.005673278,0.005379672
3335,0.00016246,0.001754015,0.005666602,0.005373063
3336,0.000162345,0.001749026,0.005660837,0.005372407
3337,0.00016233,0.001749034,0.005653725,0.005371605
3338,0.000162264,0.001748664,0.005647045,0.005364962
3339,0.000162093,0.001749024,0.005641256,0.005352804
3340,0.000162051,0.00174922,0.005635164,0.005353742
3341,0.000161711,0.001747039,0.005628662,0.0053442
3342,0.000161514,0.001744791,0.005623204,0.005338748
3343,0.000161355,0.001742939,0.005618544,0.005348898
3344,0.000161138,0.001742914,0.005613649,0.005350154
3345,0.000161036,0.001742093,0.00560891,0.005322247
3346,0.000160741,0.001735213,0.005604296,0.005328663
3347,0.00016112,0.001735769,0.005599314,0.005344189
3348,0.000160838,0.001734475,0.005595058,0.005347097
3349,0.000160311,0.001726919,0.00559227,0.00535648
3350,0.000160124,0.001724232,0.005589123,0.005360595
3351,0.00015986,0.001722708,0.005586341,0.005358946
3352,0.000160036,0.001721189,0.005582833,0.005361078
3353,0.000159991,0.001719962,0.00557992,0.005370657
3354,0.000160151,0.001721069,0.005576796,0.005357593
3355,0.000159956,0.001722294,0.005574412,0.005358277
3356,0.000159878,0.001717605,0.005572369,0.005361102
3357,0.000159773,0.001714894,0.005569392,0.005380878
3358,0.00015968,0.001714962,0.005567003,0.005363089
3359,0.000159724,0.001710891,0.005565222,0.005358323
3360,0.00015959,0.001710905,0.005564553,0.005360837
3361,0.000159394,0.00170854,0.005563833,0.005364774
3362,0.000159078,0.001708238,0.005563239,0.005370994
3363,0.000158874,0.001708697,0.005562111,0.005357152
3364,0.000158716,0.00170524,0.005561759,0.005292707
3365,0.000158744,0.001701552,0.005560289,0.005295869
3366,0.000158921,0.001697015,0.005559222,0.005293897
3367,0.000159141,0.001693103,0.005558933,0.005299175
3368,0.000159148,0.001690831,0.005558933,0.005288742
3369,0.00015927,0.001689225,0.005558933,0.005285546
3370,0.000159394,0.0016892,0.005558927,0.005288932
3371,0.000159478,0.001684765,0.005558927,0.005291967
3372,0.000159539,0.0016807,0.005569425,0.005271669
3373,0.000159538,0.001680719,0.005579191,0.005267549
3374,0.000159325,0.001677386,0.005588935,0.005233138
3375,0.000159215,0.001676171,0.005599908,0.005240015
3376,0.000158981,0.001672031,0.005609515,0.005255318
3377,0.000158852,0.001670692,0.005619991,0.005254576
3378,0.000158637,0.001671256,0.005629481,0.005232917
3379,0.000158718,0.001669807,0.005639553,0.005199675
3380,0.000158734,0.001666832,0.005650237,0.005199609
3381,0.000158993,0.001663644,0.005659949,0.005206379
3382,0.00015878,0.001659496,0.005669783,0.005178105
3383,0.000158951,0.001647995,0.005680042,0.005130421
3384,0.000158661,0.001639718,0.005691437,0.005074271
3385,0.000158572,0.001636199,0.005700877,0.00507133
3386,0.000158681,0.00163527,0.005711085,0.005046879
3387,0.000158546,0.00163494,0.005722399,0.005056917
3388,0.000158367,0.001635216,0.005731735,0.00503538
3389,0.000158397,0.001635116,0.005743796,0.005029761
3390,0.000158501,0.001635819,0.005754825,0.005029049
3391,0.000158409,0.001635734,0.005767128,0.005048545
3392,0.000158495,0.001628835,0.005777607,0.005046029
3393,0.000158445,0.001628171,0.005789317,0.005073626
3394,0.000158628,0.001627591,0.005800155,0.005073042
3395,0.000158806,0.001623095,0.005811684,0.005075198
3396,0.000159054,0.001623074,0.005822633,0.005103471
3397,0.000158992,0.001622613,0.00583373,0.005099787
3398,0.000158888,0.001621121,0.00584421,0.005041054
3399,0.000158858,0.001613368,0.005854049,0.005026454
3400,0.000158649,0.001610818,0.005865769,0.005024704
3401,0.000158462,0.001608671,0.005879131,0.005033054
3402,0.000157952,0.001600248,0.00589086,0.005048906
3403,0.000157775,0.001598952,0.005902539,0.005045749
3404,0.000157955,0.001597816,0.005914933,0.005104462
3405,0.000157967,0.001596691,0.005926661,0.005123486
3406,0.000158184,0.001595677,0.005938573,0.005116387
3407,0.000158317,0.001594476,0.005950086,0.005137338
3408,0.000158315,0.00158777,0.005961898,0.005269
3409,0.000158313,0.001586331,0.00597509,0.00527313
3410,0.000158603,0.00158114,0.005987112,0.005259075
3411,0.00015866,0.001573987,0.0059999,0.0052631
3412,0.00015877,0.001570607,0.006012402,0.005258069
3413,0.00015901,0.001562938,0.006024666,0.005263549
3414,0.000158915,0.001557878,0.006037775,0.005259086
3415,0.000158742,0.001547923,0.006051303,0.005238659
3416,0.000158922,0.001547036,0.006063591,0.005259362
3417,0.000158991,0.001540659,0.006076978,0.005235378
3418,0.000158678,0.001531741,0.006090726,0.005258029
3419,0.000158727,0.001532862,0.006103852,0.005271918
3420,0.000158691,0.001529079,0.006117199,0.005269672
3421,0.000158842,0.001526848,0.006130685,0.005270799
3422,0.000158706,0.001527235,0.006144384,0.005311815
3423,0.000158538,0.001519232,0.006157306,0.005280658
3424,0.000158615,0.001508653,0.006170708,0.005276694
3425,0.000158601,0.001497149,0.006184796,0.005193008
3426,0.000158932,0.001495156,0.00619821,0.005191277
3427,0.000158548,0.001494117,0.006212145,0.005205434
3428,0.000158356,0.001485248,0.00622617,0.005192479
3429,0.000158102,0.001481818,0.006239824,0.005169449
3430,0.000157683,0.001478089,0.00625415,0.005166855
3431,0.00015789,0.001473301,0.00626932,0.005165354
3432,0.000157883,0.001461802,0.006283216,0.005160616
3433,0.000157889,0.001454799,0.006297311,0.005156839
3434,0.000157914,0.001457997,0.006311785,0.005172455
3435,0.000157951,0.001447908,0.006325666,0.005192365
3436,0.000157766,0.001449296,0.00634002,0.005192848
3437,0.000157255,0.001449853,0.006353889,0.005180955
3438,0.000157531,0.001444815,0.006367594,0.005183367
3439,0.000157551,0.001440641,0.0063828,0.005177095
3440,0.000157487,0.001440421,0.006398415,0.005181619
3441,0.000157747,0.001436247,0.006414695,0.005175743
3442,0.0001577,0.001436519,0.006429828,0.005177629
3443,0.000157804,0.001423061,0.006445767,0.005165388
3444,0.000157708,0.001417864,0.006460982,0.005166226
3445,0.00015771,0.001415604,0.006475998,0.005166877
3446,0.000157837,0.001410282,0.006491989,0.00515135
3447,0.00015765,0.001405521,0.006507487,0.005148315
3448,0.000157167,0.001394931,0.006523655,0.005187391
3449,0.000157102,0.001394977,0.006539671,0.005189801
3450,0.000156951,0.001397514,0.006554952,0.005181725
3451,0.000156709,0.001394755,0.006570236,0.005176009
3452,0.000156722,0.001394969,0.006585645,0.005176621
3453,0.000156648,0.001390945,0.006601383,0.005175211
3454,0.000156726,0.001388522,0.006618214,0.005173287
3455,0.0001568,0.001386216,0.006634467,0.005199738
3456,0.000156392,0.001374452,0.006651798,0.00515678
3457,0.000156471,0.001373548,0.006668646,0.005159453
3458,0.000156363,0.001373119,0.006685111,0.005163581
3459,0.000156191,0.001372073,0.00670122,0.005157595
3460,0.000156105,0.001373274,0.006716697,0.005139242
3461,0.000155963,0.001365327,0.00673423,0.005159415
3462,0.00015594,0.001361292,0.006751988,0.00516051
3463,0.000155912,0.001354321,0.006768832,0.005195657
3464,0.000156079,0.001353329,0.006787041,0.005156114
3465,0.000156069,0.001352042,0.00680416,0.005083405
3466,0.000155913,0.001348323,0.00682139,0.005084836
3467,0.000155666,0.001338417,0.006839456,0.00501928
3468,0.000155426,0.001340768,0.006856878,0.005019347
3469,0.000155385,0.001338016,0.006874078,0.005019462
3470,0.000155388,0.001337795,0.006891424,0.005038155
3471,0.000155146,0.001338678,0.006907968,0.005026324
3472,0.00015507,0.001340878,0.006925657,0.00502635
3473,0.000154979,0.001343249,0.006943469,0.005013476
3474,0.000154787,0.001335319,0.006962165,0.004972973
3475,0.000154673,0.001334059,0.006980572,0.004962654
3476,0.000154523,0.00132847,0.006998163,0.004964686
3477,0.000154738,0.001331619,0.00701684,0.004956628
3478,0.000154896,0.001323082,0.007035269,0.005041712
3479,0.0001547,0.001319188,0.007054605,0.005041129
3480,0.000154311,0.001309262,0.007073596,0.005041813
3481,0.000154465,0.001303148,0.007092021,0.005065671
3482,0.000154244,0.001296155,0.007111268,0.005113206
3483,0.000153889,0.001296024,0.007129679,0.005093908
3484,0.000153763,0.001292885,0.007147796,0.005092754
3485,0.00015378,0.00129278,0.007166774,0.005093825
3486,0.000153825,0.001288788,0.007186039,0.005094078
3487,0.000154139,0.001286207,0.007205705,0.005093628
3488,0.000154071,0.001285571,0.007224755,0.005117604
3489,0.000154249,0.001282585,0.007243946,0.005114005
3490,0.00015426,0.001283958,0.007263654,0.005092976
3491,0.000154176,0.001271747,0.007282929,0.005089487
3492,0.000154116,0.001270704,0.007303374,0.005101774
3493,0.000153748,0.001261402,0.007311839,0.005112031
3494,0.000153522,0.001262017,0.007318479,0.005112396
3495,0.000153561,0.001259914,0.007322667,0.005123421
3496,0.000153481,0.001261533,0.0073246,0.00511898
3497,0.000153288,0.001249591,0.007324385,0.005117486
3498,0.000153032,0.001244503,0.007320235,0.005117023
3499,0.000153085,0.001239174,0.007315952,0.005149606
3500,0.000153111,0.001236887,0.007307936,0.005146824
3501,0.000152845,0.00123291,0.00730026,0.005145086
3502,0.000152014,0.001223185,0.007288783,0.00515183
3503,0.000152025,0.001224285,0.007276173,0.005229182
3504,0.000151672,0.001230263,0.007261131,0.005230043
3505,0.000151457,0.001229637,0.007243987,0.005225466
3506,0.000151552,0.001224476,0.007222851,0.005210942
3507,0.000151252,0.001223002,0.007197619,0.0051741
3508,0.000151078,0.001223073,0.007172115,0.005168618
3509,0.000150817,0.001227407,0.007144046,0.005172936
3510,0.00015075,0.001226186,0.007113807,0.005171998
3511,0.00015061,0.001214874,0.007080228,0.005180624
3512,0.000150883,0.001212091,0.007090033,0.005182105
3513,0.000150876,0.001209053,0.007103707,0.005168219
3514,0.000150286,0.001199468,0.00711776,0.005168286
3515,0.00015011,0.00120009,0.007135993,0.005165795
3516,0.000150401,0.001197072,0.007155092,0.005155591
3517,0.000150302,0.001198764,0.007174398,0.005157068
3518,0.000150396,0.001194631,0.007196865,0.005147754
3519,0.000150334,0.001199924,0.007218444,0.005155844
3520,0.000150205,0.001203042,0.007241129,0.005162033
3521,0.000150289,0.001200792,0.007262587,0.005133854
3522,0.000150039,0.001202372,0.007285328,0.005132519
3523,0.000149979,0.001195863,0.007306869,0.005142332
3524,0.000149327,0.001194015,0.007328091,0.005180248
3525,0.000149548,0.00119593,0.007351384,0.005184008
3526,0.000149388,0.001195033,0.007373075,0.005164008
3527,0.000149082,0.001196901,0.007394566,0.00516164
3528,0.000148747,0.00118925,0.007416985,0.005148167
3529,0.000148317,0.001191642,0.007439263,0.005153605
3530,0.00014807,0.001196563,0.007462598,0.005154125
3531,0.000148014,0.001195452,0.00748469,0.005174545
3532,0.000147805,0.001195283,0.007507143,0.005187834
3533,0.000147692,0.001196001,0.007530471,0.005197287
3534,0.000147604,0.00118614,0.007552907,0.00520343
3535,0.000147476,0.001185895,0.00757656,0.00520351
3536,0.000147247,0.001183104,0.007600324,0.005197737
3537,0.000147262,0.001179702,0.007614551,0.005213568
3538,0.000147261,0.001178744,0.007628842,0.0052091
3539,0.000146992,0.001180759,0.007639295,0.005208372
3540,0.000146775,0.001177739,0.00764996,0.005207451
3541,0.000146917,0.00117416,0.00765981,0.005201819
3542,0.000147119,0.001171081,0.007670364,0.005181097
3543,0.000147033,0.001167383,0.007680002,0.005176222
3544,0.000146903,0.001165659,0.007688409,0.005165181
3545,0.000146774,0.001156493,0.007697339,0.005173997
3546,0.000146766,0.001154416,0.007706188,0.005164419
3547,0.000146742,0.001149782,0.007712896,0.005166752
3548,0.000146926,0.001142946,0.007719952,0.005144466
3549,0.000147134,0.001137219,0.00772612,0.005115232
3550,0.00014682,0.001130364,0.007732534,0.005103564
3551,0.000146726,0.001123681,0.007738013,0.005039397
3552,0.000146787,0.001116947,0.007727018,0.005033372
3553,0.00014674,0.001106812,0.007716352,0.005029545
3554,0.000146644,0.001107091,0.007704592,0.004990567
3555,0.000146583,0.001104523,0.007691502,0.004988223
3556,0.000146378,0.001102238,0.007678555,0.005007387
3557,0.000146253,0.001102985,0.007664761,0.004980706
3558,0.000146006,0.001099167,0.007649228,0.004847588
3559,0.000146216,0.001095349,0.00763291,0.004844105
3560,0.00014629,0.00109157,0.007617432,0.0048585
3561,0.000146041,0.001093382,0.007599691,0.004848694
3562,0.000145799,0.001084379,0.007582102,0.004847206
3563,0.000145261,0.001085206,0.007563789,0.00484675
3564,0.000145381,0.00108015,0.007544687,0.004847827
3565,0.000145762,0.00108043,0.007524121,0.004873861
3566,0.000145912,0.001077127,0.007503594,0.004863522
3567,0.00014642,0.001074415,0.007480966,0.004858126
3568,0.000146376,0.001069919,0.007457863,0.004875427
3569,0.000145569,0.001069092,0.007435764,0.004868157
3570,0.000145482,0.001068048,0.00741128,0.004869599
3571,0.000145684,0.001062076,0.007386736,0.004791804
3572,0.000145913,0.001060244,0.007361997,0.004795912
3573,0.00014611,0.001058187,0.007336019,0.004795095
3574,0.000146151,0.001062236,0.00730986,0.004774769
3575,0.000146102,0.001061953,0.007282793,0.004798967
3576,0.000146044,0.001060518,0.00725534,0.004792196
3577,0.000145897,0.001059946,0.007226541,0.004805313
3578,0.000145935,0.001055856,0.007197573,0.004804408
3579,0.000145775,0.001056337,0.007167755,0.004794462
3580,0.000145868,0.00105275,0.007137101,0.004784174
3581,0.000145898,0.001053075,0.007105361,0.004789169
3582,0.000145924,0.001044969,0.007072527,0.00474682
3583,0.000145995,0.001046381,0.007039362,0.004739083
3584,0.000146156,0.001051249,0.007005823,0.004739401
3585,0.000146361,0.001047615,0.006972858,0.004741028
3586,0.000146501,0.001049457,0.006936434,0.004681332
3587,0.00014647,0.001047894,0.006899007,0.004725411
3588,0.000146553,0.001048766,0.006863536,0.004698207
3589,0.000146728,0.00105006,0.006827205,0.004711735
3590,0.000146835,0.001046208,0.006791202,0.004709605
3591,0.000146764,0.001046881,0.006753162,0.004730163
3592,0.000146391,0.001045454,0.006712833,0.004696187
3593,0.00014655,0.001045305,0.006673125,0.004685499
3594,0.000146421,0.001032819,0.006633862,0.004689913
3595,0.000146645,0.001035256,0.006592994,0.004631114
3596,0.000146278,0.001030267,0.006551265,0.004622256
3597,0.000146469,0.001029553,0.006509094,0.004621714
3598,0.000146651,0.001016802,0.006464667,0.004676519
3599,0.000146532,0.001016423,0.006420936,0.00464925
3600,0.000146227,0.001011651,0.006374207,0.004596372
3601,0.000146095,0.001001391,0.006329455,0.004595251
3602,0.0001458,0.000997361,0.006283252,0.004594759
3603,0.000145641,0.000991672,0.006234712,0.004598724
3604,0.000145216,0.000990661,0.006187917,0.004598038
3605,0.00014457,0.000981956,0.006138945,0.00454123
3606,0.00014417,0.000978957,0.006090515,0.004558841
3607,0.000144096,0.000977204,0.006087455,0.004573974
3608,0.000144406,0.000973994,0.006084718,0.004581388
3609,0.000143943,0.000970193,0.006081144,0.004584817
3610,0.000143695,0.000964061,0.006078415,0.004588488
3611,0.000143582,0.000963106,0.006075264,0.004559294
3612,0.000143343,0.000961663,0.006072737,0.004478131
3613,0.000143104,0.000959469,0.006070475,0.004439204
3614,0.000143301,0.000961291,0.006066659,0.004439172
3615,0.000143439,0.000962533,0.00606438,0.004437943
3616,0.00014338,0.000962875,0.006062354,0.00443299
3617,0.000143,0.000963289,0.006060344,0.00442232
3618,0.000142781,0.000963127,0.006056542,0.004381823
3619,0.00014263,0.000963669,0.006052411,0.004383986
3620,0.000142558,0.00096389,0.006049664,0.004348952
3621,0.000142471,0.000962338,0.006047177,0.00432921
3622,0.00014248,0.000962451,0.006046015,0.004326656
3623,0.000142675,0.000963335,0.006045203,0.00426364
3624,0.000142339,0.000963851,0.006043426,0.004261566
3625,0.000142259,0.000968998,0.006041099,0.004247635
3626,0.000142504,0.000971782,0.006039605,0.0042467
3627,0.000142825,0.000969287,0.00603812,0.004224162
3628,0.000142572,0.000971749,0.00603554,0.004224811
3629,0.000142682,0.000973162,0.006033419,0.004226321
3630,0.000142891,0.000971179,0.006031217,0.004215382
3631,0.000143123,0.000972525,0.006030165,0.004221049
3632,0.000142952,0.00097105,0.00603018,0.004209171
3633,0.000142699,0.000974025,0.006030833,0.004208211
3634,0.000142509,0.000976908,0.006029702,0.004214215
3635,0.000142522,0.000979301,0.006029027,0.004213324
3636,0.000142321,0.000988016,0.006027776,0.004215886
3637,0.000142685,0.000990883,0.006028246,0.004189724
3638,0.000142461,0.000988686,0.006027247,0.004168508
3639,0.000142648,0.000990145,0.006028837,0.004129278
3640,0.000142645,0.000992167,0.006027067,0.004127056
3641,0.000142763,0.000993551,0.006026636,0.004126154
3642,0.000143121,0.000991328,0.00602595,0.004122724
3643,0.000143103,0.000990981,0.006027264,0.004113502
3644,0.000143166,0.000989376,0.006027352,0.004085984
3645,0.000143113,0.000987755,0.006025736,0.004102275
3646,0.000143216,0.000989987,0.006025408,0.004100021
3647,0.000143191,0.000993233,0.006024789,0.004101502
3648,0.00014336,0.000996271,0.006025183,0.004088469
3649,0.000143246,0.000996237,0.006024285,0.004097604
3650,0.000143337,0.001004392,0.006024859,0.004105795
3651,0.000143358,0.001005454,0.006026408,0.004094048
3652,0.000143276,0.001008505,0.006027398,0.004105841
3653,0.000143213,0.001006247,0.006027636,0.004101807
3654,0.00014327,0.001002605,0.006028007,0.00409671
3655,0.000143138,0.001001862,0.006026784,0.004095451
3656,0.000143289,0.000992298,0.006027958,0.004094874
3657,0.000143419,0.000991318,0.006029711,0.004119195
3658,0.000143391,0.000985407,0.006030364,0.004120308
3659,0.000143616,0.000985075,0.006030444,0.004125856
3660,0.000143836,0.000984741,0.006032781,0.004119326
3661,0.000143646,0.000982099,0.006032007,0.004128144
3662,0.000143371,0.000980706,0.006026582,0.004125041
3663,0.000143478,0.000980824,0.006021004,0.004153432
3664,0.000143624,0.000981112,0.006014451,0.00415534
3665,0.000143772,0.000981428,0.006006196,0.004157632
3666,0.000143656,0.000981836,0.006000209,0.004134409
3667,0.000143713,0.000985144,0.005994725,0.004141611
3668,0.00014405,0.000985176,0.005987834,0.004147087
3669,0.000144097,0.000981216,0.005980571,0.004120719
3670,0.000144173,0.000980625,0.005973394,0.004140915
3671,0.000144353,0.000980448,0.00596564,0.004141257
3672,0.000144409,0.000981632,0.005959651,0.004132641
3673,0.000144508,0.000983193,0.005953685,0.004226068
3674,0.000144433,0.000985485,0.005948062,0.004235139
3675,0.000144594,0.000985158,0.005938343,0.004235564
3676,0.000144816,0.000982007,0.005930136,0.004233231
3677,0.000144515,0.000979794,0.005921334,0.004241692
3678,0.000144301,0.000972707,0.005914988,0.00426824
3679,0.00014433,0.000973025,0.005908412,0.004272171
3680,0.000144315,0.000968702,0.005901265,0.004251805
3681,0.00014413,0.00096888,0.005894255,0.004285621
3682,0.000144011,0.000964865,0.005885036,0.00429511
3683,0.000143984,0.00095965,0.005876403,0.004310246
3684,0.000143832,0.000951077,0.005868054,0.004313028
3685,0.0001442,0.000950766,0.005859382,0.004314144
3686,0.000144158,0.000945034,0.00584952,0.004305683
3687,0.000144301,0.000942444,0.005841458,0.00431645
3688,0.000144377,0.000941921,0.005832538,0.004330497
3689,0.000144533,0.000940436,0.005824766,0.004310097
3690,0.000144465,0.000940133,0.005815704,0.004312573
3691,0.000144571,0.000938522,0.005806616,0.004358945
3692,0.000144684,0.000939462,0.005797006,0.004362427
3693,0.000144398,0.000937,0.005786723,0.004326894
3694,0.000144244,0.000940149,0.00577717,0.004312337
3695,0.0001443,0.000940042,0.00576674,0.004313058
3696,0.000144172,0.00093649,0.005757805,0.004315868
3697,0.000144299,0.000936553,0.005748947,0.004314431
3698,0.000144229,0.000935946,0.00573871,0.004313364
3699,0.000144512,0.000937308,0.005728106,0.004342188
3700,0.000144447,0.000940652,0.005718035,0.004343333
3701,0.000144238,0.00093929,0.00570787,0.004339762
3702,0.000143844,0.000946115,0.005697452,0.004347419
3703,0.000143707,0.000943149,0.005685866,0.004325329
3704,0.000143923,0.000945623,0.005675337,0.004343274
3705,0.000143806,0.000943489,0.005665439,0.004341713
3706,0.000143988,0.000946608,0.005653851,0.004341161
3707,0.000143749,0.000948182,0.005641935,0.004327216
3708,0.00014364,0.000948756,0.005630907,0.004327913
3709,0.000143486,0.000953681,0.005621275,0.004328962
3710,0.000143405,0.000954111,0.005611184,0.004358326
3711,0.00014361,0.000957399,0.005599182,0.004375335
3712,0.000143746,0.000956887,0.00558631,0.004375921
3713,0.000143741,0.000958244,0.005581128,0.004378221
3714,0.000143673,0.000958797,0.005574082,0.004385182
3715,0.000143717,0.000956884,0.005570002,0.004451233
3716,0.000143943,0.000957499,0.005566433,0.004472893
3717,0.000144045,0.000955866,0.005560538,0.004476062
3718,0.000143973,0.000951894,0.005554539,0.004463215
3719,0.000143932,0.000948421,0.0055504,0.004462818
3720,0.000144121,0.000945605,0.005545683,0.004471314
3721,0.000143683,0.000944805,0.005540922,0.00447199
3722,0.000143484,0.000943493,0.005536539,0.004469843
3723,0.000143315,0.000941552,0.005531837,0.004490842
3724,0.000143453,0.000941916,0.005526168,0.004504833
3725,0.000143264,0.000940829,0.005519656,0.004504845
3726,0.000143296,0.000939407,0.005513474,0.004477982
3727,0.000143653,0.000936603,0.005508018,0.004475114
3728,0.000143589,0.000935896,0.005503315,0.004478455
3729,0.000143407,0.000932537,0.005497452,0.004472173
3730,0.000143609,0.000933105,0.005492071,0.004471986
3731,0.000143462,0.000933511,0.005484955,0.004477545
3732,0.000143433,0.000930434,0.005480272,0.004478331
3733,0.000143408,0.000930588,0.00547544,0.004475394
3734,0.000143599,0.000926985,0.005470009,0.004498938
3735,0.000143336,0.000932279,0.005465433,0.004481191
3736,0.000143407,0.00093424,0.005460879,0.004480841
3737,0.000143366,0.000934505,0.005457418,0.004476231
3738,0.000143284,0.000931717,0.005453711,0.004480821
3739,0.000143124,0.000931471,0.005448543,0.004469912
3740,0.00014314,0.000932157,0.005444343,0.004471674
3741,0.000143113,0.000933559,0.005438602,0.004470625
3742,0.000143041,0.000936784,0.005434858,0.00446964
3743,0.000143068,0.000938209,0.005431308,0.004466153
3744,0.000143332,0.000936217,0.005427901,0.004467012
3745,0.000143263,0.000929378,0.005423837,0.004468896
3746,0.000143361,0.000924538,0.005421055,0.004475381
3747,0.00014336,0.000925962,0.005415635,0.004479637
3748,0.000143377,0.000926186,0.005411634,0.004477876
3749,0.000143548,0.000925507,0.005408418,0.004460117
3750,0.000143606,0.000928589,0.005405093,0.004463164
3751,0.00014359,0.000927954,0.005400402,0.004459262
3752,0.000143497,0.000929396,0.005395882,0.00445707
3753,0.000143487,0.000926575,0.005390914,0.004412771
3754,0.000143652,0.000922722,0.005386278,0.004394082
3755,0.000143953,0.000922897,0.005381558,0.004390013
3756,0.00014388,0.000923279,0.005378652,0.0043949
3757,0.000143849,0.000923388,0.005374281,0.004395203
3758,0.00014355,0.000923082,0.005370473,0.004392047
3759,0.000143817,0.000916602,0.005366614,0.004391061
3760,0.00014376,0.000916166,0.00536284,0.004389178
3761,0.000143707,0.000916407,0.005359225,0.004399411
3762,0.000143623,0.000913896,0.005355925,0.004398311
3763,0.000143688,0.000910942,0.00535238,0.004400797
3764,0.000143862,0.000909524,0.00534741,0.004383917
3765,0.000144111,0.000908055,0.005343548,0.004368675
3766,0.000144171,0.000905727,0.005340018,0.004360318
3767,0.000144482,0.000904725,0.005338461,0.004360369
3768,0.000144436,0.000904845,0.005334772,0.004329897
3769,0.000144317,0.00090573,0.005332203,0.004330176
3770,0.000144259,0.000907606,0.005329908,0.004327949
3771,0.000144272,0.00090706,0.005326048,0.004329543
3772,0.00014421,0.000906185,0.005322824,0.00432639
3773,0.000144426,0.000907084,0.005321553,0.004319455
3774,0.000144505,0.000906825,0.005318269,0.004315859
3775,0.000144858,0.000907449,0.005314334,0.004311291
3776,0.000144819,0.000906919,0.005310677,0.004295664
3777,0.000144969,0.000905918,0.005307949,0.004293092
3778,0.000145144,0.000907921,0.005305285,0.004292503
3779,0.000145183,0.000908002,0.005301474,0.00429262
3780,0.000145257,0.000913437,0.005297433,0.004292536
3781,0.000145269,0.000913384,0.00529602,0.004292976
3782,0.000144987,0.000912744,0.005293971,0.004294423
3783,0.000144954,0.000912278,0.005290648,0.004295919
3784,0.000145147,0.000912765,0.005288197,0.004295704
3785,0.000145525,0.000909145,0.005288094,0.004298109
3786,0.000145539,0.000907438,0.005286155,0.004298532
3787,0.000145683,0.000913651,0.005283986,0.004286841
3788,0.000146095,0.000912608,0.00528065,0.004286157
3789,0.000146108,0.000914641,0.005277454,0.004282814
3790,0.000146187,0.00091546,0.005274408,0.004250094
3791,0.000146389,0.000918031,0.005272754,0.00424039
3792,0.000146334,0.000920899,0.005270137,0.004217595
3793,0.000146737,0.000922356,0.005267787,0.004217019
3794,0.000146877,0.000922862,0.005264513,0.004216531
3795,0.000146661,0.000923818,0.005262091,0.004216271
3796,0.000146475,0.000926155,0.005259583,0.004198968
3797,0.000146674,0.000926521,0.005256668,0.004205667
3798,0.000146551,0.000932653,0.005254721,0.004201658
3799,0.000146868,0.000932864,0.005262608,0.004259248
3800,0.000147043,0.000934271,0.005270843,0.004257255
3801,0.000147125,0.000935741,0.005281531,0.004302338
3802,0.000147031,0.000934977,0.005292589,0.004255651
3803,0.000147527,0.000934505,0.005303951,0.004268041
3804,0.00014742,0.000932433,0.00531597,0.004261153
3805,0.000147574,0.000932421,0.005328375,0.004260788
3806,0.000147556,0.000934496,0.005341475,0.004270948
3807,0.000147894,0.000937261,0.00535436,0.004275883
3808,0.000148097,0.000938832,0.005368183,0.004280101
3809,0.000148045,0.000944123,0.005381786,0.004279985
3810,0.000148183,0.000943909,0.005396466,0.004286275
3811,0.000148499,0.00094513,0.005410113,0.004285973
3812,0.000148507,0.000948169,0.005426097,0.004301267
3813,0.00014878,0.000947476,0.00544131,0.004307118
3814,0.000148768,0.000948716,0.00545634,0.00433298
3815,0.000148826,0.000948067,0.005473149,0.004343297
3816,0.000148646,0.000953474,0.005491045,0.004340593
3817,0.000148532,0.000957085,0.005509934,0.00434706
3818,0.000148783,0.00095734,0.005529137,0.004351457
3819,0.000148859,0.000960255,0.005548301,0.004349829
3820,0.000148968,0.000963279,0.005567072,0.004356026
3821,0.000149502,0.000968985,0.005585917,0.004361212
3822,0.000149644,0.000970144,0.005605288,0.004369717
3823,0.000149433,0.000975676,0.005624859,0.004384019
3824,0.000149444,0.000976495,0.005645272,0.004408105
3825,0.000149987,0.000975156,0.005664931,0.00441755
3826,0.000150135,0.000975826,0.005687251,0.004414651
3827,0.000150452,0.00097402,0.005707811,0.004462011
3828,0.00015085,0.000977113,0.005730618,0.004455195
3829,0.000151035,0.000976985,0.005752666,0.004457085
3830,0.000151125,0.00098102,0.005775093,0.004457537
3831,0.000151034,0.000981277,0.005784137,0.004457006
3832,0.000150838,0.000980967,0.005792076,0.004453317
3833,0.000150513,0.000980501,0.005800402,0.004442764
3834,0.000150871,0.000982317,0.005808548,0.00443919
3835,0.000150678,0.000988304,0.005816305,0.004453646
3836,0.000150644,0.000991035,0.005824892,0.004446727
3837,0.000150762,0.00099315,0.005832904,0.004479354
3838,0.000151098,0.000996768,0.005841222,0.004485856
3839,0.000151208,0.000998547,0.005849502,0.004483734
3840,0.000151491,0.000998917,0.005857382,0.004486532
3841,0.000151778,0.000999356,0.0058654,0.004496233
3842,0.000152155,0.000999961,0.005872091,0.004473767
3843,0.000152181,0.001006219,0.005878555,0.004457847
3844,0.00015235,0.001010193,0.005886701,0.004478125
3845,0.000152673,0.001011005,0.00589356,0.004457947
3846,0.000152646,0.001010825,0.005900983,0.004450303
3847,0.000152265,0.001012305,0.005908591,0.004450473
3848,0.000152236,0.001014323,0.005915625,0.00446452
3849,0.000152549,0.001018863,0.005922841,0.004473777
3850,0.000152473,0.001019,0.00592865,0.004474633
3851,0.000152656,0.001019133,0.00593429,0.004466745
3852,0.000152721,0.001020682,0.005939929,0.004460972
3853,0.000152905,0.001020854,0.005945819,0.004531823
3854,0.000152785,0.001023065,0.005950314,0.004531115
3855,0.000152748,0.001026016,0.005956127,0.004533967
3856,0.00015277,0.00102687,0.005960901,0.004530305
3857,0.000152808,0.001028433,0.005967413,0.004514845
3858,0.000152896,0.001030047,0.005973459,0.004510213
3859,0.000153102,0.00103083,0.005979438,0.004505446
3860,0.000153322,0.001033005,0.005983749,0.00450264
3861,0.000153346,0.001036813,0.005988955,0.004499556
3862,0.000153858,0.001038696,0.005995251,0.004500727
3863,0.000153944,0.001038808,0.006000042,0.004514035
3864,0.000153933,0.001045079,0.006005747,0.004513767
3865,0.000154018,0.001045403,0.006010222,0.004499017
3866,0.000153834,0.001044623,0.006015069,0.004497763
3867,0.000153708,0.001048899,0.006021625,0.004492755
3868,0.000154152,0.001052933,0.006026799,0.004491977
3869,0.000154333,0.001053,0.006032287,0.004554807
3870,0.000154083,0.001055372,0.006036792,0.004569317
3871,0.000154092,0.001057747,0.006040234,0.004564701
3872,0.000154355,0.001058018,0.006033128,0.004565917
3873,0.000154689,0.001058818,0.006028125,0.004562998
3874,0.000154702,0.001060741,0.006022701,0.004578625
3875,0.000154655,0.001061706,0.006016692,0.00456975
3876,0.00015478,0.001061866,0.006010698,0.004557943
3877,0.000154811,0.001066434,0.006004272,0.004559801
3878,0.000155288,0.001066188,0.00599805,0.004567818
3879,0.000155172,0.001069082,0.005992017,0.004565291
3880,0.000155232,0.001070365,0.005983494,0.004544382
3881,0.000155463,0.001068573,0.005977212,0.004612893
3882,0.000155865,0.001068742,0.005970109,0.004606297
3883,0.000155536,0.001069865,0.005962969,0.004603185
3884,0.000155763,0.001071052,0.005955329,0.00461695
3885,0.000156103,0.001071324,0.005949136,0.004617768
3886,0.00015599,0.001072897,0.005942228,0.004624339
3887,0.000156183,0.001072423,0.005933194,0.004609464
3888,0.000156271,0.001072681,0.005924821,0.004612236
3889,0.000156491,0.001072756,0.00591462,0.004613567
3890,0.00015651,0.001071981,0.005906248,0.004612293
3891,0.000156519,0.001075207,0.005895575,0.004638606
3892,0.000156541,0.001075517,0.00588762,0.004647682
3893,0.000156865,0.001074707,0.005876901,0.004622515
3894,0.000156683,0.001073875,0.005868041,0.004626005
3895,0.000156785,0.001073725,0.00585935,0.004636616
3896,0.000156682,0.001073041,0.005850598,0.004604758
3897,0.00015681,0.00107065,0.005840723,0.00460708
3898,0.00015707,0.001073044,0.00583235,0.004607851
3899,0.000157016,0.001074384,0.00582399,0.004607699
3900,0.000157039,0.001075106,0.005813332,0.004596855
3901,0.000157092,0.001076267,0.005802055,0.004589834
3902,0.000157445,0.001075408,0.005791827,0.004575668
3903,0.000157681,0.001074447,0.005780148,0.004589211
3904,0.000157821,0.001073513,0.005768389,0.0045252
3905,0.00015801,0.001073779,0.005758606,0.004509988
3906,0.000157965,0.00107437,0.005747461,0.00449412
3907,0.000157692,0.001075692,0.005737962,0.004468774
3908,0.000157774,0.001075259,0.00572727,0.004337461
3909,0.000157936,0.001077007,0.005715222,0.004356489
3910,0.000158025,0.00107521,0.0057032,0.004337473
3911,0.000158072,0.001073759,0.005690431,0.004330024
3912,0.000157869,0.00107339,0.005679129,0.004334969
3913,0.000157702,0.001073307,0.005667876,0.004326647
3914,0.000157525,0.001073152,0.005654914,0.004315574
3915,0.000157866,0.001075405,0.005641387,0.004313714
3916,0.000157821,0.0010764,0.005629099,0.004289572
3917,0.000157829,0.001077365,0.005623962,0.004283215
3918,0.000158011,0.001078534,0.005618714,0.004268772
3919,0.000158011,0.001079206,0.005613668,0.004251908
3920,0.000158078,0.001082387,0.005608551,0.004251732
3921,0.000157968,0.001086255,0.005604434,0.004247425
3922,0.000158024,0.001085141,0.005600703,0.00419882
3923,0.000157941,0.001088116,0.005597341,0.00420739
3924,0.000157758,0.001088071,0.005593449,0.004207637
3925,0.000157662,0.001086281,0.005589824,0.004208128
3926,0.000157596,0.00108447,0.005585355,0.004208578
3927,0.000157906,0.001081472,0.005581183,0.00420108
3928,0.0001583,0.001081931,0.005576912,0.004198432
3929,0.000158432,0.001082255,0.005573075,0.00419842
3930,0.000158516,0.001082347,0.005568429,0.004196516
3931,0.000158651,0.001081234,0.005564351,0.004196068
3932,0.000158834,0.001081284,0.005561422,0.004218282
3933,0.00015889,0.00108225,0.005557907,0.004216848
3934,0.000158749,0.001077531,0.005555298,0.004199234
3935,0.00015866,0.001074667,0.00555147,0.00418105
3936,0.00015872,0.001071882,0.005548159,0.00418484
3937,0.000158721,0.001066923,0.005544988,0.004187638
3938,0.000158641,0.00106799,0.005543812,0.004184773
3939,0.0001584,0.00106771,0.005540079,0.004186292
3940,0.000158381,0.001068236,0.005536398,0.004185002
3941,0.000157912,0.001069802,0.005531766,0.004193453
3942,0.000158078,0.00106857,0.005529363,0.004194965
3943,0.000158097,0.001068397,0.005525943,0.004178259
3944,0.000158125,0.001068583,0.005523349,0.004178336
3945,0.000158241,0.001069318,0.005520889,0.004178519
3946,0.000158623,0.001068971,0.00551805,0.004180213
3947,0.000158566,0.001064114,0.005515627,0.004177685
3948,0.000158647,0.001066597,0.005512747,0.004137585
3949,0.00015858,0.001065224,0.005508839,0.00413238
3950,0.000158386,0.001063671,0.005507524,0.004126551
3951,0.000158404,0.001064049,0.005506265,0.004128305
3952,0.000158383,0.001064462,0.00550477,0.004129029
3953,0.000158355,0.001065165,0.005502458,0.004142797
3954,0.000158323,0.00106632,0.005499405,0.004141765
3955,0.000158179,0.001064492,0.005496354,0.004113703
3956,0.000158382,0.001064019,0.005492753,0.004107946
3957,0.000158625,0.001062776,0.005491383,0.004096017
3958,0.000158595,0.001063321,0.005489173,0.004083485
3959,0.000158655,0.001063348,0.005487183,0.004081381
3960,0.00015865,0.001062321,0.005486517,0.004080117
3961,0.00015864,0.001060816,0.005483672,0.004079566
3962,0.000158497,0.001061204,0.005480138,0.00407868
3963,0.000158393,0.001061206,0.005478669,0.004055134
3964,0.00015811,0.001061553,0.005475382,0.004064045
3965,0.000158274,0.001060551,0.005473646,0.004073567
3966,0.000158348,0.001060515,0.005472673,0.004073862
3967,0.00015826,0.001058572,0.005470413,0.004070678
3968,0.000158268,0.001055857,0.005469639,0.004084737
3969,0.000158612,0.00105689,0.005468712,0.004084991
3970,0.000158801,0.001057788,0.005467004,0.004066115
3971,0.000158931,0.001055716,0.005466181,0.004065822
3972,0.000158622,0.001053557,0.005464907,0.004063168
3973,0.000158612,0.001050445,0.005462929,0.004063836
3974,0.000158748,0.001049499,0.005461171,0.004065474
3975,0.000158765,0.001047424,0.005460522,0.004064788
3976,0.000158549,0.001047561,0.005459725,0.004059541
3977,0.000158329,0.001042743,0.005458051,0.004067645
3978,0.000158412,0.001041545,0.005458081,0.00397444
3979,0.000158337,0.00104189,0.005456685,0.003984058
3980,0.000158724,0.001041178,0.005455576,0.003983841
3981,0.000158752,0.001040696,0.005455434,0.004001897
3982,0.000158749,0.001038119,0.0054541,0.00395373
3983,0.000159081,0.001038216,0.005454649,0.003949892
3984,0.000159163,0.001037896,0.005455227,0.003958246
3985,0.000159089,0.001037996,0.005452962,0.003957692
3986,0.000159069,0.0010373,0.005452558,0.003957574
3987,0.000158732,0.001038005,0.005451665,0.003957349
3988,0.000158963,0.001034582,0.005450284,0.00392897
3989,0.000158753,0.001029585,0.005450618,0.003936236
3990,0.000158952,0.001029395,0.00544981,0.003935999
3991,0.00015895,0.001029327,0.005449252,0.003937532
3992,0.000158677,0.001027747,0.005446689,0.003921611
3993,0.000158892,0.001027153,0.005447515,0.00391199
3994,0.000158973,0.001026372,0.005448276,0.00391188
3995,0.000158874,0.001025531,0.005448858,0.003978973
3996,0.000158743,0.001022767,0.005448358,0.003985304
3997,0.000158883,0.001022508,0.005448521,0.003988441
3998,0.000158924,0.001021727,0.00544908,0.003988484
3999,0.000159211,0.001021184,0.005448615,0.00395103
4000,0.000159145,0.001020731,0.005450003,0.003949977
4001,0.000159619,0.001019234,0.005448444,0.003945999
4002,0.000159854,0.001018326,0.005447953,0.00393833
4003,0.000159851,0.001017486,0.005447464,0.003860673
4004,0.00015967,0.001012809,0.005447172,0.003858161
4005,0.000159864,0.001012452,0.005447508,0.003877018
4006,0.000159749,0.001016424,0.005448889,0.003868636
4007,0.000159951,0.001015843,0.005449612,0.003868711
4008,0.000160131,0.00101734,0.005450318,0.003881261
4009,0.00016018,0.001014454,0.005450909,0.003874835
4010,0.000159964,0.001013355,0.005450318,0.003942682
4011,0.000159945,0.001014518,0.00545242,0.003942148
4012,0.000159606,0.001014956,0.005454144,0.003947052
4013,0.00015962,0.001012829,0.005454777,0.0039462
4014,0.000159618,0.001013168,0.005456715,0.003953547
4015,0.00015973,0.001012729,0.005457787,0.003952201
4016,0.000159682,0.001010866,0.005457597,0.003951046
4017,0.00015958,0.001008915,0.005460047,0.003943189
4018,0.000159649,0.00100718,0.005460148,0.003961545
4019,0.000159738,0.001002846,0.005462467,0.00395252
4020,0.000159657,0.00100021,0.005462294,0.003943577
4021,0.000159333,0.001000166,0.005464689,0.003935725
4022,0.000159643,0.000997468,0.005465662,0.003935078
4023,0.000159967,0.000996783,0.005468344,0.003927806
4024,0.000160208,0.000996669,0.005470787,0.003882553
4025,0.000160045,0.000993395,0.005471018,0.00387789
4026,0.000160061,0.000992823,0.005473108,0.003900731
4027,0.00016015,0.000990763,0.005475705,0.003896774
4028,0.000160339,0.000991201,0.005477608,0.003938488
4029,0.000160256,0.000988619,0.005479262,0.003937734
4030,0.000160232,0.000983313,0.005480421,0.00394307
4031,0.000160405,0.000980319,0.005481968,0.003922676
4032,0.000160431,0.0009791,0.005484242,0.003903358
4033,0.000160548,0.000979182,0.005485919,0.003888274
4034,0.000160659,0.00097976,0.005490011,0.003882873
4035,0.000160879,0.00097708,0.005492791,0.0038845
4036,0.000160639,0.00097449,0.005495373,0.003883772
4037,0.000160933,0.000974515,0.005497128,0.003869865
4038,0.000161102,0.000975238,0.005498354,0.003870238
4039,0.000161136,0.000972809,0.005500392,0.003859297
4040,0.000161315,0.000971801,0.005503362,0.003861528
4041,0.000160753,0.000969466,0.005506471,0.003868481
4042,0.000160667,0.000968062,0.005508849,0.003871504
4043,0.000160986,0.000963808,0.005512414,0.003893421
4044,0.00016102,0.000958584,0.005515355,0.003900119
4045,0.000160813,0.00095675,0.0055,0.003890674
4046,0.000160636,0.000952275,0.005482118,0.003892009
4047,0.000160614,0.000952052,0.005467593,0.003887787
4048,0.000160515,0.000950886,0.005451809,0.003900316
4049,0.000160488,0.000950172,0.005434104,0.00389978
4050,0.000160487,0.000950771,0.005416424,0.003900731
4051,0.00016053,0.000948199,0.005398549,0.003894085
4052,0.000160276,0.000945976,0.005395408,0.003896026
4053,0.000160279,0.000945183,0.00539257,0.003894994
4054,0.000160265,0.000944185,0.005387479,0.003895282
4055,0.000159855,0.000943666,0.005382615,0.003918361
4056,0.000159632,0.000941075,0.005378228,0.003901881
4057,0.00016007,0.000938067,0.005373142,0.003913348
4058,0.000159997,0.00093572,0.005369454,0.003888286
4059,0.000159713,0.000935503,0.005363226,0.003908308
4060,0.000159768,0.000934641,0.005357639,0.003892025
4061,0.000159478,0.000927251,0.005353109,0.003893681
4062,0.000159711,0.000926394,0.005346185,0.003910541
4063,0.000159961,0.000924131,0.005339455,0.003906706
4064,0.000159698,0.000924577,0.005332214,0.003907647
4065,0.000159262,0.000922527,0.005325136,0.003889595
4066,0.000159104,0.000921356,0.005319195,0.003908266
4067,0.000158257,0.000918964,0.005313472,0.003909867
4068,0.000158138,0.000918766,0.005306896,0.00401146
4069,0.000158754,0.000915377,0.005299636,0.004071666
4070,0.000158511,0.000910965,0.005292106,0.004088709
4071,0.000158554,0.000911179,0.005284492,0.004118073
4072,0.00015821,0.000909832,0.005277151,0.004143486
4073,0.000158012,0.000908895,0.005269418,0.004197079
4074,0.000157816,0.000904835,0.005261603,0.004199101
4075,0.000157699,0.000904452,0.005253148,0.004173802
4076,0.00015771,0.000900617,0.005244408,0.004206248
4077,0.000157783,0.00090056,0.005236132,0.004207813
4078,0.000157775,0.000899122,0.005227784,0.004198856
4079,0.000157663,0.000898333,0.005219551,0.004197361
4080,0.000157655,0.000898189,0.005211991,0.004202134
4081,0.000157357,0.000897121,0.005204069,0.004203175
4082,0.00015753,0.000894379,0.005197402,0.004201623
4083,0.000157492,0.000891032,0.005189635,0.004206946
4084,0.000157327,0.000884311,0.005182241,0.004209829
4085,0.000157114,0.000885008,0.005173813,0.00422331
4086,0.000157366,0.000880321,0.005167429,0.00422179
4087,0.000157432,0.000880297,0.005160579,0.004179265
4088,0.000157446,0.000879245,0.005151611,0.004187262
4089,0.00015703,0.000878366,0.005143686,0.004166939
4090,0.000157123,0.000877875,0.005135387,0.004170165
4091,0.000157286,0.00087733,0.005128535,0.004152002
4092,0.000157431,0.000877743,0.005122157,0.004159002
4093,0.000157353,0.000876559,0.00511457,0.004189839
4094,0.000157559,0.000875348,0.005107236,0.004177139
4095,0.000157414,0.000873183,0.005099697,0.00419592
4096,0.000157523,0.000873697,0.005091557,0.004194603
4097,0.000157296,0.000869115,0.005083912,0.004220089
4098,0.000157163,0.0008678,0.005077865,0.004166178
4099,0.000157471,0.000867053,0.005071189,0.004220381
4100,0.000157364,0.000867022,0.005065654,0.004221008
4101,0.000157225,0.000867352,0.005058382,0.004224251
4102,0.000157363,0.00086272,0.005051814,0.004227349
4103,0.000157363,0.00086289,0.00504581,0.004219581
4104,0.000157369,0.000861746,0.005038796,0.004218697
4105,0.00015732,0.000861347,0.005032772,0.004241761
4106,0.000157183,0.000859401,0.005025424,0.004220325
4107,0.000157366,0.000858991,0.005018308,0.004207156
4108,0.000157285,0.000857084,0.005010256,0.004228483
4109,0.000157275,0.000856797,0.005004178,0.004237377
4110,0.000157514,0.000856823,0.004997039,0.004233651
4111,0.000157434,0.000857793,0.004990857,0.004232826
4112,0.000157385,0.000856877,0.004985204,0.004231443
4113,0.000157465,0.000855389,0.004977618,0.00423176
4114,0.000157763,0.000854014,0.004971963,0.004248458
4115,0.000157995,0.000851589,0.004964604,0.00433994
4116,0.000157923,0.000850839,0.004958584,0.004344345
4117,0.000158349,0.000850072,0.004951908,0.004334538
4118,0.000158254,0.00084872,0.00494602,0.00433209
4119,0.000158524,0.000848142,0.004940397,0.00432935
4120,0.000158513,0.000848063,0.004934901,0.004333989
4121,0.000158675,0.00084993,0.004929136,0.004331063
4122,0.000158929,0.000848928,0.00492299,0.004331606
4123,0.000158707,0.000846816,0.00491614,0.004332192
4124,0.000158919,0.000846509,0.004910753,0.004326423
4125,0.000159026,0.000840901,0.004904877,0.004325563
4126,0.000158835,0.000837772,0.004899237,0.004379727
4127,0.000158563,0.000832788,0.004893521,0.004382747
4128,0.000158901,0.000826662,0.00488846,0.004386502
4129,0.000158902,0.000822616,0.004883673,0.004385309
4130,0.000158903,0.000821817,0.00487834,0.00440137
4131,0.000158961,0.000821044,0.00487277,0.004413782
4132,0.000159434,0.00082195,0.004865673,0.004429192
4133,0.00015946,0.000819487,0.004859208,0.004432749
4134,0.000159536,0.00081648,0.004854015,0.004427937
4135,0.000159558,0.000811823,0.004849441,0.004461593
4136,0.000159654,0.000802918,0.004845178,0.004471031
4137,0.000159425,0.000799167,0.004839246,0.004474874
4138,0.000159572,0.000797926,0.004833189,0.004500086
4139,0.000159275,0.000796375,0.00482661,0.004502024
4140,0.000159014,0.000793386,0.004821586,0.004541493
4141,0.000158885,0.000792833,0.004816183,0.004550036
4142,0.000158636,0.000792886,0.004811298,0.004551229
4143,0.0001587,0.000792905,0.004805315,0.00454699
4144,0.000158617,0.000791637,0.004799696,0.00455275
4145,0.000158555,0.000791826,0.004795221,0.004541176
4146,0.000158607,0.000789931,0.004790179,0.004539411
4147,0.000158619,0.000781617,0.004785934,0.004537615
4148,0.000158466,0.00077954,0.004781016,0.004537834
4149,0.000158606,0.000776946,0.004777126,0.004530898
4150,0.000158524,0.00076851,0.00477224,0.004525561
4151,0.000158623,0.000766602,0.004766752,0.004525391
4152,0.000158696,0.000763797,0.004761261,0.004537817
4153,0.000159007,0.00076277,0.00475743,0.004553035
4154,0.000159007,0.000761896,0.00475281,0.004525987
4155,0.000159028,0.000762934,0.00474913,0.004514737
4156,0.000158518,0.00076264,0.004743927,0.004522553
4157,0.000158614,0.000764431,0.00473921,0.004496883
4158,0.000158527,0.000767253,0.004735535,0.00449317
4159,0.000158362,0.000767313,0.00473176,0.004494258
4160,0.000158229,0.000765815,0.004727077,0.004524822
4161,0.000158543,0.000766167,0.004723898,0.004517415
4162,0.000158522,0.000765727,0.004719619,0.004513486
4163,0.000158538,0.000764509,0.004715195,0.004481081
4164,0.000158242,0.000763764,0.004711478,0.004472609
4165,0.000158256,0.000762647,0.004714778,0.004470482
4166,0.000158189,0.0007621,0.004719387,0.004469428
4167,0.000157986,0.000757555,0.004723926,0.004451965
4168,0.000157558,0.000755266,0.004729782,0.004449619
4169,0.00015763,0.000749768,0.004735186,0.004447882
4170,0.000157621,0.000749216,0.004741539,0.004432192
4171,0.000157553,0.000749567,0.004749118,0.004449662
4172,0.000157576,0.000749778,0.004755834,0.004452821
4173,0.000157651,0.000749312,0.004761849,0.004361129
4174,0.000158077,0.000747554,0.004768306,0.004383504
4175,0.000158029,0.000750632,0.004776651,0.004388253
4176,0.00015781,0.000750666,0.004784715,0.004388367
4177,0.000157887,0.000750585,0.004792924,0.004381966
4178,0.000158088,0.000745989,0.004799927,0.004347477
4179,0.000158033,0.000745554,0.004807104,0.004345907
4180,0.000158222,0.000746413,0.004815218,0.004400147
4181,0.000158382,0.000748304,0.004825202,0.004356638
4182,0.00015821,0.000748221,0.004836695,0.004346341
4183,0.000158069,0.00074908,0.004845994,0.004329205
4184,0.000158065,0.000749446,0.004858639,0.004324049
4185,0.000157865,0.000750151,0.004868771,0.0043223
4186,0.000157586,0.000750332,0.004878736,0.004376059
4187,0.000157563,0.000749327,0.00488975,0.004366314
4188,0.000157366,0.000748606,0.00490118,0.004354274
4189,0.0001572,0.000748843,0.004912784,0.004354358
4190,0.000157134,0.000749614,0.00492531,0.004356752
4191,0.000157156,0.000749867,0.004937305,0.004291878
4192,0.000156943,0.000748433,0.004949293,0.004279859
4193,0.000157084,0.000747618,0.004961966,0.004289396
4194,0.000157236,0.000744399,0.004974329,0.004270529
4195,0.000157212,0.00074368,0.004987737,0.00426039
4196,0.000157177,0.000743751,0.005002381,0.004287953
4197,0.000157165,0.000743395,0.005015288,0.004288224
4198,0.000157254,0.000743641,0.005030279,0.004291669
4199,0.000157196,0.000743785,0.005045099,0.004263857
4200,0.000157315,0.000743603,0.005059947,0.00429421
4201,0.000157314,0.000743146,0.005076394,0.004299573
4202,0.000157436,0.000736759,0.005092228,0.00429264
4203,0.000157488,0.000737516,0.00510886,0.004292735
4204,0.000157435,0.000730129,0.005124521,0.004273488
4205,0.000157503,0.000729209,0.005139816,0.004303559
4206,0.000157292,0.000723021,0.005156991,0.004309481
4207,0.000157314,0.000721578,0.005175185,0.004313073
4208,0.000157457,0.000721042,0.005193312,0.004313704
4209,0.000157532,0.000715967,0.005211043,0.004313564
4210,0.00015763,0.000716099,0.005229141,0.004285546
4211,0.000157567,0.000712335,0.005247708,0.004269505
4212,0.000157524,0.000712461,0.005265271,0.004268958
4213,0.000157318,0.000708836,0.005277659,0.004268063
4214,0.000157168,0.000707645,0.005289932,0.004260479
4215,0.000157468,0.000707778,0.005301323,0.00419478
4216,0.00015753,0.000705022,0.005313114,0.004175611
4217,0.000157291,0.000704826,0.005326095,0.0041731
4218,0.000157335,0.000706827,0.005339043,0.004172867
4219,0.000157486,0.000706315,0.005351862,0.00419181
4220,0.000157331,0.000704273,0.005364948,0.004179126
4221,0.000157768,0.000702955,0.005378731,0.00417693
4222,0.000157852,0.000702119,0.005391474,0.004192513
4223,0.000158094,0.000701747,0.005405035,0.004167793
4224,0.000158033,0.000701353,0.005418811,0.004150513
4225,0.00015802,0.000701554,0.005434786,0.00415318
4226,0.000158269,0.000701785,0.005449679,0.004158195
4227,0.00015813,0.000701406,0.005465245,0.004158462
4228,0.0001581,0.000700587,0.005479083,0.004172577
4229,0.000158101,0.000700751,0.00549563,0.004170823
4230,0.000158206,0.000699971,0.005511036,0.004166688
4231,0.000158443,0.000700807,0.005528168,0.004162128
4232,0.000158331,0.000701925,0.005542611,0.004163884
4233,0.000158454,0.000700823,0.005559061,0.004210321
4234,0.000158166,0.000700508,0.005574772,0.004182693
4235,0.000158152,0.000694552,0.005590675,0.004185733
4236,0.000158349,0.000692785,0.005606097,0.00420583
4237,0.00015825,0.000691908,0.005621143,0.004207052
4238,0.000158224,0.000691623,0.005636223,0.004205374
4239,0.000158464,0.000691851,0.00565219,0.004236261
4240,0.000158337,0.000690469,0.005668243,0.004234328
4241,0.000158252,0.000689595,0.005686244,0.004234788
4242,0.000158564,0.000686308,0.005702729,0.004281612
4243,0.000158646,0.000685106,0.005719761,0.004283728
4244,0.000158391,0.000684862,0.005736353,0.004301074
4245,0.000158454,0.00068465,0.005752364,0.004323091
4246,0.000158329,0.000684155,0.005768775,0.004318743
4247,0.00015834,0.000685294,0.005785964,0.004314686
4248,0.000158546,0.000685183,0.005803777,0.004313897
4249,0.000158406,0.000682986,0.005820118,0.004288425
4250,0.000158284,0.000681179,0.005837467,0.004310777
4251,0.000158368,0.000681198,0.005856096,0.004308202
4252,0.00015889,0.000679934,0.005875817,0.004313233
4253,0.000158845,0.000681282,0.005893996,0.004326789
4254,0.000158916,0.000680382,0.005912215,0.004329916
4255,0.000158637,0.000680636,0.005931348,0.004340361
4256,0.000158754,0.00068174,0.005948767,0.00433039
4257,0.000158681,0.00068457,0.005968356,0.004338165
4258,0.000158837,0.00068467,0.005987526,0.004341976
4259,0.000158723,0.000689223,0.006006384,0.004389563
4260,0.00015884,0.000694914,0.006024923,0.00438914
4261,0.000158714,0.000694811,0.00604537,0.00437134
4262,0.000158773,0.000695189,0.006065502,0.004371202
4263,0.000158914,0.000694791,0.006084725,0.004368849
4264,0.000158831,0.000695923,0.006105359,0.004371433
4265,0.000158928,0.000695795,0.006126931,0.004374977
4266,0.000159092,0.000697311,0.006146653,0.004374348
4267,0.000159061,0.000695597,0.006166267,0.004382511
4268,0.000159105,0.000696394,0.006186756,0.004381748
4269,0.000159298,0.000697203,0.00620664,0.004381732
4270,0.000159308,0.000696322,0.006227575,0.004380632
4271,0.000159349,0.000695712,0.006249388,0.004378072
4272,0.000159596,0.000695251,0.006272629,0.004379089
4273,0.000159581,0.000694691,0.00629275,0.00438097
4274,0.00015953,0.000693595,0.006313881,0.004379475
4275,0.000159256,0.000692445,0.006337178,0.004379089
4276,0.000159487,0.000694158,0.006361043,0.004370525
4277,0.000159184,0.000696451,0.006382246,0.004367705
4278,0.000159035,0.000695149,0.006405015,0.004370402
4279,0.000159003,0.000697994,0.006427818,0.004373012
4280,0.000159027,0.000692878,0.006451242,0.004373183
4281,0.000159112,0.000690916,0.006473323,0.00437668
4282,0.000158939,0.000692282,0.006495902,0.004384179
4283,0.000158914,0.000694229,0.006518084,0.004407573
4284,0.000158613,0.000693832,0.006541455,0.004428722
4285,0.000158504,0.000694114,0.006563811,0.004435366
4286,0.000158642,0.000693583,0.00658765,0.004437072
4287,0.000158485,0.00068809,0.006610784,0.00443735
4288,0.000158139,0.000687069,0.006635743,0.004436975
4289,0.000158159,0.000686189,0.006661351,0.004437023
4290,0.000158144,0.00068465,0.006686445,0.004437297
4291,0.000157817,0.000681458,0.006710555,0.00443637
4292,0.000157784,0.000679826,0.006735898,0.004451625
4293,0.000157444,0.000682279,0.00676177,0.004465268
4294,0.00015719,0.000679879,0.006786437,0.004473052
4295,0.000157474,0.000677865,0.006812278,0.004472263
4296,0.000157461,0.000672811,0.00683613,0.004478949
4297,0.000157367,0.000673445,0.006862213,0.004479395
4298,0.000157459,0.000667468,0.006888014,0.004483047
4299,0.000157472,0.000668783,0.006915547,0.004438807
4300,0.000157387,0.000670614,0.006943454,0.004439061
4301,0.000157238,0.00066807,0.006969574,0.004391362
4302,0.00015759,0.000667035,0.006996991,0.004426416
4303,0.000157174,0.000666994,0.007022442,0.004414279
4304,0.000157363,0.000671913,0.007048181,0.004418555
4305,0.000156877,0.000680802,0.007074683,0.004424845
4306,0.000156682,0.00067879,0.007101278,0.004425657
4307,0.000156444,0.000685027,0.007128373,0.004422066
4308,0.000156466,0.000696034,0.007155397,0.004439758
4309,0.000156365,0.000692123,0.007184386,0.004437246
4310,0.000156021,0.000690683,0.007212431,0.00443761
4311,0.00015572,0.000698553,0.007241937,0.004439964
4312,0.000155816,0.000711535,0.00726962,0.004426099
4313,0.000155593,0.000712007,0.007298382,0.004421792
4314,0.000155502,0.000714291,0.007327964,0.004397113
4315,0.000155523,0.000715187,0.007357355,0.004388488
4316,0.000155454,0.000712701,0.0073862,0.00437985
4317,0.000155407,0.000710489,0.007414764,0.004369139
4318,0.000155109,0.000715602,0.00744383,0.004362648
4319,0.000154822,0.00071766,0.007472659,0.004360899
4320,0.000154444,0.000714599,0.00750233,0.004389555
4321,0.000154369,0.000709749,0.007532157,0.004384797
4322,0.000154121,0.00071013,0.007561428,0.004376697
4323,0.000154137,0.000709333,0.007591534,0.004363405
4324,0.00015429,0.000711676,0.007622557,0.004340144
4325,0.000153528,0.000715417,0.007652949,0.004354655
4326,0.000153703,0.000721072,0.007684193,0.004356574
4327,0.000153353,0.000723554,0.007716161,0.004307977
4328,0.000153052,0.000727138,0.007747415,0.004307505
4329,0.000152913,0.000732964,0.007777365,0.004305109
4330,0.000152838,0.00074537,0.00780766,0.00430654
4331,0.000152945,0.000745858,0.00785295,0.004305386
4332,0.000152886,0.000752079,0.007898333,0.004310931
4333,0.000152836,0.000757779,0.007943568,0.004311686
4334,0.000152765,0.00075862,0.007990038,0.004314363
4335,0.000152704,0.00075532,0.008036374,0.004301278
4336,0.000152792,0.000766593,0.008082152,0.004303826
4337,0.000152548,0.000764009,0.008129734,0.004273004
4338,0.00015226,0.000764979,0.008176601,0.004269444
4339,0.000152514,0.000764346,0.008224052,0.004296572
4340,0.000152364,0.000764705,0.008272829,0.004293686
4341,0.000152374,0.000764945,0.008321806,0.004284347
4342,0.000152147,0.00076807,0.008372134,0.004284933
4343,0.000152036,0.000766265,0.008423695,0.004285871
4344,0.000152159,0.000773553,0.008423083,0.004264556
4345,0.000151788,0.00077926,0.008422925,0.00426106
4346,0.000151709,0.000784917,0.008423504,0.004260711
4347,0.000151602,0.000796604,0.008422496,0.004241691
4348,0.000151576,0.00080204,0.008421175,0.004223692
4349,0.000151346,0.000801932,0.008417994,0.004205309
4350,0.000151308,0.000807022,0.008417814,0.004198038
4351,0.000151242,0.000806763,0.008417192,0.004198101
4352,0.00015108,0.000811016,0.008415077,0.004230154
4353,0.000150837,0.000820466,0.008412964,0.004146344
4354,0.000150887,0.000819062,0.008412119,0.004147775
4355,0.000151272,0.000818816,0.008408023,0.004143065
4356,0.000151449,0.000817893,0.008405844,0.004144371
4357,0.000151618,0.000823732,0.008401111,0.004156936
4358,0.000151689,0.000832762,0.008395641,0.004158021
4359,0.000151731,0.000834494,0.008390095,0.004159216
4360,0.000151391,0.000841739,0.008385785,0.004191775
4361,0.000151531,0.000845585,0.008380579,0.004195576
4362,0.00015138,0.000854266,0.008374282,0.004179509
4363,0.000151367,0.000857979,0.008369491,0.004164318
4364,0.000151302,0.000857892,0.008363786,0.004165114
4365,0.000151254,0.000857,0.008359311,0.00416492
4366,0.000151162,0.00085864,0.008354464,0.004164653
4367,0.000151286,0.000858792,0.008347909,0.004164456
4368,0.000150723,0.000862942,0.008342734,0.004188519
4369,0.000150478,0.000879007,0.008337246,0.004127699
4370,0.000150571,0.000878674,0.008332741,0.00410743
4371,0.000150495,0.000876595,0.0083293,0.004109622
4372,0.000150286,0.000883537,0.008325908,0.004108431
4373,0.000150048,0.000887702,0.008321144,0.004108586
4374,0.00015004,0.000893386,0.008316824,0.00409321
4375,0.000150092,0.00089946,0.00831186,0.00409273
4376,0.000150127,0.00090382,0.008308247,0.004096658
4377,0.000150101,0.000916103,0.008304198,0.004109718
4378,0.000149725,0.000923904,0.008300929,0.004103198
4379,0.000149986,0.000920666,0.008296891,0.004105158
4380,0.000149838,0.000930175,0.008294729,0.004103441
4381,0.000149416,0.000935821,0.008291299,0.004029149
4382,0.000149222,0.000941548,0.008288569,0.004021751
4383,0.00014924,0.000944278,0.00828545,0.004066764
4384,0.000149087,0.00095061,0.008281694,0.004058595
4385,0.000148923,0.000958294,0.008278447,0.004064153
4386,0.000148737,0.000965068,0.008275147,0.004073519
4387,0.000148594,0.000972626,0.008272868,0.004070546
4388,0.000148869,0.000977321,0.008271905,0.004073333
4389,0.000148891,0.000978927,0.008270044,0.004074936
4390,0.000149114,0.000980861,0.008267387,0.004075275
4391,0.000149131,0.000982027,0.008273989,0.004029447
4392,0.000149269,0.000988496,0.008278544,0.004015674
4393,0.000148864,0.000991332,0.008286366,0.004012093
4394,0.000149059,0.000993821,0.008292482,0.004055774
4395,0.000148738,0.001006071,0.008298624,0.004045375
4396,0.00014852,0.001011697,0.008305905,0.004041679
4397,0.000148444,0.001011569,0.008314425,0.004056693
4398,0.00014827,0.001009111,0.008322424,0.004057091
4399,0.000148272,0.001015903,0.008331028,0.004056514
4400,0.000148184,0.001023001,0.008339171,0.004060246
4401,0.0001483,0.001028563,0.008348112,0.004048059
4402,0.000148043,0.001036095,0.008357413,0.004047774
4403,0.000147838,0.001038762,0.008368459,0.00402204
4404,0.000147601,0.001043759,0.008378049,0.00403379
4405,0.000147465,0.001047822,0.008387468,0.004027869
4406,0.000147319,0.001054815,0.008398664,0.004031587
4407,0.000147587,0.001061188,0.008408844,0.004032458
4408,0.000147676,0.001066045,0.008420013,0.004031873
4409,0.000147587,0.00106921,0.008432032,0.004001364
4410,0.000147042,0.00108241,0.00844405,0.004003524
4411,0.000147053,0.001085564,0.008456153,0.00400572
4412,0.000146935,0.001102283,0.008466938,0.003980813
4413,0.000146887,0.00110209,0.008479578,0.003982927
4414,0.000146786,0.001111465,0.008493522,0.003979722
4415,0.000146649,0.001110537,0.008507662,0.003983604
4416,0.000146523,0.001125443,0.008522029,0.004014694
4417,0.000146379,0.001137152,0.008526998,0.004047863
4418,0.000146263,0.001144517,0.008533602,0.004040219
4419,0.000146174,0.00115203,0.008540377,0.004040563
4420,0.000146036,0.001156442,0.008548591,0.00404518
4421,0.00014621,0.001153851,0.008553997,0.00404516
4422,0.000146183,0.001159608,0.008559162,0.004044827
4423,0.00014619,0.001155241,0.008565937,0.004034797
4424,0.000145999,0.001162094,0.008571599,0.004036834
4425,0.000145897,0.001169338,0.008577257,0.004046294
4426,0.000145874,0.001181851,0.008586114,0.004088899
4427,0.000145715,0.001186736,0.008593796,0.004128081
4428,0.000145331,0.001192362,0.008601199,0.004132012
4429,0.000145093,0.00119468,0.00861022,0.004148568
4430,0.000144982,0.001203398,0.008618753,0.004207712
4431,0.000144629,0.001202796,0.008626048,0.00424968
4432,0.000144414,0.001210379,0.008633207,0.004232182
4433,0.000144393,0.001210387,0.008642206,0.004234319
4434,0.000144404,0.001214489,0.008648263,0.004235711
4435,0.000144521,0.001218499,0.008658288,0.004233633
4436,0.000144437,0.001236884,0.008667394,0.004236178
4437,0.00014456,0.001236271,0.008676513,0.004234539
4438,0.000144643,0.001245499,0.008685349,0.004235654
4439,0.000144795,0.001247218,0.008694373,0.004234499
4440,0.000144562,0.001247285,0.008703247,0.004233066
4441,0.000144545,0.001247604,0.008711896,0.004230709
4442,0.000144377,0.001252052,0.008719973,0.00423177
4443,0.000144274,0.001252105,0.008729224,0.004232801
4444,0.000144482,0.001253135,0.00873863,0.004232773
4445,0.00014445,0.001255806,0.008748185,0.00423368
4446,0.000143911,0.001264614,0.008757386,0.00424401
4447,0.000144048,0.001265651,0.008767566,0.004253651
4448,0.000144002,0.001262925,0.008776817,0.004331676
4449,0.000143876,0.001262818,0.008787906,0.004332434
4450,0.000143768,0.001261748,0.008796162,0.004407432
4451,0.000143557,0.001263941,0.008806164,0.004422484
4452,0.00014378,0.001277904,0.008815816,0.00443013
4453,0.000143711,0.001282382,0.008827437,0.004434674
4454,0.000143645,0.001283194,0.008838323,0.004434879
4455,0.000143588,0.001286559,0.008849951,0.004439869
4456,0.000143259,0.001293976,0.008859849,0.004447444
4457,0.000142874,0.001297477,0.008868454,0.004456926
4458,0.000143087,0.001305779,0.008879445,0.004498488
4459,0.00014308,0.001314004,0.00889048,0.004501054
4460,0.000142987,0.001324129,0.008901166,0.004515232
4461,0.000142858,0.001333257,0.008912343,0.004494872
4462,0.000142868,0.001350219,0.008923935,0.00449902
4463,0.000142858,0.001359044,0.008935754,0.004492583
4464,0.000143132,0.001365874,0.008947996,0.004483456
4465,0.000142824,0.001366368,0.008960792,0.004473685
4466,0.000142635,0.001374841,0.008971305,0.004471823
4467,0.000142733,0.001392719,0.008984552,0.004472659
4468,0.000142884,0.001403609,0.008995498,0.004458999
4469,0.000142565,0.001416171,0.009007556,0.004456906
4470,0.000142447,0.001424252,0.009021649,0.004456242
4471,0.000142525,0.001436804,0.009035365,0.004460122
4472,0.000142536,0.001439394,0.009046949,0.004465505
4473,0.000142477,0.001439925,0.009060931,0.004478262
4474,0.000142312,0.001447595,0.009074511,0.004488237
4475,0.000142354,0.001451803,0.009086825,0.004496167
4476,0.00014239,0.001456648,0.009100509,0.004528257
4477,0.000142361,0.001462837,0.009113198,0.004528906
4478,0.000142402,0.001462908,0.009125295,0.00452991
4479,0.000142759,0.001466497,0.009137876,0.004519146
4480,0.000142563,0.001481134,0.009150233,0.004519718
4481,0.000142498,0.001492237,0.009162798,0.004477334
4482,0.000142464,0.001499681,0.009176228,0.004475867
4483,0.000142528,0.001503809,0.009188621,0.004478257
4484,0.000142575,0.001509671,0.009201588,0.004473625
4485,0.000142649,0.00151497,0.009216847,0.00447402
4486,0.000142586,0.001520585,0.009231564,0.004473941
4487,0.000142654,0.00152265,0.009246674,0.004474295
4488,0.0001425,0.001540553,0.00926377,0.004474443
4489,0.000142513,0.001540592,0.009277216,0.004466945
4490,0.000142221,0.001547225,0.009292276,0.004468289
4491,0.000142011,0.001547981,0.009307627,0.0044996
4492,0.000142088,0.001548945,0.009323637,0.004498217
4493,0.00014191,0.001549825,0.009338288,0.004496656
4494,0.000142069,0.001565267,0.009354148,0.004496668
4495,0.000142231,0.001582885,0.009369764,0.004410244
4496,0.000142579,0.001583718,0.00938645,0.004421255
4497,0.000142609,0.001589336,0.009401377,0.004419919
4498,0.000143045,0.001595905,0.009418549,0.004437273
4499,0.000142923,0.001597046,0.009434288,0.004439754
4500,0.000142976,0.001607417,0.009449244,0.004439384
4501,0.000142998,0.001608789,0.009467018,0.004476807
4502,0.000142809,0.001612414,0.009483538,0.004477189
4503,0.000142783,0.001613015,0.009500942,0.004476905
4504,0.000143002,0.001619173,0.009516264,0.004476842
4505,0.000143228,0.001625656,0.009533153,0.004486115
4506,0.000143154,0.001624814,0.009548052,0.004486018
4507,0.00014288,0.001638397,0.009564598,0.004491965
4508,0.000142766,0.001643639,0.009580349,0.004479753
4509,0.000142751,0.001640955,0.009598041,0.004494043
4510,0.000143304,0.001640929,0.009616328,0.004426282
4511,0.000143281,0.001639346,0.009633643,0.004423408
4512,0.000143651,0.001638747,0.009651011,0.004416795
4513,0.000143779,0.001640204,0.009667451,0.004418452
4514,0.000144094,0.00164213,0.009684399,0.004426013
4515,0.000144412,0.001641474,0.009700883,0.004442311
4516,0.00014423,0.001645938,0.009718058,0.004444296
4517,0.000144487,0.001649938,0.009735923,0.004460921
4518,0.0001441,0.001651404,0.009753724,0.00444905
4519,0.000144056,0.00164963,0.009770777,0.004448705
4520,0.000144373,0.001648173,0.009789877,0.004457214
4521,0.000144709,0.001653788,0.009773326,0.004513002
4522,0.00014462,0.001660907,0.009755474,0.004515302
4523,0.000144428,0.001662448,0.009735856,0.004516297
4524,0.000144551,0.001665946,0.009714992,0.00456394
4525,0.000144547,0.001667195,0.009691566,0.004565875
4526,0.000144457,0.001672131,0.009667786,0.004551253
4527,0.000144519,0.001677665,0.009643698,0.004553914
4528,0.000144683,0.001677326,0.009619376,0.004512685
4529,0.00014508,0.001682534,0.009595444,0.00451135
4530,0.000145474,0.001683266,0.009570949,0.004504331
4531,0.00014565,0.001684179,0.009547311,0.004518827
4532,0.000145889,0.001683864,0.009522584,0.004586519
4533,0.00014623,0.001686864,0.009497579,0.004570577
4534,0.000146318,0.001691558,0.009471051,0.004569277
4535,0.000146712,0.001698156,0.009444617,0.00457797
4536,0.000146991,0.001699891,0.009418272,0.004582037
4537,0.000146709,0.001705159,0.009392079,0.004581088
4538,0.000146587,0.001715427,0.009366259,0.004581684
4539,0.000146695,0.001715489,0.009341368,0.004598094
4540,0.000146742,0.001719932,0.009315456,0.004593999
4541,0.000146818,0.001725423,0.00928945,0.004612143
4542,0.000146933,0.001739975,0.009263512,0.004607952
4543,0.000146736,0.001753546,0.009236377,0.004585979
4544,0.000146901,0.001762714,0.00920984,0.004575465
4545,0.000147053,0.001764488,0.009202118,0.004564663
4546,0.000147418,0.001780715,0.009195256,0.004563079
4547,0.000147477,0.001781928,0.009186753,0.004563077
4548,0.000147581,0.001786457,0.009178815,0.004563872
4549,0.000147518,0.001790987,0.00917185,0.00456292
4550,0.00014777,0.001790413,0.009164886,0.004564696
4551,0.000147776,0.001791696,0.00916573,0.0045719
4552,0.000148002,0.001795475,0.009166591,0.004581264
4553,0.000148337,0.001804828,0.009170451,0.004596852
4554,0.000148474,0.001804186,0.009174236,0.004613583
4555,0.000148681,0.001811251,0.009179855,0.004591635
4556,0.000148962,0.001822354,0.009186328,0.004596623
4557,0.000148887,0.001823054,0.00919251,0.004593305
4558,0.000149015,0.001825054,0.009199631,0.004587956
4559,0.00014915,0.001824946,0.009209234,0.0045645
4560,0.00014921,0.0018248,0.009218144,0.004576295
4561,0.000149618,0.001824945,0.009227683,0.004574291
4562,0.000149537,0.00182599,0.009238978,0.004555161
4563,0.000149844,0.001830458,0.009251963,0.004559733
4564,0.000149764,0.001829829,0.009265956,0.004575254
4565,0.000149782,0.001832686,0.009279525,0.004563174
4566,0.000149893,0.001840671,0.009293109,0.004566535
4567,0.000150153,0.001858755,0.009307167,0.004563697
4568,0.0001504,0.001859984,0.009323272,0.00444125
4569,0.000150063,0.001872968,0.00934,0.004380725
4570,0.000150198,0.001873389,0.009359451,0.004370253
4571,0.000149986,0.001873819,0.009377354,0.004345555
4572,0.000149903,0.001892275,0.009394804,0.004307629
4573,0.000150146,0.001904125,0.009414516,0.004256456
4574,0.000149937,0.001918672,0.009434981,0.004260852
4575,0.000150337,0.001922641,0.009455727,0.004271189
4576,0.000150214,0.001926574,0.009478988,0.004238374
4577,0.000150234,0.001925754,0.009499499,0.004222418
4578,0.000150231,0.00192609,0.009521712,0.004248676
4579,0.000150235,0.001924298,0.009544873,0.00427354
4580,0.00015035,0.00192586,0.009569247,0.004269295
4581,0.000150439,0.001926093,0.009594412,0.004268709
4582,0.00015004,0.001933164,0.009619676,0.00426766
4583,0.000150201,0.001933445,0.009645863,0.004262352
4584,0.000150493,0.001939232,0.009672034,0.004267802
4585,0.000150841,0.001939184,0.009697902,0.004276711
4586,0.0001507,0.001945932,0.009725436,0.004285506
4587,0.000150513,0.001957473,0.009752827,0.004290734
4588,0.000150589,0.001961793,0.009780028,0.004298099
4589,0.000150444,0.001963431,0.009808725,0.004301224
4590,0.000150482,0.001964459,0.009838286,0.004290354
4591,0.000150369,0.001967545,0.00986867,0.004285453
4592,0.000150161,0.001968951,0.00989965,0.004278479
4593,0.000149913,0.001968921,0.009931276,0.00424753
4594,0.000149922,0.001969239,0.009964418,0.004240766
4595,0.000150002,0.001970231,0.009997297,0.004253751
4596,0.000150016,0.001969464,0.010030744,0.004254018
4597,0.000149979,0.001971073,0.010065533,0.004228705
4598,0.000150005,0.001978474,0.010100711,0.004228006
4599,0.000149894,0.001978455,0.010135176,0.004182812
4600,0.00014999,0.001980544,0.010171009,0.00418342
4601,0.000150037,0.001982914,0.010206648,0.004179208
4602,0.000150001,0.001982154,0.010243401,0.004177784
4603,0.000150116,0.001981898,0.010281687,0.004185988
4604,0.000150203,0.001984629,0.010319644,0.004197552
4605,0.000150071,0.001985673,0.010357866,0.004177773
4606,0.000150391,0.001987395,0.010396033,0.004176582
4607,0.000150336,0.001989432,0.010435882,0.004199018
4608,0.000150452,0.001995604,0.010475996,0.004245363
4609,0.000150399,0.002000616,0.01051728,0.004240319
4610,0.000150203,0.002002766,0.010559079,0.004269934
4611,0.000150061,0.002004484,0.010601476,0.004290236
4612,0.000150053,0.002005375,0.010644707,0.004295525
4613,0.000149948,0.002006605,0.010687657,0.004340524
4614,0.000150069,0.002006196,0.010732162,0.00434613
4615,0.000149854,0.002007598,0.010775279,0.004256571
4616,0.000149877,0.002009248,0.010820791,0.004253357
4617,0.00014969,0.002012395,0.010865437,0.004245859
4618,0.000149873,0.002017134,0.010910211,0.004259467
4619,0.000149914,0.002020393,0.010956559,0.004258463
4620,0.000149767,0.002019872,0.011003441,0.004252649
4621,0.000149739,0.002021737,0.011051672,0.004253909
4622,0.000149423,0.002022421,0.011099389,0.004253043
4623,0.000149273,0.002022294,0.0111474,0.004251858
4624,0.000149096,0.002024157,0.01119685,0.004249917
4625,0.000149302,0.002023642,0.011247102,0.004288325
4626,0.000149321,0.002023508,0.011297075,0.004240296
4627,0.000149549,0.002023452,0.011348245,0.004240717
4628,0.000149405,0.002024673,0.011399136,0.004298572
4629,0.000149513,0.002027294,0.011451457,0.004298523
4630,0.000149422,0.002029055,0.011504251,0.004313949
4631,0.000149175,0.002028939,0.011556026,0.004295894
4632,0.000148961,0.002028965,0.011610297,0.004291673
4633,0.000148793,0.002028606,0.011664712,0.004307107
4634,0.000148819,0.002030338,0.011719187,0.00430641
4635,0.00014879,0.002030976,0.01177609,0.00427698
4636,0.000148771,0.002031172,0.011832656,0.0042608
4637,0.000148651,0.002031333,0.011889207,0.004256125
4638,0.000148574,0.002031067,0.011896089,0.00423241
4639,0.000148689,0.002030857,0.011903233,0.00423046
4640,0.000148828,0.002033371,0.011910458,0.004191143
4641,0.000148972,0.002031781,0.011916906,0.004183564
4642,0.000148963,0.002032317,0.011923332,0.004201872
4643,0.000148827,0.002035868,0.011928468,0.004204767
4644,0.000149142,0.002046014,0.01193377,0.004204377
4645,0.000149117,0.002052212,0.011939573,0.00419907
4646,0.000149183,0.002056715,0.011944479,0.004198174
4647,0.000149273,0.002057511,0.011949394,0.004197212
4648,0.000149132,0.002054908,0.011953429,0.004199022
4649,0.000149169,0.002052848,0.011958185,0.004192457
4650,0.00014922,0.002058015,0.011961371,0.004230327
4651,0.000149075,0.002059099,0.011964152,0.004229631
4652,0.000149167,0.002059578,0.011966297,0.004204245
4653,0.00014926,0.002059548,0.011969178,0.004185909
4654,0.000149293,0.002059423,0.011971473,0.00418385
4655,0.000149445,0.002060637,0.011974093,0.004182908
4656,0.000149707,0.002063118,0.011975555,0.004201015
4657,0.000149497,0.002061779,0.011976,0.004201394
4658,0.000149524,0.002058695,0.011977185,0.004200409
4659,0.000149677,0.002059879,0.011977458,0.004184529
4660,0.000149409,0.002060911,0.011977581,0.004153404
4661,0.000149139,0.002067787,0.011978503,0.004152348
4662,0.000149219,0.002068893,0.011978728,0.004156669
4663,0.000149271,0.0020723,0.011978728,0.004156215
4664,0.000149446,0.002072442,0.011978728,0.004156097
4665,0.000149319,0.002073486,0.0119715,0.004183109
4666,0.000149475,0.002078719,0.011962774,0.004182889
4667,0.000149765,0.002079137,0.011953846,0.00420342
4668,0.000149925,0.002079312,0.011944824,0.004201679
4669,0.000149842,0.002081702,0.011935857,0.004201522
4670,0.000149822,0.002081255,0.011925102,0.004197267
4671,0.000149722,0.002082365,0.01191537,0.004179018
4672,0.0001496,0.002081604,0.011904224,0.004175763
4673,0.000149495,0.002081252,0.011893593,0.004176876
4674,0.000148964,0.002081677,0.011882202,0.00414389
4675,0.000149094,0.002080254,0.011871718,0.004136954
4676,0.000149038,0.002083296,0.01186033,0.00413552
4677,0.000148965,0.002083884,0.011848966,0.004131395
4678,0.000148801,0.002084468,0.011837494,0.00412821
4679,0.000148893,0.002084383,0.011826401,0.004125631
4680,0.000148824,0.002084335,0.011814183,0.004069865
4681,0.000148606,0.002084079,0.011800325,0.004074924
4682,0.000148727,0.002083524,0.01178646,0.004074588
4683,0.000148955,0.002083208,0.011773577,0.00407679
4684,0.000148966,0.002084193,0.011759079,0.004077702
4685,0.000148693,0.002086507,0.011745443,0.004083004
4686,0.000148623,0.002086983,0.011732174,0.004034559
4687,0.000148606,0.002087642,0.01171815,0.004052118
4688,0.000148828,0.002089574,0.011703483,0.004049213
4689,0.000148894,0.002090563,0.01168838,0.00406578
4690,0.00014903,0.002090073,0.011673365,0.004151263
4691,0.000149028,0.002090274,0.011658187,0.004181132
4692,0.000148964,0.002090162,0.011642349,0.004176154
4693,0.000148944,0.002094406,0.011626556,0.004165991
4694,0.000148821,0.002095125,0.011611226,0.004163926
4695,0.000148782,0.002094907,0.011595055,0.004165235
4696,0.000148794,0.002095038,0.011578521,0.004122852
4697,0.000148633,0.002095092,0.011562007,0.004123472
4698,0.000148924,0.002095918,0.011544639,0.004120358
4699,0.000148871,0.002095649,0.011527194,0.004120893
4700,0.000148851,0.00209687,0.011509983,0.004087214
4701,0.000149104,0.002095939,0.011491252,0.004081065
4702,0.000149078,0.002095407,0.01147333,0.004080503
4703,0.000149024,0.002093907,0.011454728,0.00408806
4704,0.000148926,0.002093843,0.011436085,0.004095394
4705,0.000149072,0.002094063,0.011417573,0.004069613
4706,0.00014915,0.002095798,0.011397949,0.004070009
4707,0.000149055,0.002097243,0.011378253,0.004071206
4708,0.000149002,0.00209772,0.011357966,0.004072453
4709,0.000149372,0.002098142,0.011336643,0.004073454
4710,0.00014935,0.002097586,0.011316234,0.004074712
4711,0.000149438,0.002097666,0.011295728,0.004076545
4712,0.000149866,0.002100825,0.011276672,0.00407905
4713,0.000149838,0.002101499,0.011255146,0.004077931
4714,0.000150076,0.002106223,0.011234117,0.004078289
4715,0.000150053,0.002106888,0.011212868,0.004080373
4716,0.000150312,0.002109208,0.011191232,0.004078755
4717,0.000150336,0.002110586,0.01116866,0.004079324
4718,0.000150545,0.002108409,0.011146287,0.004079774
4719,0.000150728,0.002109264,0.011123629,0.004060939
4720,0.000150886,0.002109829,0.011100732,0.004058505
4721,0.00015064,0.002110734,0.011077379,0.004061007
4722,0.00015073,0.002123933,0.01105394,0.004046494
4723,0.00015076,0.002125146,0.011030486,0.004046117
4724,0.000150897,0.002138921,0.011006985,0.004048269
4725,0.000151122,0.002140117,0.01098191,0.004072999
4726,0.000151434,0.002141728,0.010956857,0.00407492
4727,0.000151552,0.002142554,0.010931868,0.004079235
4728,0.000151559,0.002144771,0.010907008,0.004059852
4729,0.000151848,0.002144989,0.01088034,0.004058804
4730,0.000151773,0.002148325,0.010854773,0.004106052
4731,0.000151745,0.002147479,0.010835475,0.004104404
4732,0.0001519,0.00215074,0.010819059,0.00410142
4733,0.000152277,0.002155569,0.010803119,0.00405567
4734,0.000152453,0.002157296,0.010788039,0.004072185
4735,0.000152718,0.002160166,0.010775789,0.004082607
4736,0.00015243,0.002161119,0.010765003,0.004093785
4737,0.000152724,0.002161788,0.010757292,0.004093667
4738,0.000152997,0.002161898,0.010750113,0.004091043
4739,0.000153065,0.002166799,0.010744728,0.004061958
4740,0.000153549,0.002170809,0.010739689,0.004063257
4741,0.000153741,0.002170511,0.010736127,0.004070598
4742,0.000153892,0.00217034,0.010733377,0.004040121
4743,0.00015414,0.002173576,0.010734289,0.00404569
4744,0.00015414,0.002176069,0.010736196,0.00402314
4745,0.00015421,0.002179545,0.01074019,0.003999686
4746,0.000154612,0.00217979,0.010745322,0.004028717
4747,0.000154507,0.002179611,0.01075226,0.00402978
4748,0.000154336,0.002189376,0.010759767,0.004030956
4749,0.000154777,0.002191411,0.010772209,0.004026331
4750,0.000154817,0.002190806,0.010748828,0.003998375
4751,0.000154865,0.002190868,0.010723324,0.003992174
4752,0.00015475,0.002198435,0.010698336,0.003988791
4753,0.000155092,0.00220019,0.010672416,0.003975347
4754,0.000154749,0.002202846,0.010645249,0.003972923
4755,0.000155065,0.002201971,0.010617484,0.003966868
4756,0.000155357,0.002206637,0.010589086,0.003969653
4757,0.000155192,0.002203137,0.010558975,0.003962045
4758,0.000155061,0.002202532,0.010526581,0.003958484
4759,0.000155194,0.002200908,0.010494643,0.00391655
4760,0.000155184,0.002201954,0.010462543,0.003928705
4761,0.00015553,0.002208473,0.010428872,0.003963214
4762,0.000155733,0.002211636,0.010394271,0.003982078
4763,0.00015561,0.002213488,0.010359814,0.003995714
4764,0.000155578,0.002217885,0.010325025,0.003993849
4765,0.000155356,0.002219646,0.010288736,0.003989948
4766,0.000155566,0.002219431,0.01025363,0.003992268
4767,0.000155762,0.002220266,0.010218394,0.003989085
4768,0.000155792,0.002219913,0.010183236,0.003999928
4769,0.000155751,0.002218922,0.010147309,0.003998812
4770,0.000155876,0.002219555,0.010110638,0.00400088
4771,0.000155946,0.002222969,0.010073916,0.004002661
4772,0.000155885,0.002223764,0.010035216,0.004002959
4773,0.00015575,0.002223553,0.009998178,0.00402629
4774,0.000155956,0.002223707,0.009960946,0.004093203
4775,0.00015581,0.002224559,0.009922909,0.004115176
4776,0.000155497,0.002222668,0.009883767,0.004126539
4777,0.000155791,0.00222165,0.009845396,0.004140971
4778,0.000155933,0.002221852,0.009806355,0.00417216
4779,0.00015636,0.002219091,0.009767021,0.004187192
4780,0.00015614,0.002227918,0.009727813,0.00419859
4781,0.000156327,0.002235724,0.009688083,0.004200779
4782,0.000156593,0.002232785,0.009648807,0.004233213
4783,0.000156496,0.002233586,0.009610132,0.004222384
4784,0.000156566,0.00223489,0.009569842,0.004207172
4785,0.000156849,0.002241909,0.009528425,0.004260103
4786,0.000156858,0.002244378,0.009487336,0.004258411
4787,0.000157297,0.002252019,0.009446612,0.004258077
4788,0.000157283,0.002253344,0.00940512,0.004258786
4789,0.000157412,0.002252013,0.009362342,0.00428376
4790,0.000157172,0.002255811,0.009320758,0.004398531
4791,0.000157334,0.00225853,0.009278221,0.004404894
4792,0.000157379,0.002261491,0.009235392,0.00439381
4793,0.000157336,0.002262504,0.009191769,0.004380686
4794,0.000157716,0.002264719,0.009148865,0.004373428
4795,0.000157433,0.002267693,0.009104518,0.004441765
4796,0.0001574,0.002268373,0.009060952,0.0044693
4797,0.000157428,0.002274304,0.009016357,0.004464835
4798,0.000157389,0.002280582,0.008971263,0.004462951
4799,0.000157207,0.002283994,0.008925466,0.004448423
4800,0.000157041,0.002290749,0.00887936,0.004446599
4801,0.000157143,0.002292073,0.008834748,0.004446607
4802,0.000156923,0.002292948,0.0087883,0.004408847
4803,0.000157004,0.002290589,0.008743497,0.004406298
4804,0.000156931,0.002284099,0.008697777,0.004402912
4805,0.000157071,0.002276056,0.00865127,0.004396892
4806,0.000157131,0.00227629,0.008605514,0.004385864
4807,0.000157141,0.002277573,0.008558591,0.004379636
4808,0.000157107,0.002266277,0.008511116,0.004357713
4809,0.000157071,0.002266569,0.008463122,0.004346571
4810,0.000157184,0.002266592,0.008415528,0.004339414
4811,0.000157243,0.002259325,0.008366742,0.004340521
4812,0.000157214,0.002245791,0.008318455,0.004345411
4813,0.000157197,0.002252856,0.008269383,0.004351302
4814,0.000157115,0.002251661,0.008219927,0.004350774
4815,0.00015704,0.002258132,0.008169653,0.004349395
4816,0.000156953,0.00225699,0.008120369,0.004348082
4817,0.000157245,0.00225596,0.00807038,0.004423547
4818,0.000157157,0.002253733,0.008020543,0.004425623
4819,0.000157379,0.002254252,0.007970487,0.004426629
4820,0.000157649,0.002257223,0.007920585,0.004407127
4821,0.000157412,0.002256671,0.007869223,0.004412058
4822,0.000157724,0.002265259,0.007818843,0.004413934
4823,0.000157964,0.002263805,0.007768362,0.004413855
4824,0.000157817,0.002262091,0.007716927,0.004415242
4825,0.000158118,0.002258884,0.007665465,0.004393542
4826,0.000158248,0.002256157,0.007611901,0.004426345
4827,0.000158531,0.002253927,0.007559373,0.00445016
4828,0.00015861,0.002247614,0.007505312,0.004449946
4829,0.000158601,0.002242243,0.007453314,0.004469232
4830,0.000158482,0.002228455,0.007400593,0.00448149
4831,0.000158428,0.002229183,0.007346257,0.004482015
4832,0.00015843,0.002226238,0.007292936,0.004477417
4833,0.000158464,0.002220576,0.007239375,0.004482679
4834,0.000158125,0.002219547,0.00718476,0.0044815
4835,0.000158478,0.002216372,0.007130666,0.004484069
4836,0.000158558,0.002203926,0.007076301,0.004481117
4837,0.000158634,0.002206045,0.007020707,0.004479171
4838,0.000158885,0.002204593,0.006965522,0.004545605
4839,0.000158573,0.002206982,0.00690979,0.004518078
4840,0.00015836,0.002210631,0.006860504,0.004517197
4841,0.000158347,0.002212484,0.006810585,0.004524888
4842,0.000158125,0.002210956,0.006760842,0.004521379
4843,0.000157924,0.002210799,0.006709895,0.004532915
4844,0.000157833,0.002203741,0.00670927,0.0045366
4845,0.000157918,0.002199968,0.006710015,0.004537998
4846,0.000158144,0.002196732,0.006710211,0.004538303
4847,0.000158437,0.00218871,0.006712207,0.004541755
4848,0.000158644,0.002185157,0.006715017,0.004543753
4849,0.000158625,0.002182622,0.006720042,0.00454272
4850,0.00015855,0.002179907,0.006724668,0.004543716
4851,0.000158681,0.002184428,0.006729086,0.004545156
4852,0.000158796,0.002183916,0.00673487,0.004541746
4853,0.000159049,0.002184253,0.006740736,0.004566316
4854,0.000159256,0.00218263,0.00674571,0.004569585
4855,0.000159035,0.002185896,0.00675449,0.004571432
4856,0.000158829,0.002194296,0.006762389,0.00457056
4857,0.000158691,0.002187857,0.006771325,0.004553189
4858,0.000158677,0.00218085,0.006780943,0.004552121
4859,0.000158762,0.002181747,0.006790969,0.004594157
4860,0.000158883,0.002174232,0.006801249,0.004576413
4861,0.000158912,0.002169488,0.00681268,0.004575672
4862,0.00015863,0.00216487,0.006826133,0.004586902
4863,0.000158604,0.00216448,0.006838245,0.004587
4864,0.000158514,0.002161104,0.0068516,0.004588253
4865,0.000158978,0.00216232,0.006863326,0.004592521
4866,0.000159066,0.002162791,0.006875879,0.004596835
4867,0.000158645,0.002164693,0.006889208,0.004598801
4868,0.000158765,0.002159146,0.006902867,0.004575294
4869,0.000158944,0.002149042,0.006914818,0.004572345
4870,0.000159078,0.002149996,0.006927809,0.004587725
4871,0.000159165,0.002153235,0.006941956,0.004586578
4872,0.000159166,0.002150305,0.006956744,0.004591122
4873,0.000159015,0.002145794,0.006970233,0.004590745
4874,0.000158788,0.002139693,0.006983858,0.004600053
4875,0.00015872,0.002134414,0.006997285,0.004602708
4876,0.000158863,0.002130793,0.007011747,0.004618796
4877,0.00015866,0.002115064,0.007026043,0.004608722
4878,0.000158513,0.002107495,0.007042133,0.004603831
4879,0.000158357,0.002107102,0.007058245,0.004660333
4880,0.000158353,0.002104498,0.007073779,0.004664436
4881,0.00015832,0.002099164,0.007090271,0.004667161
4882,0.000158448,0.002092339,0.007106587,0.00467899
4883,0.000158624,0.002087439,0.007122663,0.004638364
4884,0.000158554,0.002082051,0.007139387,0.004631901
4885,0.000158324,0.002076833,0.007156328,0.004627955
4886,0.000158529,0.002070557,0.007173019,0.004613535
4887,0.000158643,0.002065682,0.007189499,0.004613729
4888,0.000158598,0.00206195,0.007206452,0.00460869
4889,0.000158264,0.002066768,0.0072239,0.004605713
4890,0.000157991,0.002066609,0.007242288,0.00460635
4891,0.0001579,0.002063649,0.007251383,0.004605969
4892,0.000157798,0.002056793,0.007262146,0.004607305
4893,0.000157975,0.002053331,0.00727226,0.00460816
4894,0.000157965,0.002050735,0.007282208,0.004561054
4895,0.000157972,0.002039231,0.007292417,0.004559436
4896,0.000157877,0.002033905,0.007301064,0.004559663
4897,0.000157925,0.002037086,0.0073101,0.004540038
4898,0.000158088,0.002045123,0.007319047,0.004567114
4899,0.000157939,0.002037434,0.007329312,0.004567022
4900,0.000158054,0.002029352,0.007339793,0.004563967
4901,0.000157943,0.002023452,0.007347799,0.004563346
4902,0.000158122,0.002016452,0.007356239,0.004562443
4903,0.000158064,0.002013702,0.007366729,0.004585165
4904,0.000157971,0.002009331,0.007377327,0.004574093
4905,0.000158038,0.00200512,0.007386357,0.004565619
4906,0.000158171,0.001996782,0.00739583,0.004577361
4907,0.000158168,0.001989911,0.007404302,0.004582167
4908,0.000157902,0.001985551,0.007413573,0.004584123
4909,0.000157791,0.001981503,0.007421527,0.004588639
4910,0.000158088,0.001968933,0.007431329,0.004588242
4911,0.00015794,0.001965918,0.007440389,0.004585231
4912,0.000158014,0.001949783,0.007450813,0.004579477
4913,0.000157933,0.001950166,0.007460212,0.004576173
4914,0.000157976,0.001940644,0.007468585,0.004583983
4915,0.000158137,0.001939265,0.007477621,0.004571844
4916,0.000158073,0.001923888,0.007485768,0.004539579
4917,0.000158251,0.001911666,0.007495599,0.00455649
4918,0.000158266,0.001903295,0.007504052,0.004556106
4919,0.000158205,0.001893341,0.007513372,0.004555949
4920,0.000158363,0.001884605,0.007520822,0.004550843
4921,0.000158088,0.001882404,0.007529784,0.004583384
4922,0.000158101,0.001875223,0.007538183,0.004584835
4923,0.000157951,0.001875669,0.007546241,0.004582934
4924,0.000158098,0.001868742,0.007555012,0.004580939
4925,0.000158149,0.001860171,0.007564315,0.004578808
4926,0.00015811,0.001846984,0.007570475,0.004551892
4927,0.000158028,0.001841467,0.007578504,0.004499114
4928,0.000157942,0.001836915,0.00758672,0.004495152
4929,0.000157968,0.001831784,0.007593436,0.004477878
4930,0.000157847,0.001822864,0.007601158,0.004425662
4931,0.000157709,0.001823504,0.007609346,0.00439293
4932,0.000157905,0.001816254,0.007617796,0.004392564
4933,0.000157984,0.001815263,0.00762393,0.004397454
4934,0.00015787,0.001811263,0.007633483,0.00439868
4935,0.000157777,0.001807332,0.007639748,0.004404659
4936,0.00015772,0.001791559,0.007646664,0.004396115
4937,0.000157623,0.001793827,0.007654646,0.004409733
4938,0.000157548,0.001782843,0.007660844,0.004409075
4939,0.000157568,0.001783253,0.007667606,0.004407844
4940,0.000157602,0.001784636,0.007674383,0.004406709
4941,0.000157734,0.001782379,0.007682051,0.0044013
4942,0.000157748,0.001779045,0.007690672,0.00439634
4943,0.000157582,0.001780048,0.007696733,0.004398336
4944,0.000157374,0.001779131,0.007704288,0.004397778
4945,0.000157156,0.001776259,0.007710432,0.004396565
4946,0.000157272,0.001767486,0.007717062,0.004425287
4947,0.00015723,0.001767351,0.007723661,0.004514298
4948,0.000157349,0.001767944,0.007730363,0.004461977
4949,0.000157416,0.001770063,0.007737065,0.004471192
4950,0.000157992,0.001770054,0.00774482,0.004395837
4951,0.00015841,0.001767355,0.007750554,0.004378834
4952,0.000158081,0.001752987,0.007758643,0.004370309
4953,0.00015805,0.001749101,0.007764287,0.004350861
4954,0.000158035,0.001747407,0.007771633,0.004353832
4955,0.000158395,0.001744888,0.007776657,0.004352404
4956,0.000158315,0.001738405,0.007785167,0.004344726
4957,0.000158465,0.001737235,0.007792722,0.004335165
4958,0.000158215,0.001728555,0.007799255,0.004295039
4959,0.000158274,0.001720012,0.007806896,0.00437139
4960,0.000158379,0.001710676,0.007814275,0.00438638
4961,0.00015842,0.00170107,0.007821711,0.004395566
4962,0.000158422,0.001685236,0.007829139,0.004392665
4963,0.000158492,0.001677052,0.007834704,0.004389047
4964,0.00015846,0.001671296,0.007814055,0.004386662
4965,0.000158698,0.00167168,0.00779213,0.00439166
4966,0.000158763,0.001663057,0.007770978,0.004399143
4967,0.000159143,0.001645842,0.007748732,0.004397683
4968,0.000159123,0.001638982,0.0077276,0.004403724
4969,0.000159347,0.001624826,0.00770521,0.004414261
4970,0.000159231,0.001615501,0.007680731,0.0044163
4971,0.000159098,0.001603433,0.007656084,0.004412838
4972,0.000159181,0.001604096,0.007632911,0.004407885
4973,0.000159192,0.001606711,0.007607826,0.004394919
4974,0.000159133,0.001601219,0.007582301,0.004381802
4975,0.000159104,0.00159721,0.007557093,0.004376193
4976,0.000159214,0.001595958,0.007529832,0.004347501
4977,0.000159401,0.001591119,0.007504216,0.004340123
4978,0.000159412,0.001594991,0.007477567,0.004340404
4979,0.000159065,0.00159172,0.007450836,0.004355392
4980,0.000159428,0.001579131,0.007423296,0.004430562
4981,0.000159451,0.001568113,0.00739577,0.004433397
4982,0.000159451,0.001560558,0.007367167,0.00443565
4983,0.000159478,0.001556209,0.007338881,0.004436189
4984,0.000159455,0.001549952,0.007309974,0.004448505
4985,0.000159614,0.001547103,0.007280761,0.004447356
4986,0.000159662,0.001542072,0.007250239,0.004459739
4987,0.000159503,0.001542599,0.007218544,0.004464561
4988,0.000159444,0.00152318,0.007185812,0.00446529
4989,0.000159372,0.001529562,0.007154893,0.004466077
4990,0.000159564,0.001523894,0.007121633,0.004464875
4991,0.000159565,0.001522549,0.007088258,0.004431909
4992,0.000159369,0.001521745,0.007055152,0.004430265
4993,0.000159253,0.001521643,0.007021529,0.004457234
4994,0.000159095,0.0015119,0.00698757,0.004462679
4995,0.000158918,0.001498054,0.006952091,0.004463852
4996,0.00015878,0.001498061,0.006915456,0.004470944
4997,0.000158743,0.001493621,0.006880608,0.00447593
4998,0.000158308,0.001486456,0.006845086,0.004459816
4999,0.000158257,0.001485416,0.006809323,0.004458776
5000,0.000158208,0.001475329,0.006773637,0.00446635
5001,0.000158049,0.001474057,0.00673644,0.004429895
5002,0.00015792,0.001469598,0.006699593,0.004446637
5003,0.000157915,0.001469532,0.00666139,0.004447453
5004,0.000157689,0.001461952,0.006625151,0.004472049
5005,0.000157192,0.001454574,0.006586735,0.004446437
5006,0.000157264,0.001451563,0.006549428,0.004448882
5007,0.000157268,0.00143689,0.00651171,0.004440767
5008,0.000157049,0.001428932,0.006474587,0.004440642
5009,0.000157073,0.001428496,0.006435483,0.004427968
5010,0.000156692,0.001429267,0.006396762,0.004428354
5011,0.000156556,0.001429179,0.006356711,0.004424654
5012,0.000156177,0.001431705,0.006317026,0.004423771
5013,0.000156071,0.001430772,0.006277885,0.00442464
5014,0.000155913,0.001428243,0.006238525,0.004410396
5015,0.000155653,0.001428616,0.006198956,0.004394496
5016,0.000155744,0.001426395,0.006159254,0.004392071
5017,0.000155492,0.001422004,0.006118112,0.00440244
5018,0.000155761,0.001424316,0.006077742,0.004398985
5019,0.000155693,0.001428495,0.006036791,0.004404879
5020,0.000155324,0.001429415,0.00599518,0.004395812
5021,0.000155128,0.00142432,0.005987877,0.004347511
5022,0.000154838,0.001418589,0.005982015,0.004344296
5023,0.000154773,0.001417316,0.005977411,0.004343111
5024,0.000154448,0.001413777,0.00597461,0.004294876
5025,0.000154335,0.001415346,0.005974511,0.00429683
5026,0.000154257,0.001410276,0.005974511,0.004303625
5027,0.000154185,0.00140664,0.005974511,0.00433262
5028,0.000154023,0.001406302,0.005974511,0.00432963
5029,0.000153719,0.001400697,0.005974511,0.004345863
5030,0.000153245,0.001403218,0.005974511,0.004345978
5031,0.000152798,0.001403278,0.005974511,0.004350552
5032,0.000152529,0.001404256,0.005974511,0.004281102
5033,0.000152237,0.001402416,0.005974511,0.004279789
5034,0.00015192,0.00139864,0.005974511,0.004279771
5035,0.00015153,0.001395693,0.005974511,0.004273887
5036,0.000151452,0.001394008,0.005974511,0.004269225
5037,0.000151708,0.001388619,0.005974511,0.004271224
5038,0.000151388,0.001377225,0.005974511,0.004269973
5039,0.000151343,0.001376915,0.005974511,0.0042542
5040,0.000151151,0.001370769,0.005974511,0.00425448
5041,0.000151289,0.001365315,0.005974511,0.004230563
5042,0.000151098,0.001350478,0.005974511,0.004265361
5043,0.000151059,0.001335868,0.005974511,0.004262767
5044,0.000151032,0.001326805,0.005974511,0.004261427
5045,0.000150951,0.001330429,0.005974511,0.004261489
5046,0.000150649,0.001313513,0.005974511,0.004262224
5047,0.000150726,0.001313093,0.005974511,0.00426333
5048,0.00015037,0.001308024,0.005974511,0.004246576
5049,0.000150203,0.001303011,0.005974511,0.004246365
5050,0.000149993,0.00130279,0.005974511,0.004240611
5051,0.00014983,0.001302441,0.005967353,0.00423583
5052,0.000149776,0.001299364,0.005959937,0.004227424
5053,0.000149418,0.001289376,0.005950089,0.004262482
5054,0.000149157,0.001288817,0.005941121,0.004249165
5055,0.000149071,0.001282805,0.005930736,0.004249803
5056,0.000148763,0.001272574,0.005920226,0.004237138
5057,0.000148517,0.00127289,0.005909715,0.004236468
5058,0.000148182,0.001270646,0.005897608,0.004233919
5059,0.000147989,0.001269125,0.005885213,0.004233577
5060,0.000147942,0.001271028,0.005872371,0.004220176
5061,0.000147653,0.001271458,0.00585921,0.004216907
5062,0.000147562,0.001270246,0.005845288,0.004216969
5063,0.000147079,0.001265348,0.005830607,0.004211779
5064,0.000147029,0.001265272,0.005814593,0.004194111
5065,0.000147133,0.001262523,0.005799305,0.00419203
5066,0.00014655,0.001254948,0.005783554,0.004166935
5067,0.000146427,0.00123687,0.005767677,0.004164846
5068,0.000146183,0.001235068,0.005750562,0.004164111
5069,0.000146012,0.001219753,0.005732569,0.004162677
5070,0.000145989,0.001219825,0.005713068,0.004166075
5071,0.000146079,0.001220345,0.005694864,0.004169904
5072,0.000146097,0.001201683,0.005676722,0.00417479
5073,0.000145836,0.001189827,0.00565701,0.004171772
5074,0.000145881,0.001174186,0.005636545,0.004163051
5075,0.000145482,0.001170203,0.005615799,0.004197319
5076,0.000145588,0.001166403,0.005592538,0.004199228
5077,0.00014548,0.001166516,0.005572026,0.004210337
5078,0.000145439,0.00116755,0.005549814,0.004182975
5079,0.000145394,0.001169826,0.005526653,0.004158322
5080,0.000145188,0.001168065,0.005502278,0.004152471
5081,0.000145257,0.001169135,0.005477114,0.004146034
5082,0.000145161,0.001163563,0.00545185,0.00414525
5083,0.000145029,0.001161586,0.005425663,0.004143596
5084,0.000144698,0.00115827,0.005399492,0.00413497
5085,0.000144246,0.001160053,0.005373624,0.004110815
5086,0.000144034,0.001154561,0.00534609,0.004097118
5087,0.000144095,0.00114365,0.005318699,0.004091343
5088,0.000144007,0.001137116,0.005291497,0.004078014
5089,0.000144092,0.001135794,0.005262801,0.004097951
5090,0.000143909,0.001134808,0.00523324,0.004119969
5091,0.000143686,0.001132051,0.005202856,0.004120896
5092,0.000143522,0.001129414,0.005171876,0.004141448
5093,0.000143428,0.001129557,0.00514025,0.004146186
5094,0.000143233,0.001128925,0.005107108,0.004168164
5095,0.000142917,0.001127079,0.005074229,0.004137373
5096,0.000142758,0.001125175,0.005040782,0.004140566
5097,0.00014292,0.001123344,0.005005993,0.004143044
5098,0.000142799,0.001119294,0.004970815,0.004142964
5099,0.000142539,0.001121827,0.00493635,0.004128382
5100,0.000142345,0.001118984,0.004900517,0.004124881
5101,0.000142354,0.001117599,0.004864878,0.004124495
5102,0.000142179,0.001120703,0.004828125,0.004121304
5103,0.000141986,0.001121832,0.004789839,0.004146054
5104,0.000141718,0.001120604,0.004751881,0.004134085
5105,0.000141783,0.00112035,0.00471366,0.00413297
5106,0.000141496,0.001118906,0.004675492,0.004129771
5107,0.000141307,0.001119705,0.004635644,0.00410519
5108,0.000140945,0.001115929,0.00459553,0.004030206
5109,0.000140995,0.001110482,0.004554245,0.004025183
5110,0.00014105,0.00110816,0.004512447,0.003995869
5111,0.000140912,0.00110647,0.00447005,0.003980172
5112,0.000141063,0.001105784,0.004426818,0.003993712
5113,0.000141197,0.001104995,0.004383869,0.003950149
5114,0.000140721,0.001103202,0.004339363,0.003927996
5115,0.000140551,0.001102098,0.004296247,0.003927168
5116,0.000140431,0.001104102,0.004250734,0.003927501
5117,0.000140365,0.001101644,0.004206089,0.003945018
5118,0.000140243,0.001097793,0.004161314,0.003932403
5119,0.000139995,0.001095736,0.004114967,0.003933067
5120,0.000140303,0.001096406,0.004068085,0.003933358
5121,0.000140135,0.001093391,0.004019854,0.003934133
5122,0.000140161,0.001093726,0.003972137,0.003947743
5123,0.000140237,0.001095704,0.003924126,0.003970931
5124,0.00014011,0.001096691,0.003874676,0.003970968
5125,0.0001399,0.001098246,0.003824424,0.003933223
5126,0.000139768,0.00110218,0.003774451,0.003935512
5127,0.000139457,0.00110389,0.003723281,0.003931299
5128,0.000139312,0.001104571,0.00367239,0.003889243
5129,0.000139364,0.001104078,0.003620069,0.003890239
5130,0.00013933,0.001103601,0.003567274,0.003857204
5131,0.000139379,0.001107462,0.0035155,0.003860761
5132,0.000139254,0.001110638,0.003461229,0.003849515
5133,0.000139129,0.00111093,0.003406814,0.003829947
5134,0.000139153,0.001110661,0.003352339,0.003825291
5135,0.000139104,0.00111236,0.003295436,0.003820806
5136,0.000139116,0.001112906,0.00323887,0.003819634
5137,0.000139092,0.001113948,0.003182319,0.003819394
5138,0.000138928,0.001115014,0.003175437,0.003824588
5139,0.000138877,0.001115544,0.003168293,0.003825071
5140,0.000138835,0.001112364,0.003161068,0.003828478
5141,0.00013851,0.001112228,0.003154619,0.003829508
5142,0.00013853,0.001111711,0.003148194,0.00381584
5143,0.000138495,0.001107027,0.003143058,0.0038195
5144,0.000138477,0.001097288,0.003137756,0.00391603
5145,0.000138797,0.001090983,0.003131953,0.003947385
5146,0.000138629,0.001087005,0.003127047,0.003979815
5147,0.000138612,0.001086361,0.003122132,0.004007415
5148,0.000138676,0.001091225,0.003118097,0.004044323
5149,0.000138529,0.001093046,0.003113341,0.004054191
5150,0.000138593,0.001090207,0.003110154,0.004014657
5151,0.000138504,0.00108999,0.003107373,0.004019058
5152,0.000138476,0.001091978,0.003105229,0.004037224
5153,0.00013803,0.001091729,0.003102348,0.004038781
5154,0.00013797,0.001092927,0.003107757,0.004039042
5155,0.000137759,0.00109068,0.003111331,0.004041203
5156,0.000137674,0.001088448,0.00311661,0.004016924
5157,0.000137704,0.001088807,0.003123351,0.004013767
5158,0.000137736,0.001089328,0.003129996,0.004013388
5159,0.000137622,0.001087877,0.003138148,0.00401448
5160,0.000137925,0.001088404,0.003147836,0.004029227
5161,0.000137857,0.001085133,0.003156256,0.004035442
5162,0.000137742,0.001084977,0.003164203,0.004033641
5163,0.000137457,0.001081787,0.003172885,0.004037306
5164,0.000137624,0.00108135,0.003182644,0.004052542
5165,0.000137751,0.001079449,0.003192937,0.004026441
5166,0.000137596,0.001074749,0.003203783,0.004037173
5167,0.000137462,0.00107822,0.003214295,0.004022207
5168,0.000137548,0.00107962,0.003225411,0.004023987
5169,0.000137392,0.001078183,0.003236287,0.004025024
5170,0.000137356,0.001078034,0.003247591,0.004026481
5171,0.00013753,0.001076363,0.003259846,0.00410933
5172,0.000137496,0.001076061,0.003273131,0.004112762
5173,0.000137462,0.001077711,0.003285281,0.00414279
5174,0.000137776,0.001078728,0.003299303,0.004146453
5175,0.000137561,0.001078704,0.003312803,0.004151963
5176,0.000137476,0.00107563,0.00332625,0.004169654
5177,0.000137643,0.001080332,0.003341066,0.004175903
5178,0.000137636,0.001083082,0.003355569,0.004175686
5179,0.00013755,0.00108796,0.00337072,0.004176506
5180,0.000137522,0.00108797,0.003385968,0.004176083
5181,0.000137644,0.001088346,0.003401565,0.004206264
5182,0.000137511,0.001090545,0.003417494,0.004207178
5183,0.000137376,0.001091023,0.003434227,0.004206072
5184,0.000137318,0.001094639,0.003450426,0.004208205
5185,0.000137483,0.001098053,0.003468323,0.004202426
5186,0.000137522,0.001098868,0.003486317,0.004199775
5187,0.00013758,0.001098431,0.003504535,0.004183546
5188,0.000137369,0.001101366,0.00352289,0.004196931
5189,0.000137428,0.001102382,0.00354147,0.004191681
5190,0.000137273,0.001101676,0.003561054,0.004103035
5191,0.000137237,0.001103015,0.003580726,0.004076476
5192,0.000137296,0.001103955,0.003600353,0.004075968
5193,0.000137174,0.001103046,0.003620408,0.004075563
5194,0.000137143,0.001105274,0.003641569,0.004075231
5195,0.000137131,0.001107436,0.003663105,0.00413085
5196,0.000137118,0.001107736,0.003684865,0.004135157
5197,0.000137287,0.001110404,0.003705919,0.004133394
5198,0.000137207,0.001109205,0.003728374,0.004133739
5199,0.000136984,0.001109906,0.003750061,0.004135177
5200,0.000136838,0.001106245,0.003772822,0.004134966
5201,0.000136698,0.001106301,0.003795736,0.004134888
5202,0.000136732,0.001106147,0.003818573,0.004137649
5203,0.000136707,0.001105621,0.003842217,0.004130683
5204,0.00013674,0.00110535,0.003866279,0.004127946
5205,0.000136442,0.001105811,0.003890008,0.004124278
5206,0.000136578,0.00110642,0.003914326,0.004138245
5207,0.000136581,0.001104752,0.00393828,0.004153221
5208,0.000136386,0.001104747,0.003964828,0.004150725
5209,0.000136021,0.001104707,0.003989576,0.004155185
5210,0.000135957,0.001107002,0.004015466,0.004153965
5211,0.000135878,0.001106689,0.004041474,0.004151886
5212,0.000135352,0.001105587,0.004068411,0.004149826
5213,0.000135281,0.001106144,0.004094697,0.004149283
5214,0.000135219,0.001104505,0.004122291,0.004149323
5215,0.000135055,0.001108939,0.00415047,0.004146655
5216,0.000134575,0.001111509,0.004178319,0.004143963
5217,0.000134513,0.001110825,0.004206076,0.004141097
5218,0.00013427,0.001116981,0.004234788,0.004140893
5219,0.000133913,0.001123064,0.004262694,0.004140772
5220,0.000133753,0.00112298,0.004291791,0.004139913
5221,0.000133728,0.001127414,0.004321973,0.004137187
5222,0.000133463,0.001114633,0.004351778,0.004142961
5223,0.000133189,0.001116033,0.004380338,0.004140562
5224,0.000133018,0.001103228,0.004410221,0.004138948
5225,0.000132783,0.001102015,0.004440883,0.00411142
5226,0.00013239,0.001100283,0.004471647,0.004104942
5227,0.000131817,0.001102555,0.004501788,0.004100348
5228,0.00013167,0.001100844,0.0045327,0.004100257
5229,0.000131478,0.001103882,0.004565264,0.004100393
5230,0.000131336,0.001104848,0.004597687,0.00405414
5231,0.000131143,0.001109602,0.00462148,0.004053954
5232,0.000130978,0.001111028,0.004646006,0.004053482
5233,0.000130558,0.00111115,0.004667865,0.004053083
5234,0.000130189,0.001109041,0.004689251,0.004036699
5235,0.000129946,0.001104913,0.004708125,0.004023783
5236,0.00013002,0.001103414,0.004726124,0.004008279
5237,0.000129773,0.001110407,0.004741065,0.004014894
5238,0.000129543,0.001115402,0.004755339,0.004016132
5239,0.000129157,0.001111615,0.004767975,0.004014051
5240,0.000128599,0.001109088,0.004778719,0.004011811
5241,0.000128394,0.001112729,0.004760036,0.00400506
5242,0.000128045,0.001113249,0.004739385,0.00404156
5243,0.000127498,0.001109142,0.004714426,0.004046262
5244,0.000127511,0.001109148,0.004687801,0.004046757
5245,0.000127496,0.001106165,0.004660265,0.004050076
5246,0.000127063,0.001105923,0.004628854,0.004021664
5247,0.000127108,0.001102174,0.004596037,0.004022303
5248,0.000127075,0.001091771,0.004562512,0.004022455
5249,0.000126647,0.001092793,0.00452424,0.004027934
5250,0.000126683,0.001094005,0.004519362,0.00403105
5251,0.000126493,0.001097644,0.004516616,0.004030734
5252,0.000126161,0.001094035,0.004510657,0.004029308
5253,0.000125664,0.001096179,0.004506591,0.004027972
5254,0.000125675,0.001097566,0.004503739,0.00402721
5255,0.000125447,0.001099246,0.004500065,0.004057312
5256,0.00012517,0.001093385,0.00449587,0.004053747
5257,0.000125483,0.001093965,0.004493871,0.004056324
5258,0.000125554,0.001094777,0.004493289,0.004083441
5259,0.000125464,0.001092773,0.004491442,0.004078782
5260,0.000125556,0.001091167,0.00449019,0.0040657
5261,0.000125625,0.001085616,0.004489538,0.004037367
5262,0.000125591,0.001084804,0.004488993,0.004019614
5263,0.000125566,0.001087711,0.004488993,0.004009854
5264,0.00012559,0.001085843,0.004488993,0.004030719
5265,0.000125687,0.001087608,0.004488993,0.004033448
5266,0.000125597,0.001090247,0.004488993,0.004030782
5267,0.000125245,0.001093173,0.004488993,0.004026596
5268,0.000124916,0.00109765,0.004488993,0.004014786
5269,0.000124921,0.001100509,0.004488993,0.004014599
5270,0.00012472,0.001098933,0.004488993,0.00401546
5271,0.000124309,0.001099088,0.004488993,0.004014093
5272,0.000124308,0.001099597,0.004488993,0.004028096
5273,0.0001244,0.001100588,0.004488993,0.004012875
5274,0.000124496,0.001102106,0.004488993,0.003950087
5275,0.000124662,0.001102725,0.004488993,0.003939452
5276,0.000125043,0.001108379,0.004488993,0.004026762
5277,0.000124782,0.001107954,0.004488993,0.004023097
5278,0.00012496,0.001112644,0.004488993,0.003988967
5279,0.000124963,0.001112429,0.004488993,0.003990226
5280,0.000125022,0.001111188,0.004488993,0.003999036
5281,0.000124742,0.001105511,0.004488993,0.004003926
5282,0.000124581,0.001109087,0.004488993,0.003988224
5283,0.000124828,0.001109802,0.004488993,0.003983573
5284,0.000124779,0.001112314,0.004488993,0.003979124
5285,0.000124707,0.001109518,0.004488993,0.004002022
5286,0.000124483,0.001113564,0.004488993,0.004001297
5287,0.000124339,0.001110085,0.004488993,0.004012845
5288,0.000124446,0.001113861,0.004488993,0.004016561
5289,0.000124421,0.001121585,0.004488993,0.003992006
5290,0.00012459,0.00111665,0.004488993,0.003877043
5291,0.000124658,0.001117587,0.004488993,0.00387036
5292,0.000124578,0.00111535,0.004488993,0.003865844
5293,0.000124652,0.00111399,0.004488993,0.003864698
5294,0.00012452,0.001116698,0.004488993,0.003879726
5295,0.000124754,0.001116078,0.004488993,0.003810707
5296,0.00012518,0.001123306,0.004488993,0.003779943
5297,0.000125222,0.001116477,0.004488993,0.003778339
5298,0.000125245,0.00111474,0.004488993,0.003775554
5299,0.000125459,0.001112007,0.004488993,0.0037753
5300,0.000125557,0.001105069,0.004488993,0.003775659
5301,0.000125604,0.001111378,0.004488993,0.00377536
5302,0.000125552,0.001114905,0.004488993,0.00377527
5303,0.000125762,0.00112258,0.004488993,0.003774504
5304,0.000125864,0.001121732,0.004488993,0.00377441
5305,0.000125953,0.001122872,0.004488993,0.003773419
5306,0.000125833,0.00112868,0.004488993,0.003773068
5307,0.000126137,0.001118563,0.004488993,0.003772748
5308,0.000126153,0.001119862,0.004488993,0.003771505
5309,0.000126395,0.001122877,0.004488993,0.003766232
5310,0.00012645,0.001126504,0.004488993,0.003771384
5311,0.000126495,0.001127997,0.004488993,0.003767211
5312,0.00012656,0.001129787,0.004488993,0.003760169
5313,0.000126593,0.001125448,0.004488993,0.003749231
5314,0.000126509,0.00112641,0.004488993,0.003748986
5315,0.000126566,0.001122252,0.004488993,0.003752595
5316,0.000126541,0.001122133,0.004488993,0.003753118
5317,0.000126477,0.001123728,0.004488993,0.003693304
5318,0.000126316,0.001121985,0.004488993,0.003697898
5319,0.000126422,0.001119476,0.004488993,0.003832625
5320,0.00012622,0.001116135,0.004488993,0.003870674
5321,0.000126119,0.001118097,0.004488993,0.003869879
5322,0.00012623,0.001110354,0.004488993,0.003867729
5323,0.000126214,0.001108492,0.004488993,0.003866959
5324,0.000126247,0.001114779,0.004488993,0.003886768
5325,0.000126023,0.001118505,0.004488993,0.003898413
5326,0.000125648,0.001115142,0.004488993,0.003864197
5327,0.000125702,0.001116401,0.004488993,0.003842223
5328,0.000125882,0.001117869,0.004488993,0.00384628
5329,0.000126354,0.001117387,0.004488993,0.003825544
5330,0.000126432,0.001115113,0.004488993,0.00381166
5331,0.00012641,0.001116112,0.004488993,0.003811691
5332,0.000126554,0.001113771,0.004488993,0.003811227
5333,0.000126861,0.001113364,0.004488993,0.003805331
5334,0.000127111,0.00111122,0.004488993,0.003803389
5335,0.000126817,0.001115447,0.004488993,0.003815751
5336,0.000126704,0.00112005,0.004488993,0.003818967
5337,0.000127069,0.001118005,0.004488993,0.00382601
5338,0.000126849,0.001115163,0.004488993,0.003751956
5339,0.000126867,0.001113016,0.004488993,0.003751564
5340,0.00012718,0.001109438,0.004481624,0.003751399
5341,0.000127015,0.001110409,0.004474548,0.003772689
5342,0.000127528,0.001107891,0.004467271,0.003788812
5343,0.000127623,0.001106264,0.004460193,0.003773562
5344,0.000127622,0.00110277,0.004453284,0.003769575
5345,0.000127542,0.001099354,0.004452153,0.003767628
5346,0.000127399,0.001096164,0.004452521,0.003767075
5347,0.000127284,0.001092763,0.004454244,0.003763567
5348,0.000127124,0.001094125,0.00445728,0.003764087
5349,0.000127104,0.001094644,0.004461957,0.003764029
5350,0.000127103,0.00109085,0.00446663,0.003769443
5351,0.000126742,0.001086384,0.004473876,0.003767613
5352,0.000126782,0.001081164,0.004482644,0.003738504
5353,0.000126946,0.001074648,0.004494152,0.003713137
5354,0.000126776,0.0010755,0.004508141,0.003709442
5355,0.000126581,0.001070163,0.004520582,0.003707413
5356,0.000126711,0.00106334,0.004535603,0.00371063
5357,0.000127071,0.001061617,0.004551692,0.003710455
5358,0.000127326,0.001058065,0.004569701,0.003710113
5359,0.000127153,0.00105658,0.004589771,0.003666209
5360,0.000127139,0.001055196,0.004611356,0.003657721
5361,0.000127316,0.001053266,0.004633478,0.003663711
5362,0.000127154,0.001047577,0.004655028,0.003655347
5363,0.000127207,0.001048587,0.004679705,0.003709896
5364,0.000127513,0.001048344,0.004704025,0.003720803
5365,0.000127112,0.001053364,0.004732122,0.00371902
5366,0.000127252,0.00105099,0.004761464,0.003759675
5367,0.000127733,0.001046281,0.004792353,0.003774647
5368,0.000127809,0.001046477,0.004825078,0.003774957
5369,0.000127552,0.001038939,0.004819582,0.003816506
5370,0.000127796,0.001039341,0.004811611,0.003825263
5371,0.000127637,0.001041452,0.004802342,0.003835838
5372,0.000127605,0.001038034,0.004792744,0.003834238
5373,0.000127813,0.001039402,0.004783411,0.004004213
5374,0.000128173,0.00103859,0.00477311,0.004119064
5375,0.000128719,0.001037101,0.004763082,0.00412856
5376,0.000128578,0.001037189,0.004751769,0.004100925
5377,0.000128625,0.001041453,0.00474046,0.004098965
5378,0.000128869,0.0010423,0.004726056,0.004105248
5379,0.000128986,0.001041091,0.004711698,0.004055186
5380,0.000129154,0.00103477,0.004697983,0.004050748
5381,0.000129358,0.001037816,0.004682909,0.004048093
5382,0.000129376,0.001039653,0.00466786,0.004036091
5383,0.000129602,0.001044196,0.00465222,0.004063738
5384,0.000129971,0.00104817,0.004635496,0.004071943
5385,0.000130188,0.001051085,0.004619159,0.00409339
5386,0.000130334,0.001057717,0.004602468,0.004091566
5387,0.000130366,0.001060664,0.004585989,0.004092472
5388,0.000130242,0.00106734,0.004569035,0.004091851
5389,0.000130244,0.001061913,0.004551588,0.004091164
5390,0.000130221,0.001061023,0.0045332,0.004133928
5391,0.000130254,0.001064324,0.004515874,0.004136775
5392,0.000130471,0.00106609,0.004498033,0.004136552
5393,0.000130409,0.001071023,0.004479104,0.004143884
5394,0.000130384,0.001080362,0.004461062,0.004148527
5395,0.000130465,0.001087359,0.004441874,0.004167284
5396,0.000130647,0.001089333,0.004423749,0.004166558
5397,0.000130691,0.001088142,0.004404971,0.004167506
5398,0.000130419,0.001081841,0.004385918,0.004139779
5399,0.000130464,0.001082374,0.00436557,0.004142029
5400,0.000130367,0.001090785,0.004345883,0.004140948
5401,0.000130479,0.001092515,0.004326852,0.004140763
5402,0.000130686,0.001093248,0.00430761,0.004141025
5403,0.000130736,0.001094645,0.004286074,0.004119136
5404,0.000130767,0.001100935,0.00426525,0.004118285
5405,0.000130636,0.001103796,0.004244857,0.004155964
5406,0.00013073,0.001107864,0.004223421,0.004176355
5407,0.00013053,0.001112217,0.004202755,0.004171426
5408,0.000130448,0.001112952,0.004181194,0.004184459
5409,0.000130551,0.001113839,0.004160078,0.004182444
5410,0.00013047,0.00111459,0.004138257,0.004217935
5411,0.000130723,0.001115301,0.004117076,0.00422381
5412,0.000130571,0.001114559,0.004094666,0.004229927
5413,0.000130474,0.001114029,0.004071616,0.004234124
5414,0.000130703,0.001115088,0.004049151,0.004224004
5415,0.000130354,0.001116518,0.004025975,0.004225035
5416,0.000130586,0.0011161,0.004003462,0.004247688
5417,0.0001304,0.00111728,0.003980411,0.004197297
5418,0.000130338,0.00111711,0.003956855,0.00419663
5419,0.000130439,0.001117606,0.003932679,0.004196849
5420,0.000130482,0.001123656,0.003908786,0.004196173
5421,0.000130737,0.001125468,0.003885047,0.004163876
5422,0.000131219,0.00112566,0.003861517,0.004162136
5423,0.00013142,0.001125669,0.003837123,0.004161473
5424,0.000131657,0.001128339,0.003813179,0.004160297
5425,0.000131786,0.001134691,0.003787756,0.004153246
5426,0.000131824,0.001139326,0.003763794,0.004137099
5427,0.000131889,0.001145894,0.003738321,0.00413965
5428,0.000131845,0.001144952,0.003712946,0.004141277
5429,0.000131947,0.001148376,0.003687393,0.004155445
5430,0.00013198,0.00114866,0.003661459,0.004156621
5431,0.000132224,0.001149952,0.003634884,0.00415031
5432,0.000132263,0.001149626,0.003608308,0.004152805
5433,0.000132253,0.001157489,0.003582594,0.004146851
5434,0.000132492,0.001161588,0.003555119,0.004147299
5435,0.000132592,0.001169088,0.003528776,0.004141045
5436,0.000132501,0.001169099,0.003501713,0.004149682
5437,0.000132492,0.001167395,0.003473911,0.00413987
5438,0.000132792,0.001168899,0.00344635,0.004139386
5439,0.000132782,0.00117376,0.00341909,0.004153039
5440,0.000132879,0.001173833,0.003391505,0.004163827
5441,0.000133034,0.001180139,0.003363541,0.004195162
5442,0.000133114,0.001178649,0.003334113,0.004202356
5443,0.000133345,0.001179853,0.003306281,0.004201538
5444,0.000133269,0.001185413,0.003276699,0.004223583
5445,0.000133449,0.001188488,0.003248446,0.004224654
5446,0.000133575,0.001189767,0.003219461,0.004185187
5447,0.000133454,0.001191598,0.003189608,0.004086334
5448,0.000133401,0.001190526,0.003160366,0.0040636
5449,0.000133554,0.001188766,0.003130467,0.004053451
5450,0.000132952,0.001190449,0.00310049,0.004078728
5451,0.000132681,0.001192508,0.003070729,0.004078338
5452,0.00013288,0.00119928,0.003039075,0.004077307
5453,0.000133045,0.001198351,0.003008384,0.004067008
5454,0.000133277,0.001201436,0.002976374,0.004108852
5455,0.000133132,0.001202655,0.002946519,0.004112176
5456,0.000133523,0.001205523,0.002914381,0.004124418
5457,0.000133516,0.001207427,0.002888479,0.004127718
5458,0.0001336,0.001211225,0.002863371,0.004142765
5459,0.000133493,0.00121392,0.002836611,0.0040639
5460,0.00013367,0.001215185,0.002809773,0.004106404
5461,0.000133643,0.001219606,0.002782608,0.004123849
5462,0.000133633,0.001219423,0.00275578,0.004142488
5463,0.000133571,0.00122158,0.00273031,0.004156363
5464,0.000133453,0.001221054,0.002730512,0.004158341
5465,0.00013359,0.001221,0.002731374,0.004155976
5466,0.000133678,0.001221414,0.002731655,0.004150822
5467,0.000133409,0.001222014,0.002730845,0.004191623
5468,0.000133632,0.001225252,0.002731875,0.004204748
5469,0.000133659,0.001232811,0.002732959,0.004199694
5470,0.000133923,0.001237043,0.002734686,0.00419993
5471,0.00013449,0.001236775,0.002736603,0.004200168
5472,0.000134278,0.001234894,0.002739679,0.004205381
5473,0.000134611,0.001234192,0.002742126,0.004205179
5474,0.000134773,0.001232224,0.002743874,0.004228847
5475,0.000134769,0.001234756,0.002745799,0.004228637
5476,0.000134799,0.00123614,0.002749497,0.00422599
5477,0.000134829,0.001240331,0.002753138,0.004223806
5478,0.000135283,0.001242377,0.002756843,0.004221673
5479,0.000135467,0.001241736,0.00276066,0.004241213
5480,0.000135256,0.001241046,0.002766496,0.004171366
5481,0.000135194,0.001241727,0.002770827,0.004171441
5482,0.000135137,0.001243087,0.00277554,0.004170032
5483,0.000135004,0.001246666,0.002780376,0.00416742
5484,0.000134971,0.001246045,0.002785513,0.004153728
5485,0.000134723,0.001242993,0.002789237,0.004153113
5486,0.00013462,0.001245983,0.002793129,0.004140712
5487,0.000134783,0.001248591,0.002799097,0.004137405
5488,0.000134703,0.001252175,0.002805337,0.004137111
5489,0.00013494,0.001245124,0.002810889,0.004137708
5490,0.000134853,0.001247242,0.002817722,0.004179632
5491,0.000134767,0.001248023,0.002824052,0.004182444
5492,0.000134828,0.001250518,0.002831283,0.004186834
5493,0.000134851,0.001249478,0.002839088,0.004221634
5494,0.000134876,0.001244058,0.002846133,0.004217417
5495,0.000135338,0.001240467,0.002853767,0.004222864
5496,0.000135196,0.001247065,0.002861531,0.00419822
5497,0.000135004,0.001250743,0.002870352,0.00425586
5498,0.00013505,0.001253595,0.002877278,0.004257726
5499,0.000135189,0.001260454,0.002885637,0.004255874
5500,0.000135307,0.001264064,0.002892924,0.004252355
5501,0.00013521,0.001265171,0.002901006,0.004252925
5502,0.00013558,0.001272156,0.002910298,0.004237169
5503,0.000135629,0.001272705,0.002919658,0.004238957
5504,0.000135791,0.00127427,0.002928043,0.004215164
5505,0.000135737,0.001275547,0.002936943,0.004235794
5506,0.000135635,0.001275453,0.002945636,0.004247209
5507,0.000135926,0.001275258,0.002955681,0.004248573
5508,0.000135806,0.001275675,0.002962782,0.00425079
5509,0.000135909,0.001277639,0.002971537,0.004257049
5510,0.000135859,0.00128013,0.002978279,0.004257786
5511,0.000135964,0.001282286,0.002987671,0.004256538
5512,0.000136197,0.001282515,0.002997648,0.0042971
5513,0.000136247,0.001285976,0.003006592,0.004295977
5514,0.000136189,0.001289465,0.003015757,0.004294698
5515,0.000136217,0.001289532,0.003025207,0.00429493
5516,0.000136149,0.001290372,0.003035153,0.004295127
5517,0.000136075,0.001291267,0.003042997,0.004268285
5518,0.000136303,0.001292766,0.003052045,0.004271092
5519,0.000136111,0.001293305,0.003061573,0.004266836
5520,0.000136474,0.001295982,0.0030707,0.004266588
5521,0.000136425,0.001296733,0.0030797,0.004261443
5522,0.000136377,0.001299581,0.003088598,0.004261188
5523,0.000136316,0.001299375,0.003097943,0.004258676
5524,0.000136246,0.001301406,0.003107681,0.004262371
5525,0.000136277,0.001301961,0.003118068,0.004259001
5526,0.000136363,0.001303913,0.003127821,0.004243956
5527,0.000136315,0.001306656,0.003136976,0.00422397
5528,0.000136068,0.001310493,0.003146852,0.004224728
5529,0.000136177,0.001312031,0.003157383,0.004265864
5530,0.000136393,0.001309199,0.003166931,0.004274244
5531,0.000136403,0.001312754,0.003176826,0.004254533
5532,0.000136398,0.001313287,0.003187328,0.004264538
5533,0.000136261,0.001314113,0.003196982,0.004266095
5534,0.000136242,0.001314942,0.003206989,0.004269314
5535,0.000136126,0.001311329,0.003217162,0.004276693
5536,0.000135939,0.001311684,0.003227695,0.004278365
5537,0.000135698,0.001315624,0.003236691,0.004293305
5538,0.000135831,0.001317512,0.003247155,0.004303849
5539,0.000135812,0.001317826,0.003257244,0.004302852
5540,0.00013581,0.001318044,0.003267598,0.004302757
5541,0.000135605,0.001318091,0.003278704,0.004332734
5542,0.000135833,0.001316382,0.003289571,0.004315279
5543,0.000135699,0.001317071,0.003301585,0.004327359
5544,0.000135808,0.001319072,0.00331253,0.004387908
5545,0.000135674,0.001313271,0.003321932,0.004479472
5546,0.0001357,0.001316482,0.003332257,0.004510356
5547,0.000135494,0.00131723,0.003343272,0.004518002
5548,0.000135721,0.001324788,0.003354158,0.004576732
5549,0.000135585,0.001329032,0.003365844,0.004658145
5550,0.000135406,0.00133109,0.003375574,0.004663257
5551,0.000135582,0.00133062,0.003386828,0.004771686
5552,0.000135636,0.001333365,0.00339794,0.004813665
5553,0.000135517,0.001340817,0.003409158,0.00485247
5554,0.000135584,0.001340657,0.003420165,0.004860755
5555,0.000135517,0.001339979,0.003431178,0.004875258
5556,0.000135671,0.001338811,0.003441484,0.00492066
5557,0.000135567,0.001338371,0.003453936,0.004931991
5558,0.000135492,0.001340824,0.003464644,0.004934722
5559,0.00013558,0.001351147,0.003476676,0.00493539
5560,0.00013569,0.00134972,0.003487975,0.004963255
5561,0.00013571,0.001349489,0.003499357,0.004967802
5562,0.000135793,0.001352312,0.003512107,0.004997911
5563,0.000135778,0.001354362,0.003523572,0.005003776
5564,0.000135736,0.001354524,0.003535958,0.005004726
5565,0.000135796,0.001354366,0.003547578,0.005005965
5566,0.000136095,0.001356342,0.003559704,0.005024366
5567,0.000135928,0.001356532,0.00357125,0.005035444
5568,0.000136223,0.001358946,0.003582444,0.005037544
5569,0.000136245,0.001360604,0.003593884,0.005036537
5570,0.000136162,0.001360977,0.003606359,0.005023019
5571,0.000136062,0.001362247,0.003618664,0.005019007
5572,0.000136063,0.001362568,0.003630947,0.005025028
5573,0.000136068,0.001363684,0.003642931,0.005027014
5574,0.000136066,0.001364248,0.003655239,0.005026129
5575,0.000136236,0.00136531,0.00366803,0.004993749
5576,0.000136695,0.001365281,0.003680418,0.004996676
5577,0.000136761,0.001364901,0.003692871,0.004985311
5578,0.000136656,0.001363589,0.003704337,0.004989111
5579,0.000136482,0.001363614,0.00371636,0.004988871
5580,0.000136615,0.001363323,0.003728394,0.00498931
5581,0.000136555,0.00136261,0.003740352,0.004988563
5582,0.00013653,0.001361923,0.003753091,0.00498604
5583,0.000136408,0.001361652,0.00376689,0.004986211
5584,0.000136479,0.001359304,0.003780442,0.005018372
5585,0.000136597,0.001360097,0.003793526,0.005044066
5586,0.000136584,0.001360472,0.003805677,0.005045535
5587,0.00013649,0.001361384,0.003818904,0.005043677
5588,0.00013655,0.001362276,0.003832848,0.005045383
5589,0.000136497,0.001361514,0.003845086,0.005023351
5590,0.000136605,0.001361396,0.003857562,0.005006445
5591,0.000137099,0.001360889,0.003868909,0.00500323
5592,0.000137241,0.001361364,0.003881007,0.004982393
5593,0.000137379,0.001362132,0.003895407,0.004977368
5594,0.00013754,0.001363306,0.003909864,0.004955814
5595,0.000137524,0.001365518,0.003923631,0.004979548
5596,0.000137546,0.001368402,0.003937194,0.004974897
5597,0.00013758,0.001368903,0.00395019,0.004972254
5598,0.000137621,0.001365899,0.003964137,0.004973697
5599,0.000138072,0.00136685,0.00397747,0.004984788
5600,0.000138445,0.001368651,0.00399226,0.005007574
5601,0.000138709,0.001367119,0.004006453,0.005007719
5602,0.0001387,0.001364034,0.004020734,0.005009843
5603,0.00013875,0.001363378,0.004034503,0.004978202
5604,0.000138829,0.001362106,0.004047812,0.004979671
5605,0.000139205,0.001362553,0.004062354,0.00497734
5606,0.000139497,0.001361229,0.004075912,0.004982985
5607,0.000139664,0.001360598,0.004088925,0.004985097
5608,0.00014,0.001358274,0.004103646,0.004996289
5609,0.000140145,0.001358931,0.004118152,0.004994095
5610,0.000140077,0.00135954,0.004132177,0.004994827
5611,0.000140216,0.001358606,0.004146567,0.004991627
5612,0.00014012,0.001358269,0.004162361,0.004985869
5613,0.000139985,0.001359019,0.00417502,0.004984446
5614,0.000140224,0.001358519,0.004189194,0.004993544
5615,0.000140483,0.001357669,0.004203758,0.004993112
5616,0.000140597,0.001354638,0.004217908,0.004994553
5617,0.000140564,0.001353944,0.004231753,0.004976766
5618,0.000140844,0.001353069,0.00424717,0.004977568
5619,0.000140866,0.001351956,0.004263147,0.004984746
5620,0.000140756,0.001350928,0.004278329,0.004984234
5621,0.00014088,0.001354882,0.004293766,0.004982976
5622,0.000140925,0.001354296,0.004307956,0.005001536
5623,0.000141194,0.001355734,0.00432248,0.004998431
5624,0.000141666,0.001353532,0.004337459,0.00499889
5625,0.000141576,0.001353657,0.004352802,0.004999394
5626,0.000141771,0.001348863,0.004367474,0.004991404
5627,0.00014186,0.001348,0.004383245,0.005001554
5628,0.000142068,0.001348116,0.004398432,0.004984179
5629,0.000142334,0.00134654,0.004414014,0.004987407
5630,0.000142691,0.001345654,0.004430095,0.004987717
5631,0.000142628,0.001344097,0.004445599,0.004984804
5632,0.000142887,0.001340217,0.004460179,0.005002573
5633,0.000142955,0.001342078,0.004474591,0.005005316
5634,0.00014286,0.001342855,0.004489452,0.005019922
5635,0.000142865,0.001343755,0.0045047,0.005021582
5636,0.000142659,0.00134708,0.004520023,0.005022223
5637,0.000142671,0.001346619,0.004535153,0.005030003
5638,0.000142647,0.001346986,0.004550801,0.005024915
5639,0.000142639,0.001350042,0.004566379,0.005026424
5640,0.000142757,0.00135042,0.004582306,0.005032453
5641,0.00014301,0.001354668,0.004597636,0.005035906
5642,0.000143111,0.001355983,0.004604224,0.005031178
5643,0.000143247,0.00135617,0.004608392,0.00502486
5644,0.000143088,0.001355474,0.004614048,0.004925426
5645,0.000142796,0.001355444,0.004619328,0.004895978
5646,0.000142719,0.001361173,0.00462473,0.004862803
5647,0.000142909,0.001365483,0.004630688,0.00485194
5648,0.000143086,0.001366867,0.004635878,0.004814924
5649,0.000143269,0.001368466,0.004640405,0.004809705
5650,0.000143313,0.001370554,0.004644312,0.004808009
5651,0.000143214,0.001370395,0.004648713,0.004804123
5652,0.000143374,0.001367958,0.004652324,0.004793047
5653,0.000143333,0.001370023,0.004655589,0.004821241
5654,0.000143671,0.001369833,0.004651973,0.004821255
5655,0.000143696,0.001373065,0.004649083,0.004826076
5656,0.000143682,0.001377041,0.004645523,0.004824117
5657,0.000143673,0.001381533,0.004641057,0.004835318
5658,0.000143904,0.001384677,0.004635181,0.004835818
5659,0.000143813,0.001388075,0.00462772,0.004834974
5660,0.000143819,0.001386261,0.004620307,0.004820109
5661,0.000143878,0.001389314,0.004613269,0.004812825
5662,0.000144049,0.001394516,0.004606896,0.004808611
5663,0.000144058,0.001394349,0.004598961,0.004806748
5664,0.000143862,0.001398363,0.00459013,0.004793365
5665,0.000144093,0.001400185,0.004580819,0.004878448
5666,0.000144112,0.001398853,0.004569973,0.004879696
5667,0.000144361,0.001395372,0.004559968,0.004879168
5668,0.000144352,0.00140082,0.004549373,0.004878543
5669,0.000144577,0.001403797,0.004538672,0.004878643
5670,0.000144625,0.001407392,0.004527367,0.00488062
5671,0.000144645,0.001408741,0.004515113,0.004797964
5672,0.000144573,0.001418678,0.004501828,0.004797016
5673,0.000144468,0.001424793,0.004489678,0.004766685
5674,0.000144182,0.001425527,0.004475656,0.004762953
5675,0.000144243,0.001424409,0.004462156,0.004758247
5676,0.000144441,0.001427467,0.004448709,0.004741261
5677,0.00014454,0.001422272,0.004433893,0.004739191
5678,0.000144467,0.001422519,0.00441939,0.004740837
5679,0.000144573,0.001420063,0.004404239,0.004751399
5680,0.000144391,0.001426957,0.004388991,0.00475559
5681,0.000144714,0.001426074,0.004373394,0.004723486
5682,0.000144795,0.001426812,0.004357465,0.004725287
5683,0.000144995,0.001427988,0.004340731,0.004724641
5684,0.000145245,0.001424605,0.004324533,0.004733543
5685,0.000145234,0.001419522,0.004306636,0.004742527
5686,0.00014513,0.001422018,0.004288641,0.004753672
5687,0.000145047,0.001422081,0.004270423,0.004757256
5688,0.000145076,0.001418599,0.004252069,0.004743356
5689,0.000145051,0.001419202,0.004233489,0.004747737
5690,0.000145077,0.001419382,0.004213905,0.004750665
5691,0.000145128,0.001419649,0.004194233,0.004748861
5692,0.000145039,0.001419253,0.004174606,0.004749838
5693,0.000144972,0.001418349,0.004154551,0.004750311
5694,0.000144979,0.001424186,0.004133389,0.004750701
5695,0.000145291,0.001430117,0.004111854,0.00472109
5696,0.000145548,0.001434531,0.004090094,0.004720633
5697,0.000145563,0.001436633,0.00406904,0.004720306
5698,0.000145451,0.00144133,0.004046585,0.004719632
5699,0.000145584,0.001443981,0.004024898,0.004717026
5700,0.000145712,0.001449936,0.004002137,0.004717045
5701,0.000145676,0.001452254,0.003979223,0.004719527
5702,0.000145562,0.001462402,0.003956385,0.004716891
5703,0.000145591,0.001469943,0.003932742,0.004718304
5704,0.000145625,0.001469358,0.003908679,0.00475434
5705,0.000145664,0.001470548,0.003884951,0.004752738
5706,0.000145701,0.001468504,0.003860633,0.004732646
5707,0.000145854,0.001476023,0.003836679,0.004711314
5708,0.000146045,0.001480113,0.003810131,0.004710296
5709,0.000146068,0.001484109,0.003785383,0.004704915
5710,0.00014615,0.00148688,0.003759493,0.004705513
5711,0.000146295,0.0014931,0.003733485,0.004704848
5712,0.000146531,0.001495503,0.003706548,0.004704637
5713,0.000146452,0.00150076,0.003680261,0.004706354
5714,0.000146448,0.001497763,0.003652668,0.004706999
5715,0.000146288,0.001492698,0.003624488,0.004706697
5716,0.000146439,0.001488046,0.00359664,0.004706247
5717,0.000146788,0.001488805,0.003568883,0.004706177
5718,0.000146982,0.001482592,0.00354017,0.004715623
5719,0.000147035,0.001475884,0.003512265,0.004716246
5720,0.000147209,0.001475973,0.003483168,0.00471876
5721,0.000147488,0.001474636,0.003452986,0.004718611
5722,0.000147604,0.001476415,0.003423181,0.004713681
5723,0.000147599,0.001475341,0.003394621,0.004713452
5724,0.000147924,0.001477996,0.003364737,0.004715414
5725,0.00014793,0.001482,0.003334076,0.004736386
5726,0.000148066,0.001485992,0.003303311,0.00473931
5727,0.00014837,0.001486472,0.003273171,0.004740289
5728,0.000148558,0.001485774,0.003242259,0.004741337
5729,0.00014862,0.001483449,0.003209695,0.004742252
5730,0.000148898,0.001482595,0.003177271,0.004755133
5731,0.000149226,0.001479219,0.003146241,0.004756359
5732,0.000149368,0.001481752,0.00311253,0.004761203
5733,0.000149283,0.001478605,0.003079264,0.004762923
5734,0.000149424,0.001482313,0.003045583,0.0047631
5735,0.000149871,0.001485591,0.003012329,0.004766032
5736,0.000149755,0.001486764,0.002977592,0.004756641
5737,0.000149923,0.001483117,0.002943283,0.004751057
5738,0.000150103,0.001482338,0.002908378,0.004750043
5739,0.000150127,0.001488964,0.002873666,0.004749769
5740,0.000150545,0.001496607,0.002839274,0.004749415
5741,0.000150659,0.001493475,0.002832024,0.004747645
5742,0.00015058,0.001498485,0.002826732,0.004699191
5743,0.00015084,0.001500483,0.002821647,0.004702944
5744,0.000151044,0.001498126,0.002816503,0.004702855
5745,0.00015112,0.001500915,0.002811265,0.004706134
5746,0.000151234,0.001501113,0.002807263,0.004699332
5747,0.000151571,0.001508232,0.002802974,0.004701621
5748,0.000151565,0.001516668,0.002798227,0.004700087
5749,0.00015157,0.001518413,0.002794803,0.004694487
5750,0.000152,0.001520576,0.002792468,0.004691226
5751,0.000152058,0.001520121,0.002789367,0.004714563
5752,0.000152145,0.0015194,0.002787985,0.004715519
5753,0.000152241,0.001516417,0.002786719,0.004717203
5754,0.000152336,0.001514604,0.002785223,0.004725776
5755,0.000152367,0.001516999,0.002784213,0.004705955
5756,0.000152425,0.001518527,0.002784213,0.004705119
5757,0.000152175,0.001519589,0.002782968,0.004708233
5758,0.000152419,0.001524087,0.002782968,0.00468238
5759,0.000152276,0.001522985,0.002782968,0.004687749
5760,0.000152027,0.001519897,0.002782968,0.004693188
5761,0.000151516,0.00152288,0.002782968,0.00470583
5762,0.000151339,0.001519611,0.002782968,0.004729025
5763,0.000151609,0.001516949,0.002782968,0.004728024
5764,0.00015161,0.001514739,0.002782968,0.004707832
5765,0.000151659,0.001515609,0.002782968,0.004718786
5766,0.000151462,0.001520109,0.002782968,0.004723223
5767,0.00015149,0.001516609,0.002782968,0.004741345
5768,0.000151612,0.001517717,0.002782968,0.00474537
5769,0.000151706,0.001516778,0.002782968,0.004745156
5770,0.000151726,0.001521871,0.002782968,0.004743394
5771,0.000151757,0.001523222,0.002782968,0.004762394
5772,0.000151576,0.001526375,0.002782968,0.004773727
5773,0.000151245,0.001527713,0.002782968,0.004766426
5774,0.000150973,0.001526971,0.002782968,0.004778971
5775,0.000150925,0.001529048,0.002782968,0.004767499
5776,0.000150536,0.001524414,0.002782968,0.004676828
5777,0.000150817,0.001533656,0.002782968,0.004666246
5778,0.000150448,0.001536664,0.002782968,0.00467922
5779,0.000150118,0.001541261,0.002782968,0.004667869
5780,0.000150086,0.001533353,0.002782968,0.00464787
5781,0.000150151,0.001531689,0.002782968,0.004636262
5782,0.000150351,0.001531999,0.002782968,0.004636497
5783,0.000150383,0.001531903,0.002782968,0.004627575
5784,0.000150412,0.001528926,0.002782968,0.004628423
5785,0.000149978,0.001529396,0.002782968,0.004606336
5786,0.000150313,0.001523086,0.002782968,0.004664433
5787,0.000150258,0.001517772,0.002782968,0.004658881
5788,0.000149941,0.001513444,0.002782968,0.004657269
5789,0.000149964,0.001507285,0.002782968,0.004659237
5790,0.000149872,0.001509333,0.002782968,0.004667803
5791,0.000149631,0.001506578,0.002782968,0.004682497
5792,0.000149589,0.001505147,0.002782968,0.004700616
5793,0.000149415,0.00150272,0.002782968,0.004740514
5794,0.000149228,0.001499319,0.002782968,0.004733452
5795,0.00014917,0.00149973,0.002782968,0.00474042
5796,0.000148872,0.001498193,0.002782968,0.004736901
5797,0.000148926,0.001497229,0.002782968,0.004746627
5798,0.000149006,0.001502155,0.002782968,0.004790947
5799,0.000148793,0.001499922,0.002782968,0.004792773
5800,0.000148799,0.001504714,0.002782968,0.004815939
5801,0.000148722,0.001497432,0.002782968,0.004817911
5802,0.000148674,0.001496362,0.002782968,0.004828773
5803,0.000148364,0.00148835,0.002782968,0.004836372
5804,0.000148403,0.001496503,0.002782968,0.004835808
5805,0.000148241,0.001494075,0.002782968,0.004849599
5806,0.000148495,0.001494998,0.002782968,0.004874866
5807,0.000148274,0.001495897,0.002782968,0.004879206
5808,0.000148163,0.001492449,0.002782968,0.004884287
5809,0.000147999,0.001487053,0.002782968,0.004888155
5810,0.000147943,0.001488297,0.002782968,0.004916198
5811,0.00014804,0.001488107,0.002782968,0.004916287
5812,0.000148016,0.001485614,0.002782968,0.004917258
5813,0.000148,0.001482217,0.002782968,0.004917994
5814,0.000147995,0.00147862,0.002782968,0.004915118
5815,0.000148228,0.001477396,0.002782968,0.004910953
5816,0.000148188,0.001478048,0.002782968,0.004925084
5817,0.000148132,0.00147665,0.002782968,0.004920676
5818,0.000148186,0.001475919,0.002782968,0.004912846
5819,0.000147871,0.001473063,0.002782968,0.004791481
5820,0.000147845,0.001472954,0.002782968,0.004742679
5821,0.000147719,0.001472228,0.002782968,0.00474156
5822,0.000147476,0.001474187,0.002782968,0.004768971
5823,0.000147298,0.001475131,0.002782968,0.004811778
5824,0.000147207,0.001466155,0.002782968,0.00482354
5825,0.000147595,0.00147096,0.002782968,0.004809628
5826,0.000147687,0.001471128,0.002782968,0.004808398
5827,0.000147652,0.001474519,0.002782968,0.004807067
5828,0.000147413,0.001473634,0.002782968,0.004803165
5829,0.000147179,0.001476535,0.002789371,0.004802696
5830,0.000147081,0.001477214,0.002793082,0.004805241
5831,0.00014727,0.001474479,0.002799971,0.004827294
5832,0.00014739,0.001475352,0.002806038,0.004836371
5833,0.000147003,0.001474806,0.002812954,0.00485739
5834,0.000146864,0.001473876,0.00281968,0.004859274
5835,0.000146969,0.001469694,0.002827238,0.004840675
5836,0.000146861,0.001463852,0.002835164,0.004837366
5837,0.000146231,0.001465176,0.002843586,0.004834987
5838,0.000146183,0.00146502,0.002851682,0.004839006
5839,0.000146006,0.0014713,0.002860396,0.004839109
5840,0.000145733,0.001472613,0.002869205,0.004839319
5841,0.000145665,0.001470488,0.002877533,0.004814706
5842,0.000145309,0.001475279,0.002886514,0.004799111
5843,0.000145358,0.001475419,0.002896539,0.004799388
5844,0.000145196,0.001474711,0.00290472,0.004803412
5845,0.00014521,0.00147471,0.002909156,0.004805244
5846,0.000145096,0.00147295,0.002910542,0.00481314
5847,0.000144985,0.001469981,0.002911168,0.004814839
5848,0.0001449,0.001468641,0.002910047,0.004816114
5849,0.000144732,0.00147126,0.002906193,0.004820982
5850,0.00014469,0.001471249,0.002901329,0.004814493
5851,0.000144722,0.001473236,0.002895557,0.004819268
5852,0.000144692,0.001476607,0.002888156,0.004822667
5853,0.000144232,0.001483742,0.002879374,0.004825157
5854,0.000144346,0.001485806,0.002867888,0.004824025
5855,0.0001443,0.001483857,0.002856118,0.004826361
5856,0.000144091,0.001485172,0.002843784,0.004827736
5857,0.000143825,0.001486708,0.002829707,0.004831061
5858,0.000143541,0.001487881,0.002813984,0.004855218
5859,0.000143443,0.001488701,0.002796393,0.004862555
5860,0.000143492,0.001488229,0.002778042,0.004864412
5861,0.000143157,0.001487706,0.002758333,0.004863526
5862,0.000143409,0.001489691,0.002737225,0.00488055
5863,0.000143249,0.001486205,0.002713187,0.004834613
5864,0.000143192,0.001486409,0.002689607,0.004821303
5865,0.000143255,0.00148078,0.002663811,0.004818898
5866,0.000143008,0.00148124,0.002636956,0.004773763
5867,0.000142901,0.00148041,0.002608411,0.004770402
5868,0.000143054,0.001481842,0.002577684,0.004769631
5869,0.000143142,0.00148359,0.002587009,0.004730879
5870,0.000142838,0.001484165,0.002598074,0.004706781
5871,0.000142671,0.00147997,0.002608415,0.004694904
5872,0.000142816,0.001479959,0.002620454,0.004699479
5873,0.000142799,0.001478254,0.002633754,0.004539592
5874,0.000142733,0.001479191,0.002648112,0.004418728
5875,0.000142131,0.001479166,0.002662372,0.004407238
5876,0.000142203,0.001478718,0.002676412,0.004410541
5877,0.000142132,0.001474864,0.00269123,0.004407733
5878,0.000141974,0.001474445,0.002707654,0.004402188
5879,0.000141939,0.001474841,0.002723881,0.004394121
5880,0.000141697,0.001472634,0.002741848,0.004433792
5881,0.000141496,0.001470018,0.002759755,0.004446996
5882,0.00014134,0.00147081,0.00277887,0.004475816
5883,0.000141022,0.001468433,0.002798657,0.00444387
5884,0.000141006,0.001468175,0.002818676,0.004434715
5885,0.000140855,0.001463249,0.002837996,0.004411461
5886,0.00014064,0.001457379,0.002858441,0.004412028
5887,0.000140604,0.001451939,0.002878749,0.004486637
5888,0.000140509,0.00144806,0.002899034,0.004511843
5889,0.000140654,0.001447444,0.002919549,0.004512116
5890,0.000140631,0.001446519,0.002941153,0.00446925
5891,0.000140701,0.001444273,0.002962001,0.004478299
5892,0.000140331,0.001442356,0.002983809,0.004478511
5893,0.000140243,0.001438985,0.003005067,0.004470139
5894,0.000140265,0.001432093,0.003028294,0.004559259
5895,0.000140541,0.001424614,0.003050908,0.004552068
5896,0.000140494,0.001425853,0.003073721,0.00455238
5897,0.000140772,0.001426476,0.003097098,0.004553817
5898,0.00014098,0.001427041,0.003120307,0.004603611
5899,0.000141118,0.001427044,0.003143163,0.004601974
5900,0.000141471,0.001422569,0.003166853,0.004643056
5901,0.000141187,0.001422986,0.003192054,0.004645204
5902,0.000140827,0.001422254,0.003216757,0.004662082
5903,0.000140757,0.001421285,0.003242257,0.00466639
5904,0.000140865,0.001415403,0.003268905,0.004703206
5905,0.000140927,0.001417924,0.003294357,0.004674042
5906,0.000140658,0.001421201,0.003319786,0.0046374
5907,0.000140624,0.001418785,0.00334642,0.004640156
5908,0.000140809,0.001423888,0.003372531,0.004634695
5909,0.000140863,0.001422272,0.003398186,0.004632113
5910,0.000140912,0.001422699,0.003423909,0.004594637
5911,0.000140484,0.001429253,0.003450296,0.0046096
5912,0.000140533,0.001437714,0.003477562,0.004605433
5913,0.00014055,0.001442525,0.003504698,0.004601501
5914,0.000140483,0.001446189,0.003532066,0.004599099
5915,0.000140426,0.001449587,0.003559183,0.004597811
5916,0.000140165,0.001454573,0.003587005,0.004573339
5917,0.000140131,0.001457114,0.003615444,0.004573404
5918,0.000140232,0.001457912,0.003642915,0.004573356
5919,0.000140258,0.001461573,0.003671285,0.004573338
5920,0.000140065,0.001457891,0.00370185,0.00457374
5921,0.00014024,0.001457197,0.003731992,0.004574648
5922,0.000139759,0.001457637,0.003762516,0.004579964
5923,0.000139559,0.001460759,0.003791136,0.004580432
5924,0.000139249,0.001462966,0.003821258,0.004581088
5925,0.00013924,0.001457698,0.003852035,0.004579757
5926,0.000139292,0.001455566,0.003882723,0.004579703
5927,0.0001393,0.001451462,0.003914266,0.004591193
5928,0.000139828,0.001453424,0.003945764,0.00458987
5929,0.000139642,0.001452386,0.00397764,0.004584516
5930,0.00013974,0.001457664,0.004010069,0.004580057
5931,0.000139596,0.001456206,0.004040968,0.004577903
5932,0.000139864,0.001464633,0.004073471,0.004584419
5933,0.000139984,0.00145828,0.004105245,0.004588755
5934,0.000140202,0.001457935,0.004138318,0.004586236
5935,0.00014018,0.001455254,0.004172215,0.004586363
5936,0.000140388,0.001455714,0.004205471,0.004579899
5937,0.000141082,0.001461871,0.004238006,0.004573195
5938,0.000140796,0.001462047,0.004270942,0.004581816
5939,0.000140793,0.001455724,0.004304993,0.004583197
5940,0.000140813,0.001463371,0.004338927,0.004572867
5941,0.000140691,0.001458676,0.004374565,0.004540593
5942,0.000140982,0.001456805,0.004409237,0.004533119
5943,0.000140944,0.001456797,0.004445549,0.004534841
5944,0.000141208,0.001453389,0.004480915,0.004512139
5945,0.000140977,0.001451171,0.004515831,0.004511485
5946,0.000140903,0.001450758,0.004553164,0.004522675
5947,0.000141016,0.001455131,0.004589122,0.004522742
5948,0.000140895,0.001462431,0.004626499,0.004528507
5949,0.000141042,0.00146539,0.004664126,0.004548983
5950,0.00014136,0.001465406,0.004700957,0.004523495
5951,0.000141487,0.001466768,0.00473859,0.004522971
5952,0.000141551,0.001464089,0.004776671,0.004523845
5953,0.000141603,0.001467912,0.00481527,0.00452693
5954,0.000141317,0.001463879,0.004853062,0.004482337
5955,0.000141014,0.001471126,0.004890586,0.004497717
5956,0.000140995,0.001471306,0.004929819,0.004489307
5957,0.000141256,0.00146815,0.004963204,0.004487195
5958,0.000141331,0.001466919,0.004994328,0.004472684
5959,0.000141545,0.001467228,0.00502824,0.004481786
5960,0.000141398,0.001468345,0.005060828,0.004410362
5961,0.000141262,0.001468154,0.005094237,0.00439262
5962,0.000141408,0.001476113,0.005127473,0.004383456
5963,0.000141521,0.001478206,0.005160294,0.004373063
5964,0.000141449,0.001481575,0.005194108,0.004373451
5965,0.000141125,0.001480601,0.0052272,0.004371644
5966,0.000141033,0.001486489,0.005263034,0.004373331
5967,0.000141039,0.001484919,0.005298724,0.004350193
5968,0.000140845,0.00147797,0.005333234,0.004337347
5969,0.000140716,0.001471121,0.005368879,0.004339155
5970,0.000140803,0.001469975,0.005404821,0.004338382
5971,0.00014025,0.001471884,0.005440613,0.004334447
5972,0.000140714,0.00147063,0.00547546,0.004366178
5973,0.000140469,0.001468453,0.005510798,0.004371856
5974,0.000140296,0.001469248,0.005547461,0.004348699
5975,0.00014022,0.001470847,0.005583877,0.004351426
5976,0.00014015,0.001465443,0.005619494,0.004348492
5977,0.000140043,0.001461606,0.005655985,0.004356788
5978,0.000139617,0.001461863,0.005691883,0.004355109
5979,0.000139562,0.0014675,0.005729667,0.004344112
5980,0.00013947,0.001466357,0.005767023,0.004341919
5981,0.000139486,0.0014688,0.005804804,0.004341125
5982,0.000139395,0.001473203,0.005841882,0.004341533
5983,0.000139118,0.001469726,0.005879501,0.00434127
5984,0.000139136,0.00147932,0.005916672,0.004339519
5985,0.000139338,0.001482185,0.005955684,0.004339739
5986,0.000139477,0.001479596,0.005994393,0.004339584
5987,0.000139571,0.001477865,0.006032656,0.004337617
5988,0.000139586,0.001476102,0.006071203,0.004336696
5989,0.000139614,0.001478246,0.006110563,0.004335449
5990,0.000139539,0.001473949,0.006150504,0.004293988
5991,0.000139742,0.001471212,0.006190355,0.004342302
5992,0.000140088,0.001475386,0.006230854,0.004338262
5993,0.000140028,0.001482132,0.006271397,0.004289064
5994,0.000140175,0.001484445,0.006310846,0.004292539
5995,0.000139964,0.001488417,0.006351863,0.004289823
5996,0.000139973,0.001482325,0.006392506,0.004292448
5997,0.000139967,0.001482872,0.006432229,0.004228093
5998,0.000139911,0.001485047,0.006473377,0.004225836
5999,0.000139621,0.001484863,0.006515233,0.0042265
6000,0.000139404,0.001483135,0.00655765,0.00422222
6001,0.000139488,0.001486667,0.00659987,0.004220468
6002,0.000139643,0.001486293,0.006641144,0.004220727
6003,0.000139567,0.001488958,0.006681559,0.004220261
6004,0.000139513,0.001487948,0.006722233,0.004240593
6005,0.000139856,0.001490052,0.006763566,0.004218307
6006,0.000139948,0.001490445,0.006805897,0.004206277
6007,0.000139805,0.001492484,0.006847004,0.004208827
6008,0.000139863,0.00150019,0.006891221,0.004214803
6009,0.000139778,0.001499273,0.006933485,0.004209992
6010,0.000140066,0.001498618,0.00697934,0.004210308
6011,0.000140279,0.001497922,0.007023335,0.004211465
6012,0.000140189,0.001502674,0.007067212,0.004175498
6013,0.000140097,0.001503246,0.007111861,0.004201653
6014,0.000140184,0.0015014,0.00715569,0.004263621
6015,0.000140381,0.001503113,0.007200325,0.004266213
6016,0.000140489,0.001501162,0.007243189,0.004275269
6017,0.000140561,0.001500364,0.007290181,0.004287078
6018,0.000140327,0.001496386,0.007336222,0.004314075
6019,0.000140372,0.001499207,0.007380916,0.004328124
6020,0.000140144,0.001496238,0.007427019,0.004329396
6021,0.000140097,0.001499135,0.00747352,0.004326187
6022,0.000140197,0.001495568,0.007520264,0.004326196
6023,0.000140341,0.001498742,0.007517448,0.004326386
6024,0.000140498,0.001499119,0.007513138,0.004322157
6025,0.000140485,0.001496923,0.00750728,0.00434226
6026,0.000140691,0.001501584,0.007502037,0.004353525
6027,0.000140834,0.001499056,0.00749886,0.00434546
6028,0.000140998,0.001496958,0.007493175,0.00434558
6029,0.000141023,0.001498689,0.007487964,0.004291454
6030,0.000140987,0.0014986,0.007482574,0.004283085
6031,0.000141144,0.001495442,0.007478188,0.004297032
6032,0.000141252,0.001494034,0.007472715,0.00428866
6033,0.000141285,0.001500246,0.007468794,0.004288538
6034,0.000141545,0.001497902,0.007462882,0.004296205
6035,0.000141624,0.001498189,0.00745677,0.004289675
6036,0.000141801,0.001497548,0.007451044,0.004289403
6037,0.000141832,0.001495722,0.007446656,0.004295558
6038,0.000141744,0.001496606,0.00744191,0.004286862
6039,0.000141742,0.001500042,0.007436658,0.004304545
6040,0.000141894,0.001502176,0.007431216,0.004311837
6041,0.000142105,0.001508378,0.007424767,0.004305728
6042,0.000142137,0.001510397,0.007419593,0.004287874
6043,0.000142659,0.001514548,0.00741095,0.004367339
6044,0.000142677,0.001515467,0.007404654,0.004307719
6045,0.000142707,0.001517266,0.007399107,0.004215615
6046,0.00014274,0.001518636,0.007392435,0.004199436
6047,0.000142829,0.001524579,0.007387328,0.004241902
6048,0.00014275,0.001521038,0.007381932,0.004197646
6049,0.000142698,0.001517917,0.00737552,0.00412104
6050,0.000142744,0.001518829,0.007369857,0.004142879
6051,0.000142675,0.001522839,0.007363507,0.004031953
6052,0.000142845,0.001520396,0.007357259,0.003992909
6053,0.000143182,0.001514515,0.007350588,0.003907967
6054,0.00014326,0.001515064,0.007344512,0.003897473
6055,0.000143336,0.001514046,0.007338704,0.003881976
6056,0.000143392,0.00151555,0.007333318,0.003835795
6057,0.000143654,0.001519016,0.00732611,0.003816121
6058,0.000143769,0.00151938,0.007320497,0.003813309
6059,0.000143785,0.001514404,0.007312649,0.003812712
6060,0.000143561,0.001518783,0.007306063,0.003784637
6061,0.000143665,0.001519634,0.007298227,0.003779839
6062,0.000143618,0.00151703,0.007288706,0.003751201
6063,0.000143739,0.001515187,0.007282172,0.003747304
6064,0.000143733,0.0015178,0.007273413,0.003747774
6065,0.000143929,0.001517574,0.007266169,0.003797728
6066,0.000143861,0.001520532,0.007257739,0.003782092
6067,0.000144136,0.001521548,0.007250339,0.003772366
6068,0.000143937,0.001525021,0.00724409,0.003773054
6069,0.000144332,0.001523846,0.007237525,0.003774406
6070,0.000144206,0.001528395,0.007228996,0.003775383
6071,0.000144482,0.001534865,0.00722103,0.003772722
6072,0.000144666,0.001537524,0.007212573,0.003811245
6073,0.000144976,0.001544956,0.007204862,0.003829751
6074,0.000144948,0.00154679,0.007195833,0.003831393
6075,0.000145038,0.001549219,0.007187528,0.003830456
6076,0.000144415,0.001550327,0.007179265,0.003836898
6077,0.000144693,0.001555737,0.00717016,0.003837784
6078,0.000145287,0.001556418,0.007163261,0.003866311
6079,0.000145696,0.001556413,0.007154766,0.003870041
6080,0.000145763,0.001556344,0.007145633,0.003870695
6081,0.00014605,0.001560046,0.007137376,0.00387574
6082,0.000146653,0.001562639,0.007128491,0.00387577
6083,0.000146759,0.001567526,0.007118851,0.003879851
6084,0.00014705,0.001572691,0.007108834,0.00388359
6085,0.000147419,0.001572323,0.007100066,0.003862528
6086,0.00014778,0.001575866,0.007091752,0.003861265
6087,0.000148063,0.001579323,0.007081599,0.003864459
6088,0.000148277,0.001579642,0.007071053,0.003861791
6089,0.000148475,0.001580131,0.007063243,0.003865389
6090,0.000148569,0.001581055,0.007053059,0.003860864
6091,0.000148034,0.001581701,0.007045959,0.003873646
6092,0.000148027,0.001588377,0.007036827,0.003880441
6093,0.000148426,0.0015925,0.007026357,0.003887025
6094,0.000148541,0.001596707,0.007014948,0.00396611
6095,0.000149021,0.001604319,0.007005065,0.003945673
6096,0.000148896,0.001607194,0.006995242,0.003954531
6097,0.000148881,0.001616053,0.006984319,0.003968931
6098,0.000149367,0.001619235,0.006972466,0.003969416
6099,0.000149278,0.001621343,0.00696206,0.003957029
6100,0.000149368,0.001628439,0.006949709,0.003941816
6101,0.000149521,0.001634845,0.006937985,0.003941426
6102,0.000149847,0.001638962,0.006927338,0.003939797
6103,0.000150009,0.001639775,0.006916301,0.003937667
6104,0.000150466,0.001640197,0.006905609,0.003936323
6105,0.000150231,0.00163905,0.006893756,0.003938588
6106,0.000150184,0.001641907,0.006882486,0.003943883
6107,0.000150729,0.001642109,0.006872089,0.003989563
6108,0.000150813,0.001644555,0.006859742,0.004040377
6109,0.00015099,0.001644416,0.006849242,0.004041285
6110,0.000151158,0.001647073,0.006838984,0.004062506
6111,0.0001512,0.001647863,0.006827511,0.004070813
6112,0.000151352,0.001657166,0.006815332,0.004070402
6113,0.000151591,0.001657564,0.006805921,0.004078711
6114,0.000151809,0.001667217,0.006794416,0.00408494
6115,0.000152108,0.001672494,0.006782586,0.004086426
6116,0.000152066,0.0016759,0.006771064,0.004084099
6117,0.000152073,0.001679984,0.00676101,0.004096493
6118,0.000152047,0.001681208,0.00674891,0.004096983
6119,0.000152477,0.001684569,0.006735322,0.004095899
6120,0.00015252,0.001685111,0.006722105,0.004096937
6121,0.000152609,0.001684557,0.00670866,0.004099598
6122,0.000152835,0.001689068,0.00669711,0.004071951
6123,0.00015262,0.001692564,0.00668546,0.004060983
6124,0.000152377,0.001691882,0.006673197,0.0040608
6125,0.000152499,0.001691045,0.006659765,0.004083608
6126,0.000152912,0.001697419,0.006647683,0.00408403
6127,0.000153093,0.001704013,0.006634851,0.004106906
6128,0.000153215,0.001708304,0.006620733,0.004103748
6129,0.000153052,0.001712702,0.006606823,0.004129262
6130,0.00015276,0.001716322,0.006592375,0.004128217
6131,0.000152859,0.001715226,0.006578841,0.004126069
6132,0.000152748,0.00171929,0.006566396,0.004107728
6133,0.000152993,0.001717256,0.006553737,0.004110154
6134,0.000153241,0.001715069,0.006541099,0.00411234
6135,0.000153458,0.001712312,0.006526235,0.00412003
6136,0.000154051,0.001709067,0.006513152,0.004122264
6137,0.000154222,0.00171765,0.0064996,0.00415853
6138,0.000154539,0.001727105,0.006487132,0.004181257
6139,0.000154753,0.001726786,0.006472586,0.004179212
6140,0.000155041,0.001731173,0.006457845,0.004175906
6141,0.00015484,0.001731522,0.006443934,0.004171051
6142,0.000154937,0.001734777,0.00644011,0.004170451
6143,0.000155069,0.001739292,0.006436976,0.004172747
6144,0.000155199,0.001744497,0.006433331,0.004209486
6145,0.000155181,0.0017534,0.006430651,0.004208811
6146,0.000155609,0.001755053,0.006427271,0.004208779
6147,0.000155697,0.001756125,0.006422253,0.004217986
6148,0.000155813,0.00175249,0.006418832,0.004217487
6149,0.000155867,0.001753071,0.006416012,0.004230597
6150,0.000155751,0.00175009,0.00641363,0.004230298
6151,0.000155759,0.00175518,0.006410448,0.00422942
6152,0.000156095,0.001758225,0.006408966,0.004225656
6153,0.000156335,0.00175708,0.006407513,0.004200177
6154,0.000156263,0.001760396,0.006405702,0.004199814
6155,0.000156844,0.00176197,0.006404581,0.004193701
6156,0.000157396,0.001758723,0.00640247,0.004193108
6157,0.00015734,0.001754005,0.006400921,0.004181448
6158,0.000157051,0.001755619,0.006401645,0.004181037
6159,0.000157098,0.001752548,0.006400765,0.004197797
6160,0.000157123,0.001755322,0.006400679,0.004234083
6161,0.000157327,0.001752589,0.006400855,0.004235787
6162,0.000157643,0.001747608,0.006400489,0.004243336
6163,0.000157784,0.001747705,0.006401516,0.004241886
6164,0.000158443,0.001747696,0.006403937,0.004240579
6165,0.000158513,0.001750907,0.006403753,0.004155657
6166,0.000158833,0.001752131,0.006405803,0.004141835
6167,0.000158961,0.001753526,0.006406977,0.004137355
6168,0.000158987,0.001750241,0.00640739,0.004134762
6169,0.000159255,0.001749251,0.006409122,0.004133765
6170,0.00015948,0.00175424,0.00641082,0.004130563
6171,0.000159504,0.00175308,0.006411658,0.00413122
6172,0.000159829,0.001746351,0.006413628,0.004128946
6173,0.000160142,0.001740553,0.006414451,0.004126472
6174,0.000160608,0.001742112,0.006415531,0.004126896
6175,0.000160527,0.001745809,0.006416796,0.004126811
6176,0.000160864,0.001744367,0.006419001,0.004127028
6177,0.000160734,0.001748143,0.006420901,0.004130126
6178,0.000161072,0.001745092,0.006422507,0.004133555
6179,0.000161308,0.001748855,0.006423297,0.004125239
6180,0.000161702,0.001744491,0.006424948,0.00412197
6181,0.000161484,0.00174381,0.006424948,0.004121644
6182,0.000161835,0.001743656,0.006425269,0.004120516
6183,0.000161903,0.001741658,0.006426791,0.004120573
6184,0.000161632,0.001741001,0.006428122,0.004108736
6185,0.000161632,0.001742976,0.006429897,0.004098841
6186,0.000162176,0.001743882,0.00643166,0.004085224
6187,0.000162424,0.001743203,0.006432283,0.004078341
6188,0.000162467,0.001745342,0.006432283,0.004081181
6189,0.000162638,0.001746686,0.006432283,0.004064587
6190,0.000162609,0.001748059,0.00643325,0.004059449
6191,0.000162525,0.001746487,0.006434191,0.004058452
6192,0.000162625,0.001750491,0.006436267,0.004085445
6193,0.000163118,0.00174962,0.006436685,0.004089707
6194,0.000163216,0.001740392,0.006437827,0.004098331
6195,0.000163616,0.001732611,0.006439814,0.004120628
6196,0.000163993,0.0017286,0.006440849,0.004118137
6197,0.000164059,0.001725115,0.006442812,0.004119589
6198,0.000163909,0.001722251,0.006444047,0.004118801
6199,0.00016396,0.001718285,0.006444047,0.004119364
6200,0.000163857,0.001712678,0.006444047,0.004122774
6201,0.000164021,0.001710201,0.006444489,0.004124732
6202,0.000164621,0.001705275,0.006445412,0.004124957
6203,0.000164784,0.001698681,0.006445473,0.004122884
6204,0.000164814,0.001701052,0.00644653,0.004087171
6205,0.000164769,0.001698957,0.006446995,0.004087752
6206,0.000164965,0.001700871,0.006447101,0.004087074
6207,0.000165446,0.001699698,0.006447191,0.004103945
6208,0.000165438,0.001696798,0.006447191,0.004106228
6209,0.000165556,0.001692863,0.006452255,0.004105752
6210,0.000165795,0.001689069,0.006458929,0.004105332
6211,0.000165618,0.001683545,0.006467667,0.004109144
6212,0.000165523,0.00167876,0.006476864,0.004120879
6213,0.000165924,0.001671908,0.006488197,0.004123114
6214,0.000166042,0.001675069,0.006500828,0.004124057
6215,0.000166249,0.00167671,0.00651462,0.004127361
6216,0.000166157,0.001680592,0.00653115,0.004131362
6217,0.000166005,0.001679261,0.006547626,0.004132637
6218,0.00016617,0.001682671,0.006566559,0.004133706
6219,0.000166326,0.001686959,0.00658764,0.004136879
6220,0.000166112,0.001688255,0.006609698,0.004138879
6221,0.000165598,0.001690018,0.006634444,0.004140705
6222,0.000165883,0.001689874,0.006661485,0.004140447
6223,0.000166272,0.001688707,0.006689413,0.004166742
6224,0.000166061,0.0016853,0.006718326,0.004189689
6225,0.000166252,0.00168106,0.006750265,0.004181527
6226,0.000166248,0.001678691,0.00678361,0.004205414
6227,0.00016627,0.001676895,0.006817399,0.00421753
6228,0.000166359,0.001680461,0.006854143,0.004218843
6229,0.00016629,0.001679186,0.006892027,0.004217623
6230,0.000166126,0.001677781,0.006931584,0.004203836
6231,0.0001658,0.0016774,0.006972514,0.00420303
6232,0.000165753,0.001669676,0.007014938,0.004200175
6233,0.000165902,0.00166749,0.007058825,0.004198002
6234,0.0001658,0.001663943,0.007104896,0.004197286
6235,0.000165533,0.001661218,0.007152191,0.004195594
6236,0.000165723,0.001660773,0.007201242,0.00419549
6237,0.000165442,0.001658662,0.007252547,0.004216533
6238,0.000165368,0.001661145,0.007304979,0.004220828
6239,0.000165624,0.001653725,0.007358358,0.004221806
6240,0.000165334,0.001647869,0.007413639,0.004243289
6241,0.000165163,0.001648086,0.007419305,0.004283847
6242,0.000165258,0.001642862,0.007425147,0.004284168
6243,0.000165028,0.001642077,0.007429612,0.004268892
6244,0.000164658,0.001646625,0.007433582,0.004269087
6245,0.000164634,0.001645985,0.007437258,0.004263367
6246,0.000164608,0.001644694,0.007441095,0.00426471
6247,0.000164241,0.00163867,0.007444467,0.004260621
6248,0.000164398,0.001631456,0.007449119,0.004261823
6249,0.000164525,0.001626603,0.007451809,0.004261822
6250,0.000163867,0.001622628,0.007454227,0.004261198
6251,0.000164026,0.001619572,0.007456794,0.004239853
6252,0.000163876,0.001619135,0.007459431,0.004239706
6253,0.000164009,0.001617001,0.007460796,0.004244458
6254,0.000163871,0.001622415,0.007461658,0.004238738
6255,0.000163713,0.00161825,0.00746274,0.004225271
6256,0.00016357,0.001616122,0.007463634,0.00422822
6257,0.000164021,0.001613919,0.007464078,0.004224599
6258,0.000164104,0.00160897,0.007465468,0.00422595
6259,0.000164241,0.00160949,0.007465777,0.004233834
6260,0.000164214,0.001608987,0.007466244,0.004227843
6261,0.000164392,0.001604845,0.007466319,0.004211813
6262,0.000164655,0.001606026,0.007466319,0.00422667
6263,0.00016459,0.001603737,0.007466319,0.004236244
6264,0.000164713,0.001602791,0.007466319,0.004234734
6265,0.000164503,0.001599382,0.007466319,0.004227486
6266,0.000164567,0.001593626,0.007466319,0.004223188
6267,0.000165048,0.001592802,0.007466319,0.00420482
6268,0.000165141,0.001587664,0.007466319,0.004235256
6269,0.000165058,0.001589841,0.007466319,0.00424565
6270,0.000165248,0.001585078,0.007466319,0.004244406
6271,0.000165314,0.001583485,0.007466319,0.004230062
6272,0.000165518,0.00158083,0.007466319,0.00420882
6273,0.000165629,0.001577318,0.007466319,0.004222958
6274,0.000165693,0.001575389,0.007466319,0.00420715
6275,0.00016566,0.001572269,0.007466319,0.004229325
6276,0.000165742,0.001571927,0.007466319,0.004220726
6277,0.00016551,0.00156212,0.007466319,0.004223675
6278,0.000165679,0.001557329,0.007466319,0.004209703
6279,0.000165724,0.001554897,0.007466319,0.00420214
6280,0.000165657,0.001554937,0.007466319,0.004211332
6281,0.000165778,0.001554262,0.007466319,0.004221005
6282,0.000165507,0.001557001,0.007466319,0.004194933
6283,0.000165374,0.001555012,0.007466319,0.004194124
6284,0.000165378,0.001555917,0.007466319,0.004192053
6285,0.000165332,0.001551894,0.007466319,0.00412906
6286,0.000165349,0.001560447,0.007466319,0.004074704
6287,0.000165288,0.001571555,0.007466319,0.004068762
6288,0.00016539,0.00157265,0.007466319,0.004066521
6289,0.000165513,0.001579274,0.007466319,0.004069776
6290,0.000165433,0.001579665,0.007466319,0.004063071
6291,0.00016574,0.001580467,0.007466319,0.00404879
6292,0.000165995,0.001579811,0.007466319,0.004030635
6293,0.000166298,0.001579128,0.007466319,0.003990746
6294,0.000166606,0.001580712,0.007466319,0.003994311
6295,0.00016667,0.001579755,0.007466319,0.003987455
6296,0.000166748,0.001574439,0.007466319,0.003992435
6297,0.000166567,0.001576825,0.007466319,0.003982216
6298,0.000166616,0.001569844,0.007466319,0.003940728
6299,0.000166903,0.001574226,0.007466319,0.003942583
6300,0.000167139,0.001567978,0.007466319,0.003939016
6301,0.000167278,0.001579294,0.007466319,0.003951371
6302,0.00016724,0.001575002,0.007466319,0.003945355
6303,0.000167397,0.001579063,0.007466319,0.003937857
6304,0.000167311,0.001571669,0.007466319,0.003939397
6305,0.00016738,0.001578202,0.007466319,0.003928923
6306,0.000167304,0.001580461,0.007466319,0.003904972
6307,0.000167321,0.001582838,0.007466319,0.003911476
6308,0.000167493,0.001586195,0.007466319,0.003909638
6309,0.00016738,0.001586542,0.007466319,0.003910138
6310,0.000167568,0.001585723,0.007466319,0.003874789
6311,0.000167624,0.001587257,0.007466319,0.003887151
6312,0.000167729,0.00158859,0.007466319,0.003886357
6313,0.000167593,0.001589777,0.007466319,0.003885779
6314,0.000167544,0.001589479,0.007466319,0.003885551
6315,0.000167135,0.001592174,0.007466319,0.003891952
6316,0.000167146,0.001599066,0.007466319,0.003882383
6317,0.000167116,0.001601396,0.007466319,0.00387241
6318,0.000167305,0.001612081,0.007466319,0.003876365
6319,0.000167495,0.001612323,0.007466319,0.003863506
6320,0.000167576,0.001621562,0.007466319,0.003858509
6321,0.000167677,0.001624946,0.007466319,0.00385835
6322,0.000167628,0.001621533,0.007466319,0.003834911
6323,0.00016755,0.001627407,0.007466319,0.003793119
6324,0.000167787,0.001628056,0.007466319,0.003761382
6325,0.000167776,0.001622746,0.007466319,0.003774139
6326,0.00016763,0.001622728,0.007466319,0.0037831
6327,0.000167583,0.001621903,0.007466319,0.003787707
6328,0.000167613,0.00162422,0.007466319,0.00379633
6329,0.000167359,0.001622564,0.007459916,0.003798901
6330,0.000167287,0.001621134,0.007456205,0.003804496
6331,0.000167315,0.00162252,0.007449316,0.00378241
6332,0.000167083,0.001620717,0.007443249,0.003773538
6333,0.000167431,0.001621682,0.007436333,0.003755916
6334,0.00016745,0.001623902,0.007429607,0.00376463
6335,0.000167557,0.001624172,0.007422049,0.003767221
6336,0.000167667,0.001627908,0.007414123,0.003782073
6337,0.000167788,0.001630954,0.007405701,0.00378957
6338,0.000168004,0.001630652,0.007397605,0.003801938
6339,0.000168454,0.001624053,0.007388891,0.003804466
6340,0.000168529,0.001624834,0.007380082,0.003811857
6341,0.000168659,0.001624094,0.007371754,0.003832117
6342,0.000168744,0.001619699,0.007362773,0.00384148
6343,0.00016902,0.001620251,0.007352748,0.003882521
6344,0.000169076,0.001624654,0.007344567,0.003881269
6345,0.000168921,0.001626282,0.007333817,0.003879904
6346,0.000169085,0.001629745,0.007323864,0.003917925
6347,0.000168841,0.001638656,0.007312919,0.003918335
6348,0.000169226,0.001637462,0.007302481,0.003930256
6349,0.00016939,0.001632444,0.007292597,0.00393153
6350,0.000169318,0.001631604,0.007282534,0.003977827
6351,0.000169615,0.001628199,0.007271624,0.00406348
6352,0.000169708,0.001624532,0.007260949,0.004086934
6353,0.000169633,0.001614724,0.00724858,0.004090125
6354,0.000169462,0.001616415,0.007237453,0.004090274
6355,0.000169551,0.001618557,0.007226286,0.004110754
6356,0.000169685,0.001617378,0.007213105,0.004107363
6357,0.000169722,0.001619428,0.007200377,0.004109509
6358,0.000169566,0.001619534,0.007187896,0.004097323
6359,0.000169599,0.001619346,0.007174959,0.004097503
6360,0.000169626,0.001621849,0.007161444,0.004090438
6361,0.00016984,0.001620733,0.007147601,0.004087011
6362,0.000169642,0.001618224,0.007133706,0.004075235
6363,0.000169726,0.001616918,0.007120955,0.004082712
6364,0.00016974,0.001616171,0.007106859,0.004095276
6365,0.000169567,0.001617384,0.007092833,0.004094953
6366,0.000169694,0.001618397,0.007077793,0.004100021
6367,0.000169645,0.001616618,0.007062121,0.004387382
6368,0.000169558,0.001612851,0.007046464,0.004440439
6369,0.000169624,0.001610698,0.007030682,0.004486888
6370,0.000169687,0.001606746,0.007014598,0.004495972
6371,0.000169978,0.001603885,0.006999379,0.004520759
6372,0.000169782,0.001603006,0.00698215,0.004540885
6373,0.00016978,0.001603128,0.006964695,0.00453164
6374,0.000169523,0.00160179,0.006947011,0.004528538
6375,0.000169673,0.001605478,0.006929353,0.004527728
6376,0.000169624,0.001604978,0.006912164,0.004551595
6377,0.00016989,0.001611913,0.006894359,0.004551733
6378,0.000169859,0.001616148,0.00687625,0.004552764
6379,0.000169724,0.001619058,0.006858267,0.004558253
6380,0.000169911,0.001625551,0.006838481,0.004519772
6381,0.000169971,0.001624871,0.006819157,0.004506349
6382,0.000169788,0.001623464,0.006798775,0.004477936
6383,0.000169735,0.00162271,0.006778552,0.004476938
6384,0.000169409,0.001624899,0.006758533,0.004478407
6385,0.000169404,0.001628446,0.006738608,0.004487634
6386,0.000169548,0.00162622,0.006718163,0.004489471
6387,0.000169511,0.00162623,0.006697855,0.004424296
6388,0.000169563,0.001621814,0.006677571,0.00439947
6389,0.000169689,0.001621851,0.006657056,0.004399905
6390,0.000169689,0.001622019,0.006635451,0.004399263
6391,0.00016969,0.001621101,0.006614604,0.004386002
6392,0.000169755,0.00162251,0.006592795,0.004384675
6393,0.000169767,0.001624553,0.006571537,0.004391008
6394,0.000169782,0.001625149,0.00654831,0.004308165
6395,0.000169311,0.001629843,0.006525696,0.004297927
6396,0.000169332,0.00163113,0.006502884,0.004297321
6397,0.000169145,0.001633638,0.006479506,0.004294866
6398,0.000169236,0.001633111,0.006456297,0.004245051
6399,0.000169262,0.001637089,0.006433441,0.004245157
6400,0.000169002,0.001641358,0.006409751,0.004204635
6401,0.000169083,0.001642545,0.00638455,0.004204217
6402,0.000169106,0.00165354,0.006359847,0.004188866
6403,0.000169093,0.00165554,0.006334347,0.004184368
6404,0.000168905,0.001659095,0.006307699,0.004161409
6405,0.000168892,0.001660285,0.006282248,0.004153155
6406,0.000169028,0.001655248,0.006256818,0.004158805
6407,0.000169244,0.001655342,0.006230184,0.004155197
6408,0.000169094,0.001650866,0.006204073,0.004146333
6409,0.000168886,0.001652821,0.006178418,0.004168147
6410,0.000168766,0.001651902,0.006152695,0.004169278
6411,0.000169087,0.001646632,0.006126308,0.004149737
6412,0.000169464,0.001637925,0.006099042,0.00414962
6413,0.000169498,0.001635442,0.006071906,0.004152777
6414,0.000169311,0.001631879,0.006044539,0.00415839
6415,0.00016942,0.001628322,0.006021907,0.004159085
6416,0.000169544,0.00162464,0.005999609,0.0041659
6417,0.000169591,0.001621354,0.005977732,0.004165311
6418,0.00016956,0.001626264,0.005956804,0.00416747
6419,0.000169534,0.001623125,0.005935728,0.004168407
6420,0.00016958,0.001627337,0.005913088,0.004167801
6421,0.000169431,0.001631128,0.005890863,0.00416754
6422,0.000169235,0.001630884,0.005870151,0.004176529
6423,0.000169385,0.001631081,0.005851889,0.004179243
6424,0.000169592,0.001629797,0.005832558,0.004182807
6425,0.000169385,0.00163491,0.005812615,0.004188975
6426,0.000169303,0.001641077,0.005794211,0.004208247
6427,0.000169133,0.001645477,0.005775507,0.004203521
6428,0.000168507,0.001642955,0.005757011,0.004210449
6429,0.000168687,0.001644736,0.005738205,0.004206049
6430,0.000168614,0.001640128,0.005720733,0.004209787
6431,0.000168808,0.001649774,0.005705149,0.00420875
6432,0.000168372,0.001644589,0.005689074,0.004194111
6433,0.00016816,0.001648645,0.005673154,0.004190351
6434,0.000167679,0.001649119,0.005655737,0.004191612
6435,0.000167442,0.00165136,0.005639991,0.004192372
6436,0.000167166,0.001660634,0.005625193,0.004192687
6437,0.000166531,0.001660237,0.005611113,0.004202006
6438,0.000166672,0.001667092,0.005597734,0.004196793
6439,0.000166654,0.001667112,0.005583973,0.004186135
6440,0.000166437,0.001658236,0.005570718,0.004185092
6441,0.000166391,0.001658509,0.005557373,0.00418537
6442,0.000166303,0.001660335,0.00554409,0.004185506
6443,0.000166158,0.001663017,0.005529681,0.004180621
6444,0.000166216,0.001669207,0.005516685,0.004180356
6445,0.000166337,0.001682397,0.005506461,0.004184029
6446,0.000166217,0.001688095,0.005492196,0.004177278
6447,0.000166019,0.001686936,0.005482145,0.004184849
6448,0.000166041,0.001682816,0.005471408,0.004175908
6449,0.000165758,0.001684502,0.005460779,0.004157051
6450,0.000165682,0.00168942,0.005451741,0.004155376
6451,0.000165552,0.001689776,0.005442999,0.004154782
6452,0.000165352,0.001689874,0.005433633,0.004159554
6453,0.000165303,0.001691778,0.005424723,0.004159977
6454,0.000165433,0.0016922,0.005418517,0.004159809
6455,0.000165573,0.001687064,0.005411761,0.004137472
6456,0.000165355,0.001687735,0.005404,0.004133574
6457,0.00016496,0.001693972,0.005397671,0.004135135
6458,0.000164696,0.001695274,0.005393031,0.004133921
6459,0.000164266,0.001698861,0.005386668,0.004125052
6460,0.000164183,0.00170352,0.005382444,0.004163292
6461,0.00016445,0.001705566,0.005377405,0.004156784
6462,0.000164299,0.001697364,0.005373364,0.00415136
6463,0.000164225,0.001696828,0.005370132,0.004147959
6464,0.000164308,0.001693757,0.005366632,0.004145232
6465,0.000164335,0.001698763,0.005363207,0.004144484
6466,0.000164349,0.001702423,0.005359051,0.004148313
6467,0.000164277,0.001702097,0.005355197,0.004130846
6468,0.000164394,0.00170269,0.005352866,0.004130143
6469,0.000164566,0.001713269,0.005351024,0.004128608
6470,0.000164133,0.00171075,0.005348502,0.004127591
6471,0.000163971,0.001718497,0.00534841,0.00412999
6472,0.000163599,0.001720273,0.00534744,0.004093216
6473,0.000163496,0.001720455,0.005346665,0.004086294
6474,0.000163734,0.001721118,0.00534627,0.004084954
6475,0.000163929,0.001718705,0.005347316,0.004082174
6476,0.000163932,0.00171998,0.005349569,0.004081735
6477,0.000163932,0.001718183,0.005350716,0.004080328
6478,0.000163892,0.00171136,0.005352315,0.004081603
6479,0.00016395,0.001710317,0.005353874,0.004068423
6480,0.000163815,0.001713618,0.005354942,0.004065322
6481,0.000163759,0.001719963,0.005356628,0.004063908
6482,0.000163901,0.00171622,0.005360876,0.004062675
6483,0.000163946,0.001717012,0.005364757,0.004062733
6484,0.000163836,0.001707322,0.005370218,0.004062244
6485,0.000163597,0.001704235,0.005375116,0.004070298
6486,0.000163574,0.00170494,0.005382285,0.004070188
6487,0.000163207,0.001700657,0.005388464,0.00407269
6488,0.000163265,0.001702886,0.005394724,0.004072553
6489,0.000163083,0.001707199,0.005399971,0.004074851
6490,0.000163187,0.00170846,0.005404972,0.004078732
6491,0.000163237,0.001713536,0.005412621,0.00402755
6492,0.000162906,0.001707633,0.005419826,0.004028501
6493,0.00016298,0.001703068,0.005376668,0.004021058
6494,0.000163048,0.001701459,0.005331648,0.004026328
6495,0.000162681,0.001703175,0.005286168,0.004023963
6496,0.00016254,0.001706204,0.005237915,0.00402089
6497,0.000162566,0.001703281,0.00518937,0.004025229
6498,0.000162601,0.001705138,0.005140062,0.004023569
6499,0.000162935,0.001699097,0.005089848,0.004023978
6500,0.00016294,0.001704852,0.005040144,0.004041544
6501,0.000162757,0.001701043,0.004989842,0.004053568
6502,0.000162602,0.001694168,0.004939275,0.004052317
6503,0.000162527,0.001691995,0.004889501,0.004051851
6504,0.00016251,0.001691832,0.004840442,0.004029731
6505,0.000162444,0.001691635,0.004790208,0.004048259
6506,0.000162631,0.001691809,0.004739185,0.004057421
6507,0.000162482,0.001696983,0.004688033,0.004061324
6508,0.000162796,0.001694802,0.004636715,0.004051657
6509,0.000163021,0.001705715,0.004585695,0.004068662
6510,0.000162806,0.001710227,0.004533099,0.004069134
6511,0.00016303,0.001712952,0.004479711,0.004074225
6512,0.00016297,0.001705945,0.004425858,0.004070492
6513,0.000163543,0.001705941,0.004372265,0.004109682
6514,0.000163399,0.001707209,0.004319271,0.004052161
6515,0.000163012,0.00170556,0.004265185,0.004052163
6516,0.000163014,0.001708539,0.004212376,0.004077134
6517,0.000163133,0.001708279,0.00415754,0.004065594
6518,0.000163075,0.001707168,0.004102451,0.00403725
6519,0.00016303,0.001702765,0.004048228,0.004031225
6520,0.000163266,0.001703877,0.003992999,0.004040023
6521,0.000163263,0.00170095,0.003937497,0.004040814
6522,0.000163386,0.001701082,0.003881856,0.004042458
6523,0.000163428,0.001701614,0.003875327,0.004083658
6524,0.000163491,0.001701204,0.003869898,0.004085256
6525,0.000163555,0.001700042,0.00386537,0.00406666
6526,0.000163282,0.001693787,0.003860859,0.00406134
6527,0.00016297,0.001696344,0.003854882,0.00405718
6528,0.000162825,0.001695135,0.003850691,0.004064612
6529,0.00016286,0.001698654,0.00384537,0.004058149
6530,0.000162704,0.001702565,0.003841212,0.004066293
6531,0.000162615,0.001706844,0.00383952,0.004054922
6532,0.000162619,0.001710721,0.003839374,0.004054795
6533,0.000162859,0.00171043,0.003838514,0.004054717
6534,0.000162656,0.001711437,0.003839342,0.00404424
6535,0.000162522,0.001711807,0.003840253,0.004039013
6536,0.000162555,0.001715483,0.003842257,0.004037598
6537,0.000162421,0.001717236,0.003843695,0.004014315
6538,0.000162484,0.001719781,0.003845463,0.004012446
6539,0.000162731,0.001717322,0.003848374,0.004012671
6540,0.000162698,0.001721655,0.003851383,0.00401322
6541,0.000162547,0.00172189,0.00385407,0.003990585
6542,0.00016224,0.00172332,0.00385768,0.003989917
6543,0.000161932,0.001723139,0.00386353,0.003898061
6544,0.000161796,0.001719927,0.003868972,0.003903632
6545,0.000161792,0.001725918,0.003875359,0.003916595
6546,0.000161771,0.001724915,0.003881698,0.003906061
6547,0.000161888,0.001717465,0.003886764,0.003864292
6548,0.000161998,0.001714192,0.003891852,0.003851926
6549,0.000162302,0.001714584,0.003897114,0.003860812
6550,0.000162323,0.001713095,0.003903658,0.003837181
6551,0.000162505,0.001709098,0.003910199,0.003839354
6552,0.000162208,0.001708591,0.003917117,0.003833761
6553,0.000162038,0.001709443,0.003923497,0.003851777
6554,0.000162139,0.001709455,0.003931108,0.00385345
6555,0.000161979,0.001709845,0.003939441,0.003855759
6556,0.000161901,0.001712023,0.003947215,0.003859036
6557,0.000161618,0.001710658,0.003956855,0.003895485
6558,0.000161703,0.001708413,0.003964958,0.003897149
6559,0.000161572,0.001705702,0.003975103,0.003903392
6560,0.000161534,0.001704985,0.003985559,0.003905417
6561,0.00016142,0.001712241,0.003997505,0.003908657
6562,0.000161439,0.001712828,0.004009684,0.003908087
6563,0.000161568,0.001713002,0.004020257,0.003929448
6564,0.00016173,0.001716269,0.004032713,0.003930047
6565,0.000161426,0.001716695,0.004043537,0.003878782
6566,0.0001613,0.001711482,0.004055985,0.003877251
6567,0.000161129,0.001710696,0.004067922,0.003876609
6568,0.000161038,0.001707783,0.004080369,0.003899894
6569,0.000160829,0.001707401,0.004093911,0.00390004
6570,0.000160988,0.001702335,0.00410735,0.003899352
6571,0.000160766,0.001694927,0.004121093,0.003897468
6572,0.000160458,0.00169214,0.004136853,0.003846424
6573,0.000160276,0.001684531,0.004151225,0.003826447
6574,0.000160369,0.001682674,0.004167181,0.003824201
6575,0.000160395,0.00168116,0.004182214,0.003812255
6576,0.000160586,0.001680452,0.004198006,0.003826956
6577,0.000160297,0.00168236,0.004213619,0.003824634
6578,0.000159715,0.001683503,0.004229986,0.003798697
6579,0.000159355,0.001691474,0.00424755,0.003805469
6580,0.00015934,0.001694879,0.004264473,0.003805835
6581,0.000159137,0.001690927,0.004283395,0.003802856
6582,0.000158575,0.001692587,0.004301171,0.003807889
6583,0.000158588,0.001694076,0.00431816,0.003804132
6584,0.000158122,0.001690293,0.00433691,0.003782281
6585,0.000157637,0.001692253,0.00435578,0.003780451
6586,0.000157282,0.001688095,0.004374535,0.003793925
6587,0.000156886,0.001686022,0.004395216,0.003799058
6588,0.000156629,0.001690138,0.004415402,0.003799356
6589,0.000156612,0.001695354,0.004435561,0.003805928
6590,0.000156542,0.001699747,0.004457585,0.003812832
6591,0.000156618,0.001703379,0.004478345,0.003803471
6592,0.000156464,0.001697243,0.00450093,0.003799545
6593,0.000156057,0.001702095,0.004522539,0.0037937
6594,0.000156033,0.00169935,0.00454562,0.003715848
6595,0.00015577,0.001692015,0.004567781,0.00371346
6596,0.000155881,0.001687505,0.004590625,0.003722903
6597,0.000155565,0.001678453,0.004616188,0.003714465
6598,0.000155049,0.001676051,0.004640812,0.003718349
6599,0.000154949,0.001675859,0.004665551,0.003726923
6600,0.000154541,0.00166947,0.004689344,0.0037223
6601,0.000154136,0.001669908,0.004714846,0.003729164
6602,0.000153835,0.001671501,0.004740081,0.003731496
6603,0.000153727,0.001671847,0.00476633,0.00374575
6604,0.000153431,0.001675454,0.004792196,0.003747638
6605,0.0001535,0.001675611,0.004818922,0.003745467
6606,0.000153381,0.001685472,0.0048462,0.003735627
6607,0.000152812,0.001684533,0.004874051,0.003689397
6608,0.000152499,0.001682177,0.004902405,0.003629761
6609,0.000152142,0.001685639,0.004928579,0.003640188
6610,0.000152107,0.001682637,0.004957269,0.003618499
6611,0.000152178,0.001689154,0.004985043,0.00362893
6612,0.00015214,0.001690043,0.005013734,0.00361754
6613,0.000151892,0.001696163,0.005014895,0.003610308
6614,0.000151416,0.001689496,0.005017356,0.003602743
6615,0.000151163,0.001688125,0.005020128,0.003600553
6616,0.000151382,0.001688731,0.005022516,0.003599688
6617,0.00015138,0.001690131,0.00502312,0.00358722
6618,0.000151163,0.001695928,0.005024178,0.003582817
6619,0.000151023,0.001698604,0.005025638,0.003577231
6620,0.000150937,0.001702151,0.005027424,0.003578238
6621,0.000150826,0.00171071,0.005030002,0.003575289
6622,0.000150414,0.001706193,0.005031008,0.003571406
6623,0.000150451,0.001700399,0.005032104,0.003563408
6624,0.000150494,0.001702917,0.005033926,0.003564199
6625,0.000150311,0.001707185,0.005035843,0.003541557
6626,0.000149793,0.001701974,0.005036006,0.003542527
6627,0.000149823,0.001698367,0.005035739,0.003507825
6628,0.00014944,0.001694561,0.005037037,0.003510789
6629,0.000149773,0.001690935,0.005037844,0.00350737
6630,0.000150065,0.001693209,0.005038711,0.003537472
6631,0.000150141,0.001700085,0.005039981,0.003541619
6632,0.000149987,0.001705167,0.005040097,0.003554281
6633,0.000149741,0.001706989,0.005040757,0.003557268
6634,0.00014959,0.001710563,0.005039998,0.003565199
6635,0.000149588,0.001712952,0.005041534,0.003556177
6636,0.000149118,0.001718148,0.005041613,0.003561704
6637,0.000149208,0.001708651,0.005042459,0.003542071
6638,0.000149034,0.00169914,0.005042321,0.003528022
6639,0.000148821,0.001699605,0.005043396,0.003529645
6640,0.00014864,0.001695043,0.0050453,0.003523826
6641,0.000148851,0.001702652,0.005044639,0.003525345
6642,0.000148601,0.001709032,0.00504445,0.003526375
6643,0.000148545,0.001712214,0.005045021,0.003522174
6644,0.000148195,0.001719927,0.005045398,0.003481726
6645,0.000148369,0.001718084,0.005045219,0.003479748
6646,0.000148094,0.001722346,0.005045091,0.003534523
6647,0.000147816,0.001726157,0.005045035,0.003512337
6648,0.000147623,0.001725196,0.005044783,0.003511678
6649,0.000147547,0.001723853,0.005044903,0.003495457
6650,0.000147516,0.001722546,0.005044087,0.00349744
6651,0.000147718,0.001724614,0.005044338,0.003498321
6652,0.000147316,0.001727331,0.005043792,0.003497278
6653,0.000147239,0.001730993,0.005042951,0.003499968
6654,0.000147216,0.001726444,0.005040766,0.003502156
6655,0.000146666,0.001721451,0.005038827,0.003508434
6656,0.00014635,0.001722677,0.005038217,0.003512693
6657,0.000146339,0.00172331,0.005038124,0.003513076
6658,0.000146385,0.001726121,0.005035744,0.003530326
6659,0.000146225,0.001732036,0.00503566,0.003518023
6660,0.00014617,0.001739773,0.00503435,0.003485244
6661,0.000146012,0.001736749,0.005032437,0.003484634
6662,0.000145869,0.001734705,0.005031746,0.00347931
6663,0.00014615,0.001741979,0.005029972,0.003478996
6664,0.000145499,0.001738717,0.005026623,0.003489354
6665,0.000145186,0.00173849,0.005025942,0.003495264
6666,0.000144997,0.001743273,0.005023892,0.003500336
6667,0.000144631,0.001749288,0.005022211,0.003505402
6668,0.000144489,0.001747714,0.005021276,0.003507971
6669,0.000144062,0.001744315,0.00501937,0.003516136
6670,0.000143887,0.00173754,0.005017672,0.003538945
6671,0.000143759,0.001740015,0.005016834,0.003557509
6672,0.000143634,0.00173694,0.005014864,0.003558656
6673,0.000143559,0.001735429,0.005014041,0.003559003
6674,0.000143288,0.001734009,0.005012961,0.003558348
6675,0.000143285,0.001734749,0.005011696,0.003557623
6676,0.000142886,0.001736917,0.005009491,0.00355693
6677,0.000142971,0.001734338,0.005007591,0.003549492
6678,0.000142599,0.001733833,0.005005985,0.003546111
6679,0.000142263,0.001730411,0.005005195,0.003563335
6680,0.000142149,0.001729854,0.005003544,0.003569769
6681,0.000142213,0.001733942,0.005003544,0.003570756
6682,0.000141943,0.00173724,0.005003222,0.003570612
6683,0.000141726,0.001736783,0.005001701,0.003570459
6684,0.000141857,0.001740776,0.00500037,0.003571058
6685,0.000141857,0.001739288,0.004998595,0.003572044
6686,0.000141629,0.00173541,0.004996832,0.003577744
6687,0.000141337,0.001737486,0.004996209,0.003577806
6688,0.00014124,0.001736004,0.004996209,0.003574573
6689,0.00014106,0.001731883,0.004996209,0.003574894
6690,0.000141281,0.001735407,0.004995241,0.003602907
6691,0.000141417,0.001735217,0.004994301,0.003607452
6692,0.000141231,0.001740964,0.004992225,0.003578765
6693,0.000140825,0.00174347,0.004991807,0.003573805
6694,0.000140657,0.001750204,0.004990665,0.003604473
6695,0.000140014,0.001751286,0.004988678,0.00357022
6696,0.000139324,0.001756995,0.004987643,0.003589483
6697,0.000139385,0.001760999,0.00498568,0.003634311
6698,0.000139306,0.001761553,0.004984445,0.003636781
6699,0.000139169,0.001762629,0.004984445,0.003659347
6700,0.000139198,0.001763684,0.004984445,0.003656619
6701,0.000138952,0.001764946,0.004984003,0.003656409
6702,0.000138467,0.00176024,0.00498308,0.003672258
6703,0.00013826,0.001762406,0.004983019,0.00367416
6704,0.000138267,0.001760479,0.004981962,0.003671361
6705,0.00013826,0.001761056,0.004981497,0.00371809
6706,0.000137802,0.0017665,0.004981391,0.003717773
6707,0.000137254,0.001763302,0.004981301,0.003700499
6708,0.000137022,0.001765347,0.004981301,0.003697885
6709,0.000136703,0.001770569,0.004976237,0.003697437
6710,0.000136475,0.001769814,0.004969563,0.00369595
6711,0.000136446,0.001779604,0.004960824,0.003738211
6712,0.000136454,0.001786426,0.004951628,0.00372643
6713,0.000136193,0.001795947,0.004940294,0.003722002
6714,0.000136031,0.00179725,0.004927664,0.003719844
6715,0.000135904,0.001799468,0.004913872,0.003718661
6716,0.000135852,0.001798474,0.004897342,0.003715814
6717,0.000135791,0.001802273,0.004880865,0.003717849
6718,0.000135423,0.001803014,0.004861933,0.003706655
6719,0.000135449,0.001806713,0.004840852,0.003703534
6720,0.000135576,0.001809121,0.004818794,0.003700198
6721,0.000135577,0.001804665,0.004794048,0.003699841
6722,0.000135232,0.001803332,0.004767007,0.003698734
6723,0.000135093,0.001804344,0.004739078,0.003732142
6724,0.000135301,0.001803837,0.004710166,0.003754978
6725,0.000135207,0.001808601,0.004678227,0.003742664
6726,0.000135069,0.001807067,0.004644882,0.003715091
6727,0.000134982,0.001807811,0.004611093,0.003706231
6728,0.000135133,0.001804844,0.004574349,0.003704586
6729,0.000135425,0.001804764,0.004536465,0.003719631
6730,0.000135454,0.001802768,0.004496908,0.003722275
6731,0.000135827,0.001805379,0.004455978,0.003740469
6732,0.000135697,0.001805351,0.004413554,0.003742276
6733,0.000135524,0.00180646,0.004369667,0.003756665
6734,0.000135645,0.001807717,0.004323595,0.003756342
6735,0.000136111,0.001810226,0.004276301,0.003771154
6736,0.000135937,0.001810614,0.00422725,0.003778605
6737,0.000136177,0.001810839,0.004175944,0.003759633
6738,0.00013609,0.001808062,0.004123513,0.003804557
6739,0.000135967,0.001808864,0.004070133,0.003807386
6740,0.000135956,0.001813649,0.004014853,0.003786609
6741,0.00013584,0.001815163,0.004009187,0.003768804
6742,0.000135719,0.00181501,0.004003345,0.00376504
6743,0.000136013,0.001814243,0.00399888,0.003761964
6744,0.000136357,0.00180924,0.00399491,0.00376112
6745,0.000136255,0.001809529,0.003991234,0.003761852
6746,0.000136394,0.001809565,0.003987397,0.003785705
6747,0.000136597,0.001812949,0.003984025,0.003791812
6748,0.000136575,0.001812618,0.003979373,0.003794702
6749,0.000136454,0.001813042,0.003976683,0.003803609
6750,0.000136669,0.001813956,0.003974265,0.003803609
6751,0.000137053,0.001814642,0.003971698,0.003802797
6752,0.00013706,0.001811197,0.003969061,0.003834526
6753,0.000137098,0.001812021,0.003967696,0.003827808
6754,0.000137412,0.001805262,0.003966834,0.003824307
6755,0.000137542,0.001806031,0.003965752,0.003832885
6756,0.000137622,0.001803483,0.003964858,0.003830541
6757,0.000137274,0.001804207,0.003964414,0.003827787
6758,0.000137005,0.001805686,0.003963024,0.003824514
6759,0.000137132,0.001805943,0.003962715,0.003818647
6760,0.000137499,0.001804247,0.003962248,0.0038317
6761,0.000137676,0.001805172,0.003962173,0.00382916
6762,0.000137546,0.001806347,0.003962173,0.003788585
6763,0.000137248,0.001808608,0.003962173,0.003779966
6764,0.000137013,0.001810726,0.003962173,0.003779135
6765,0.000136975,0.001809858,0.003962173,0.003774328
6766,0.000136821,0.001811597,0.003962173,0.003774888
6767,0.000136382,0.001815788,0.003962173,0.003783775
6768,0.000136493,0.001814685,0.003962173,0.003751697
6769,0.000136251,0.00181119,0.003962173,0.003760307
6770,0.000136287,0.001813255,0.003962173,0.003766941
6771,0.000136214,0.001813141,0.003962173,0.003767896
6772,0.000136361,0.001811903,0.003962173,0.003783999
6773,0.000136689,0.001813234,0.003962173,0.003767384
6774,0.000136692,0.001814253,0.003962173,0.003768061
6775,0.000136918,0.00181399,0.003962173,0.003744114
6776,0.000137114,0.001812023,0.003962173,0.003747397
6777,0.000137257,0.001812263,0.003962173,0.003745877
6778,0.000137025,0.001811083,0.003962173,0.003760713
6779,0.000136938,0.001809016,0.003966319,0.003761022
6780,0.000137037,0.001809442,0.003970178,0.003760863
6781,0.000136865,0.001808197,0.003974538,0.003752577
6782,0.000136869,0.001803141,0.003978618,0.003752026
6783,0.000136832,0.001805354,0.003984289,0.003753171
6784,0.000136839,0.001802531,0.003989791,0.003761416
6785,0.000136892,0.001801897,0.003996098,0.003761663
6786,0.000136603,0.001793248,0.004002819,0.003758087
6787,0.000136829,0.001783127,0.004009555,0.003769918
6788,0.000136986,0.001782102,0.004015845,0.003774522
6789,0.000136762,0.001774429,0.004022368,0.003769815
6790,0.000136838,0.001771004,0.004029876,0.003769297
6791,0.000136868,0.001769864,0.004036874,0.003769782
6792,0.000136688,0.001771933,0.004045096,0.003770095
6793,0.000136429,0.001771208,0.004053702,0.003783522
6794,0.000136272,0.001769342,0.004062143,0.003784051
6795,0.000136108,0.001767178,0.004070969,0.003785312
6796,0.000136129,0.001768945,0.004079827,0.003779621
6797,0.000136127,0.001767318,0.004089511,0.003778884
6798,0.000135889,0.001764875,0.00409878,0.003775282
6799,0.000135489,0.001760321,0.004108522,0.003771324
6800,0.000135344,0.00176012,0.004120091,0.003751508
6801,0.000135162,0.001748598,0.004129841,0.003746464
6802,0.000135139,0.001749208,0.004140312,0.003741592
6803,0.000135007,0.001744979,0.004151596,0.003744416
6804,0.000135006,0.001744891,0.004162456,0.003751047
6805,0.000134835,0.001738189,0.004174074,0.003748283
6806,0.000134592,0.001728297,0.004185892,0.003748113
6807,0.00013444,0.001727508,0.004198149,0.003736839
6808,0.000134469,0.001723891,0.004210825,0.003740476
6809,0.000134387,0.001722646,0.004224608,0.003751116
6810,0.000134046,0.001717991,0.004237933,0.003759024
6811,0.000134255,0.00171135,0.00425149,0.003746978
6812,0.000134052,0.001708117,0.004265488,0.003747377
6813,0.000134339,0.001706394,0.00427925,0.003753463
6814,0.000134384,0.001706904,0.004294297,0.00375408
6815,0.000134585,0.001703673,0.004308009,0.00375047
6816,0.000134567,0.001694663,0.004322322,0.003755181
6817,0.00013429,0.001692009,0.004337422,0.003756672
6818,0.000133974,0.001681049,0.004352373,0.003787762
6819,0.000133885,0.001680399,0.004367203,0.00379103
6820,0.000134004,0.001670916,0.004382369,0.003793237
6821,0.000133911,0.001665946,0.004398069,0.003792656
6822,0.000133983,0.001665446,0.004413344,0.003788289
6823,0.000134034,0.001656699,0.004429182,0.003786887
6824,0.000133962,0.001656505,0.00444553,0.003784966
6825,0.000133768,0.00165281,0.004461863,0.003772164
6826,0.000133854,0.001652386,0.004479487,0.003763629
6827,0.000133858,0.001649065,0.004496463,0.003768328
6828,0.000133693,0.001645412,0.004514494,0.003761939
6829,0.000134031,0.001647195,0.004531389,0.00375992
6830,0.000134239,0.001648024,0.004549614,0.003751606
6831,0.000134019,0.00164573,0.004569083,0.003751646
6832,0.000133939,0.001646233,0.004587365,0.003751199
6833,0.000133536,0.001645308,0.004607432,0.003748168
6834,0.000133397,0.001646369,0.004627777,0.003737928
6835,0.0001333,0.001646622,0.004647545,0.003733885
6836,0.000133261,0.001642653,0.004667219,0.003718948
6837,0.000133103,0.001639371,0.004687744,0.003707307
6838,0.000133007,0.001639492,0.004706682,0.003690813
6839,0.000132619,0.001638471,0.004727388,0.003688379
6840,0.000132617,0.001635321,0.004748894,0.003681323
6841,0.000132531,0.001634824,0.004770255,0.003656404
6842,0.000132305,0.001634298,0.004791478,0.00366377
6843,0.000132047,0.001631865,0.004813394,0.003625194
6844,0.000132228,0.001629399,0.004835052,0.003639541
6845,0.000132373,0.001628421,0.004856968,0.003675175
6846,0.000132451,0.00162623,0.004879747,0.00363328
6847,0.000132626,0.001618406,0.004902388,0.00363241
6848,0.000132412,0.001616488,0.004925188,0.003616889
6849,0.000132494,0.001617284,0.004947483,0.003610663
6850,0.000132648,0.001619448,0.004971858,0.003569076
6851,0.000132393,0.001619664,0.004994964,0.003478872
6852,0.000132224,0.001620579,0.005018544,0.003461858
6853,0.000132219,0.001623029,0.005043002,0.003456343
6854,0.000132274,0.00162036,0.00506755,0.003466882
6855,0.00013253,0.001619554,0.005091549,0.003444252
6856,0.00013235,0.001619574,0.005116358,0.00344289
6857,0.000132308,0.001617997,0.005141623,0.003439063
6858,0.000132691,0.001622423,0.005168085,0.00343013
6859,0.00013295,0.001622618,0.00519353,0.003426032
6860,0.000132913,0.001620491,0.005219142,0.003446011
6861,0.000132741,0.001621281,0.00524577,0.003441086
6862,0.000133016,0.001622153,0.005272186,0.003432639
6863,0.000133108,0.001622456,0.005298612,0.003416842
6864,0.000133458,0.001620506,0.005326231,0.003406872
6865,0.000133521,0.001619611,0.005353702,0.003418367
6866,0.000133474,0.001617905,0.00538152,0.003421315
6867,0.000133215,0.001619782,0.005410336,0.003121509
6868,0.0001334,0.001619672,0.00543875,0.003080508
6869,0.000133346,0.001620927,0.005467109,0.003038986
6870,0.000133395,0.001629005,0.005495019,0.003032157
6871,0.00013333,0.001631236,0.005523405,0.00300976
6872,0.00013331,0.001637396,0.005552557,0.003012127
6873,0.000133278,0.001639643,0.005581966,0.003011641
6874,0.000133413,0.001640025,0.005611118,0.003012038
6875,0.000133508,0.001636987,0.005641116,0.003014195
6876,0.000133571,0.001637789,0.005671414,0.002990007
6877,0.000133534,0.001632127,0.005701152,0.00300017
6878,0.000133958,0.001628072,0.00573182,0.002999774
6879,0.000134017,0.001628501,0.005762145,0.002999051
6880,0.000134061,0.001623814,0.005792695,0.003009382
6881,0.000134076,0.001624513,0.005825267,0.003012161
6882,0.000134269,0.001628296,0.005857781,0.003018575
6883,0.000134345,0.001628104,0.00588885,0.003020183
6884,0.000134506,0.001622273,0.005920775,0.003019697
6885,0.000134769,0.00161839,0.005953641,0.003050413
6886,0.000134814,0.001617511,0.005986539,0.003052886
6887,0.000135119,0.001617436,0.006019999,0.003056854
6888,0.000135261,0.001616792,0.006053728,0.003061595
6889,0.000135175,0.001616777,0.006088004,0.003061587
6890,0.000135299,0.001617481,0.006121271,0.003060892
6891,0.000135208,0.001616113,0.006155775,0.003060307
6892,0.000135215,0.001618068,0.006190801,0.003060099
6893,0.000135318,0.0016156,0.006225059,0.003058461
6894,0.000135513,0.001613557,0.00626055,0.003051646
6895,0.000135752,0.001616718,0.006296942,0.003050329
6896,0.000135779,0.001618289,0.006332506,0.003050286
6897,0.000135679,0.001615096,0.006368872,0.003052165
6898,0.000135853,0.001616828,0.006405277,0.003055236
6899,0.000135819,0.001615911,0.006443753,0.003069978
6900,0.000135799,0.001613229,0.006481384,0.003069412
6901,0.000136187,0.001610759,0.006518457,0.003074113
6902,0.000136234,0.001604754,0.006554789,0.003076328
6903,0.000136147,0.001605336,0.006592899,0.003076395
6904,0.000136281,0.001600902,0.006630794,0.003068023
6905,0.000136646,0.001603214,0.006670277,0.003067148
6906,0.00013697,0.001602967,0.006710051,0.003058247
6907,0.000136812,0.001603368,0.006749878,0.003057487
6908,0.000137004,0.001603281,0.006789286,0.003071314
6909,0.000137331,0.001603305,0.006827895,0.003063089
6910,0.000137303,0.001605157,0.006868264,0.003064039
6911,0.000137283,0.001603341,0.006908212,0.003066118
6912,0.000137014,0.001603591,0.006949321,0.003065034
6913,0.000137136,0.001601591,0.00698962,0.003064099
6914,0.000137423,0.001603825,0.007029336,0.003064146
6915,0.000137714,0.001604124,0.00706472,0.00306552
6916,0.000138199,0.001603243,0.00709978,0.003063035
6917,0.000138139,0.001605352,0.007135409,0.003065467
6918,0.000138106,0.001600648,0.007169751,0.003064684
6919,0.000138107,0.00160113,0.007204544,0.003063624
6920,0.000138192,0.001597736,0.007238537,0.00306431
6921,0.000138223,0.001596076,0.007274143,0.003065704
6922,0.000138319,0.001597218,0.007307286,0.003056315
6923,0.000138374,0.001595419,0.007339488,0.003056778
6924,0.000138467,0.001593122,0.007372241,0.003056624
6925,0.000138788,0.001592668,0.007405957,0.003111513
6926,0.000138861,0.001590514,0.007437894,0.003097228
6927,0.000139048,0.001583393,0.007469489,0.003127353
6928,0.000139297,0.001587979,0.007500021,0.003119706
6929,0.000139063,0.001583774,0.007532391,0.003114485
6930,0.000138978,0.001591127,0.007562612,0.003107477
6931,0.000139351,0.001583413,0.007593257,0.003113525
6932,0.000139506,0.001583311,0.007622262,0.003114685
6933,0.000139577,0.00158233,0.007651915,0.003126523
6934,0.000139635,0.001579191,0.007683319,0.003127509
6935,0.000140074,0.001572897,0.007710845,0.003138472
6936,0.000140252,0.001561938,0.007738558,0.003136106
6937,0.000140275,0.001556042,0.007767191,0.003126155
6938,0.000140149,0.001548081,0.007793385,0.003122518
6939,0.000140121,0.001551034,0.007820524,0.003118569
6940,0.000140492,0.001553619,0.00784847,0.003125694
6941,0.000140753,0.001552929,0.007873479,0.003125981
6942,0.000140647,0.001555278,0.007899394,0.00312864
6943,0.000140721,0.001550745,0.00792579,0.003151518
6944,0.000140463,0.001545404,0.007953054,0.003158595
6945,0.000140527,0.001534939,0.007977117,0.003156568
6946,0.000140504,0.00153676,0.008002348,0.003180222
6947,0.000140519,0.001535121,0.008026684,0.003173789
6948,0.000140393,0.001534253,0.008049846,0.003175456
6949,0.000140409,0.001533342,0.008073152,0.003178708
6950,0.00014042,0.001526889,0.008097582,0.003179123
6951,0.000140443,0.001529544,0.008119234,0.003197041
6952,0.000140662,0.001528278,0.00814036,0.003194898
6953,0.000140478,0.001525445,0.008162498,0.003193017
6954,0.000140535,0.001528691,0.008183325,0.003195719
6955,0.000140488,0.001528169,0.008204431,0.003222714
6956,0.000140509,0.001529624,0.008225411,0.003223733
6957,0.000140723,0.001523181,0.008245216,0.003226061
6958,0.000140971,0.001520215,0.008216699,0.003229432
6959,0.000141028,0.001515562,0.00818844,0.003231134
6960,0.000141037,0.001510906,0.008157008,0.003194446
6961,0.000140959,0.001504603,0.008126306,0.003213528
6962,0.000140997,0.001504295,0.008094831,0.003213789
6963,0.000140903,0.001499936,0.008062406,0.003213911
6964,0.000140936,0.001499143,0.008027934,0.003217487
6965,0.000141134,0.001494679,0.007994724,0.003219175
6966,0.000141088,0.001484554,0.007960357,0.003225229
6967,0.000140985,0.001485623,0.007925188,0.003226621
6968,0.000140716,0.00148499,0.007889603,0.003221336
6969,0.000140572,0.001479577,0.007852328,0.003219908
6970,0.000140648,0.001487035,0.00781571,0.003219616
6971,0.000140892,0.001477362,0.007776865,0.00322479
6972,0.00014117,0.001484005,0.007738035,0.003225118
6973,0.000141335,0.001484854,0.00769827,0.003224692
6974,0.000141166,0.001486343,0.007656785,0.003233588
6975,0.000141275,0.001485925,0.007615106,0.003244524
6976,0.000141187,0.00148609,0.00757265,0.003267424
6977,0.000141222,0.001486781,0.007528882,0.003273945
6978,0.000141002,0.001489869,0.007485908,0.003282915
6979,0.000140855,0.001492295,0.007440628,0.003281556
6980,0.000141121,0.001490121,0.00739582,0.003285636
6981,0.000141094,0.001483386,0.007351966,0.003285998
6982,0.000141163,0.001481901,0.007304971,0.003294011
6983,0.000141125,0.001480949,0.00725754,0.003296836
6984,0.000141053,0.001489003,0.007208869,0.00329688
6985,0.000141011,0.001490162,0.007161003,0.003288987
6986,0.000140914,0.001496759,0.007109215,0.003318663
6987,0.000140957,0.001498184,0.007057109,0.003316013
6988,0.000141036,0.00149743,0.007004823,0.003316159
6989,0.000141167,0.00149158,0.006952889,0.003314984
6990,0.000141074,0.001490803,0.006901802,0.00331086
6991,0.000140913,0.001489978,0.00684808,0.003310283
6992,0.000141025,0.001488637,0.006792359,0.003311165
6993,0.000141177,0.001488546,0.00678768,0.003314621
6994,0.000141099,0.00148806,0.006784791,0.003308654
6995,0.000141342,0.001485729,0.006781429,0.003306757
6996,0.000141534,0.001483061,0.006781834,0.003308772
6997,0.000141724,0.001486512,0.006781834,0.003314583
6998,0.000141733,0.001481566,0.006782331,0.003317382
6999,0.000141466,0.00148164,0.006782331,0.003318077
7000,0.000141729,0.001477086,0.006782331,0.003301357
7001,0.000141889,0.0014799,0.006782353,0.003290866
7002,0.000141746,0.00148091,0.006782383,0.003290422
7003,0.000141785,0.001486392,0.006782383,0.003290765
7004,0.000142113,0.001489278,0.006782383,0.003292598
7005,0.000141964,0.001487019,0.006782383,0.003274272
7006,0.000141767,0.001491546,0.006782383,0.003264351
7007,0.000141846,0.001489404,0.006782678,0.003259232
7008,0.000141589,0.001483939,0.006782678,0.003280688
7009,0.000141281,0.001474992,0.006782678,0.003270605
7010,0.000141189,0.001478119,0.006782678,0.003269971
7011,0.000141086,0.001480934,0.006782678,0.00326525
7012,0.000141019,0.001485883,0.006782678,0.003265055
7013,0.000140534,0.001491325,0.006782678,0.003199151
7014,0.000140684,0.001493109,0.006782678,0.003197532
7015,0.000140722,0.001498319,0.006782678,0.003197964
7016,0.000140713,0.00150141,0.006782678,0.003171493
7017,0.000140883,0.001501978,0.006782678,0.003172909
7018,0.000140933,0.001503806,0.006782678,0.003168605
7019,0.000141348,0.001501777,0.006782678,0.003191783
7020,0.000141017,0.001503309,0.006782678,0.003181315
7021,0.000141182,0.001503154,0.006782678,0.003181518
7022,0.000140989,0.001505647,0.006782678,0.00318021
7023,0.000140843,0.001507471,0.006782678,0.003138863
7024,0.000140937,0.001510542,0.006782678,0.003166745
7025,0.000140936,0.00151195,0.006782678,0.003166872
7026,0.000141105,0.001511783,0.006782678,0.003161358
7027,0.000141508,0.001509663,0.006782678,0.003161424
7028,0.000141685,0.001508921,0.006782678,0.003154055
7029,0.000141555,0.001502829,0.006782678,0.003158316
7030,0.000141826,0.001500615,0.006782678,0.003149915
7031,0.000141884,0.001495483,0.006778861,0.003158555
7032,0.000141857,0.001494749,0.006773978,0.003159162
7033,0.000141721,0.001490557,0.006769105,0.003157956
7034,0.000141827,0.001491338,0.006764182,0.003157879
7035,0.000142339,0.001492926,0.00675921,0.003186849
7036,0.000142268,0.001497345,0.006752399,0.003203012
7037,0.000142315,0.001493755,0.006746353,0.003205308
7038,0.000142417,0.001492328,0.006738867,0.003210126
7039,0.000142618,0.001492247,0.006731119,0.003194923
7040,0.000142829,0.001489985,0.006723198,0.00318881
7041,0.000143007,0.001492134,0.006715855,0.003187495
7042,0.00014318,0.001492063,0.006706551,0.003207102
7043,0.000143211,0.001489023,0.006697331,0.003207021
7044,0.00014319,0.001488324,0.006687239,0.003202842
7045,0.000143449,0.001480826,0.006676998,0.003207259
7046,0.000143708,0.00147737,0.006667006,0.003207401
7047,0.000143755,0.001484301,0.006656032,0.003215068
7048,0.000143575,0.001488724,0.006645453,0.003212875
7049,0.000143442,0.001487407,0.006634918,0.003202398
7050,0.000143475,0.001491748,0.006624306,0.003205512
7051,0.00014349,0.001495374,0.006612861,0.003206011
7052,0.000143652,0.001494936,0.00660108,0.003235983
7053,0.000143911,0.00149343,0.006590152,0.003221717
7054,0.000143949,0.001494193,0.006577611,0.003223795
7055,0.000144361,0.001496266,0.006564072,0.003220517
7056,0.000144258,0.001498563,0.006551378,0.003227744
7057,0.000144801,0.001500522,0.006536494,0.003195359
7058,0.000144833,0.001502739,0.006523296,0.003211285
7059,0.000144798,0.001504821,0.006508966,0.003208383
7060,0.00014481,0.001510007,0.006493799,0.003212167
7061,0.000144907,0.00150303,0.006478306,0.0032098
7062,0.000144747,0.001503938,0.006462898,0.003211737
7063,0.00014461,0.001513399,0.006447394,0.003189367
7064,0.000144855,0.001508714,0.006431312,0.003189124
7065,0.000144835,0.001516896,0.006416112,0.003191065
7066,0.000145107,0.001516498,0.006399966,0.003190736
7067,0.000145008,0.001522578,0.006383884,0.003190059
7068,0.000144993,0.001519978,0.006366492,0.00316515
7069,0.000144767,0.001524004,0.006348076,0.003163453
7070,0.000144771,0.001529497,0.00633069,0.003163588
7071,0.000144835,0.001529205,0.006312608,0.003163695
7072,0.000145175,0.001532613,0.006293022,0.00316221
7073,0.000145191,0.001531853,0.006274377,0.003160226
7074,0.00014518,0.001534096,0.006255142,0.003171844
7075,0.000145026,0.001533723,0.006235623,0.003172094
7076,0.000145133,0.001533589,0.006215707,0.003146261
7077,0.00014543,0.001526421,0.006196746,0.003159202
7078,0.000145692,0.001524677,0.006175811,0.003165752
7079,0.000145669,0.001518061,0.006154718,0.003159241
7080,0.000145521,0.0015147,0.006134895,0.003158785
7081,0.000145489,0.001522459,0.006112272,0.003156785
7082,0.000145661,0.001522627,0.006090643,0.003159956
7083,0.000145604,0.001516675,0.006069494,0.003159455
7084,0.000145673,0.001523655,0.00604721,0.003145409
7085,0.000145746,0.001521749,0.006024024,0.003164139
7086,0.000145872,0.001523314,0.006001431,0.003150644
7087,0.000145925,0.001524274,0.005977676,0.003145263
7088,0.000145907,0.001526431,0.005954092,0.003149862
7089,0.000145899,0.001521423,0.005929506,0.003138751
7090,0.000145759,0.001518052,0.005905189,0.003129682
7091,0.000145833,0.001514254,0.005880182,0.003128214
7092,0.000145844,0.001518926,0.005854632,0.003127061
7093,0.000145968,0.001510616,0.005829092,0.003125874
7094,0.000145981,0.001511887,0.005802963,0.003123999
7095,0.000145868,0.001510469,0.005776918,0.003121851
7096,0.000145989,0.001512186,0.005750334,0.003103449
7097,0.000146165,0.001513493,0.005722699,0.003097258
7098,0.000146297,0.001513367,0.00569598,0.003098647
7099,0.000146182,0.00150815,0.005668315,0.003092518
7100,0.000146323,0.001505917,0.005642083,0.003091263
7101,0.000146267,0.001501768,0.005614111,0.003084317
7102,0.000146565,0.001496979,0.005585242,0.003080839
7103,0.000146628,0.001499054,0.00555626,0.003066195
7104,0.000146733,0.001495861,0.005527778,0.003064623
7105,0.000146802,0.001495769,0.005498363,0.003064419
7106,0.000146657,0.001484742,0.005468797,0.003064304
7107,0.00014693,0.001485986,0.00543833,0.00306269
7108,0.000147024,0.001488143,0.005407603,0.003063992
7109,0.00014694,0.00148742,0.005377422,0.003056526
7110,0.000146884,0.001487402,0.005344965,0.003058149
7111,0.000146721,0.001479992,0.005314274,0.003037174
7112,0.000146586,0.001469727,0.005281968,0.003042461
7113,0.000146764,0.001463143,0.005277559,0.003040391
7114,0.000146786,0.001466334,0.005272429,0.003031981
7115,0.000146676,0.001462456,0.005266923,0.003031868
7116,0.000146665,0.001464479,0.005261907,0.003032006
7117,0.000146876,0.001460362,0.005257512,0.003031521
7118,0.000146748,0.001457647,0.005253137,0.003033634
7119,0.000146702,0.001454274,0.005249289,0.003033646
7120,0.000146907,0.001450389,0.005250269,0.003032548
7121,0.000146838,0.001441468,0.005250405,0.003041764
7122,0.000146897,0.001442461,0.005252234,0.003041608
7123,0.000146869,0.001441801,0.005252157,0.003040562
7124,0.000146796,0.001441531,0.005253597,0.003039811
7125,0.000146784,0.001437035,0.005253623,0.003059118
7126,0.000146737,0.001436179,0.005257012,0.003058597
7127,0.000146559,0.00143274,0.005261787,0.003061871
7128,0.000146585,0.001430153,0.005265493,0.003062531
7129,0.000146109,0.00142839,0.005269911,0.003038763
7130,0.00014605,0.001426209,0.005274198,0.003015951
7131,0.000146145,0.001417946,0.005277418,0.003012824
7132,0.000146365,0.0014108,0.005282513,0.003000318
7133,0.000146463,0.001411291,0.005288082,0.002996431
7134,0.000146384,0.001409825,0.005294708,0.00297184
7135,0.00014607,0.001407515,0.005301433,0.002972343
7136,0.000145989,0.001402052,0.005307547,0.002970313
7137,0.000145838,0.001405091,0.005312906,0.002951192
7138,0.000145768,0.001413222,0.005319901,0.002943664
7139,0.000145893,0.001416348,0.005327154,0.002942343
7140,0.000146102,0.001420453,0.00533294,0.002941918
7141,0.000145955,0.001411882,0.005341593,0.002946073
7142,0.000146123,0.001405395,0.005348734,0.002948249
7143,0.000145991,0.001401598,0.005357441,0.002974526
7144,0.000146341,0.001391494,0.005365896,0.002978115
7145,0.000146164,0.001385005,0.005374093,0.002978137
7146,0.000146614,0.001374347,0.005382328,0.002923738
7147,0.000146654,0.001365638,0.005392687,0.002919692
7148,0.000146687,0.001368661,0.005404144,0.002918445
7149,0.00014649,0.001368642,0.005414599,0.002916925
7150,0.000146841,0.001368314,0.005427112,0.002915125
7151,0.000146747,0.001360091,0.005437652,0.002913708
7152,0.000146737,0.001357039,0.005449168,0.002911054
7153,0.000146498,0.001353069,0.005461399,0.00290397
7154,0.000146583,0.001354775,0.005476421,0.002901924
7155,0.000146775,0.001356172,0.00549111,0.002906502
7156,0.000146743,0.001355787,0.005503706,0.002903236
7157,0.000146907,0.00135556,0.005516759,0.002904816
7158,0.000147037,0.00134864,0.005531956,0.002893676
7159,0.00014711,0.001342903,0.005546231,0.002891159
7160,0.000147041,0.001333819,0.005559019,0.002901873
7161,0.000146939,0.001333124,0.00557391,0.00290164
7162,0.000146799,0.001333476,0.005589448,0.002899207
7163,0.000146411,0.001325969,0.005605599,0.002913264
7164,0.000146384,0.001325598,0.005621813,0.002902632
7165,0.000146453,0.001320917,0.00563921,0.002896215
7166,0.000146326,0.001315082,0.005656353,0.002891588
7167,0.000146224,0.001307583,0.005673129,0.002886658
7168,0.000146102,0.001306867,0.005690376,0.002884799
7169,0.000146112,0.001310802,0.005707901,0.002878489
7170,0.000146201,0.001309221,0.005726535,0.002858061
7171,0.00014619,0.001310072,0.005745123,0.002841281
7172,0.00014619,0.001314933,0.005762708,0.002851934
7173,0.000146179,0.001316203,0.005781963,0.002854407
7174,0.000146144,0.001315782,0.005800335,0.002856935
7175,0.000146346,0.001313533,0.005819532,0.002857671
7176,0.00014667,0.001312123,0.005840191,0.00286153
7177,0.00014677,0.001314552,0.005859148,0.002864197
7178,0.000147211,0.001314651,0.005878988,0.002867094
7179,0.000147413,0.001316147,0.005899285,0.002850474
7180,0.000147311,0.00131392,0.005919369,0.002844485
7181,0.000147189,0.001312057,0.005941286,0.002842432
7182,0.000147134,0.00130898,0.005962357,0.002846932
7183,0.000147511,0.001309219,0.005984082,0.00284721
7184,0.000147282,0.001307229,0.006005954,0.002847128
7185,0.000147585,0.001306557,0.006028785,0.00284773
7186,0.000147266,0.001311933,0.006051602,0.002856077
7187,0.00014736,0.001317402,0.006075164,0.002880453
7188,0.000147679,0.001319543,0.006097587,0.002884869
7189,0.000147699,0.001323821,0.006120765,0.002886717
7190,0.000147609,0.001322735,0.00614502,0.002861643
7191,0.000147553,0.001325167,0.006169343,0.002896315
7192,0.000147653,0.00131798,0.006193992,0.002897786
7193,0.000147606,0.001314929,0.006218621,0.00289875
7194,0.000147927,0.001310005,0.006242913,0.002860219
7195,0.000147942,0.001309007,0.00626813,0.002845102
7196,0.000148329,0.001307759,0.00629335,0.002825056
7197,0.000148281,0.00130234,0.006319249,0.002780466
7198,0.000148733,0.001300308,0.006344686,0.002779247
7199,0.000148685,0.001301741,0.006370267,0.00275718
7200,0.000149026,0.001302513,0.006396561,0.002764282
7201,0.000149061,0.001300788,0.006423928,0.002760789
7202,0.00014921,0.001303934,0.006451762,0.002753211
7203,0.000149334,0.001301802,0.006478546,0.002754802
7204,0.000149413,0.00130226,0.006506497,0.002759483
7205,0.000149444,0.001303703,0.00653461,0.002712447
7206,0.000149309,0.001297651,0.00656156,0.002717523
7207,0.000149337,0.001294979,0.006589605,0.002718598
7208,0.00014951,0.001291239,0.006618849,0.002719554
7209,0.000149887,0.001287487,0.006648416,0.002719191
7210,0.000149832,0.001289527,0.00667704,0.002719043
7211,0.000149942,0.001281038,0.006680917,0.00267812
7212,0.000149858,0.001276667,0.006683791,0.002681106
7213,0.000149865,0.00126991,0.00668602,0.002680838
7214,0.000149955,0.001267443,0.006688309,0.002691845
7215,0.000149791,0.001266389,0.006690948,0.002689626
7216,0.000149919,0.001264675,0.006692137,0.002691466
7217,0.000149898,0.001262089,0.006693312,0.002706079
7218,0.000149853,0.001258223,0.006693312,0.00270704
7219,0.000149756,0.001250044,0.006693588,0.00270761
7220,0.000149688,0.001246019,0.006693588,0.002707273
7221,0.000149826,0.001245456,0.006693588,0.00270669
7222,0.000149866,0.001245453,0.006694061,0.002707769
7223,0.000149914,0.00124418,0.006694061,0.002674644
7224,0.000149541,0.001245433,0.006694061,0.002626768
7225,0.000149577,0.001240616,0.006694061,0.002626723
7226,0.000149616,0.001240328,0.006694061,0.002626617
7227,0.000149617,0.001238182,0.006694061,0.002622387
7228,0.000149408,0.001238415,0.006694061,0.002621735
7229,0.000149307,0.001241397,0.006694061,0.002608684
7230,0.00014908,0.001241748,0.006694061,0.002609215
7231,0.000148768,0.001241182,0.006694061,0.00259461
7232,0.000148745,0.001242221,0.006694061,0.002603382
7233,0.000148718,0.001241911,0.006694061,0.002592315
7234,0.00014874,0.001242674,0.006694061,0.002594419
7235,0.000148359,0.001239511,0.006694061,0.00257819
7236,0.000148513,0.001239337,0.006694061,0.002570093
7237,0.000148549,0.001237181,0.006694061,0.002566319
7238,0.000148587,0.001235068,0.006694061,0.002522562
7239,0.000148617,0.001233988,0.006694061,0.002520718
7240,0.000148717,0.001228459,0.006694061,0.002520248
7241,0.000148796,0.00122899,0.006694061,0.002496958
7242,0.000149009,0.001229196,0.006694061,0.002507863
7243,0.000148701,0.001231131,0.006694061,0.00250746
7244,0.000148357,0.001231062,0.006694061,0.00250988
7245,0.000148453,0.001228481,0.006694061,0.002507385
7246,0.000148096,0.001233931,0.006694061,0.002484175
7247,0.000147856,0.001229846,0.006694061,0.002479954
7248,0.000147594,0.001231627,0.006694061,0.00248021
7249,0.000147724,0.001232101,0.006694061,0.002472858
7250,0.000147591,0.001236485,0.006694061,0.002514013
7251,0.00014719,0.001236888,0.006694061,0.002514018
7252,0.000147355,0.001240751,0.006694061,0.002497723
7253,0.000147401,0.001240165,0.006694061,0.002499059
7254,0.000147133,0.001245057,0.006694061,0.002499724
7255,0.00014693,0.00124523,0.006694061,0.002490185
7256,0.000146816,0.001247914,0.006694061,0.002502045
7257,0.00014699,0.001251054,0.006694061,0.002510945
7258,0.00014696,0.001256061,0.006694061,0.002510677
7259,0.00014658,0.001259253,0.006694061,0.002517087
7260,0.000146326,0.001265639,0.006694061,0.002511444
7261,0.000146033,0.001267003,0.006694061,0.002511335
7262,0.000145833,0.001266535,0.006694061,0.002535257
7263,0.000145934,0.001265017,0.006694061,0.002533831
7264,0.000145981,0.001263073,0.006694061,0.002545137
7265,0.00014641,0.001264665,0.006694061,0.00254964
7266,0.000146438,0.00126149,0.006694061,0.002550019
7267,0.000146218,0.001260351,0.006694061,0.002552487
7268,0.000146082,0.001261243,0.006694061,0.002557037
7269,0.000146098,0.001261825,0.006694061,0.002562411
7270,0.000146408,0.001259591,0.006694061,0.002559946
7271,0.000146706,0.001257524,0.006694061,0.002555493
7272,0.000146828,0.001257543,0.006694061,0.002537307
7273,0.000146695,0.001255638,0.006694061,0.002586185
7274,0.000146974,0.001254484,0.006694061,0.002584811
7275,0.000146821,0.00125639,0.006694061,0.002586053
7276,0.000146818,0.001256956,0.006694061,0.002582076
7277,0.00014665,0.001256966,0.006694061,0.002580672
7278,0.000146647,0.001254615,0.006694061,0.002567269
7279,0.000146909,0.001257033,0.006689915,0.002567056
7280,0.000147065,0.001256234,0.006686056,0.002587854
7281,0.00014717,0.001259142,0.006681696,0.002586383
7282,0.000147463,0.001258977,0.006677616,0.00258662
7283,0.000147563,0.001254731,0.006671944,0.002680307
7284,0.0001475,0.001254696,0.006666442,0.002676507
7285,0.000147908,0.001256421,0.006660136,0.002679616
7286,0.000147839,0.001258621,0.006653414,0.002682223
7287,0.000147644,0.001258278,0.006646679,0.00267032
7288,0.000147715,0.001259696,0.006640389,0.002683771
7289,0.000148014,0.001258495,0.006633865,0.002683265
7290,0.000148012,0.001258673,0.006626358,0.002704151
7291,0.000147685,0.00125813,0.006619359,0.002704159
7292,0.000147977,0.001255635,0.006611138,0.002723634
7293,0.000148203,0.00125608,0.006602532,0.002710133
7294,0.000148456,0.001255086,0.00659409,0.002697541
7295,0.000148509,0.001256137,0.006585265,0.002697906
7296,0.00014828,0.001254218,0.006576407,0.002697406
7297,0.000148725,0.001255731,0.006566723,0.002697286
7298,0.000148889,0.001255205,0.006557454,0.00270648
7299,0.000149236,0.001259004,0.006547712,0.002714649
7300,0.000148964,0.001261845,0.006536143,0.002717506
7301,0.000149113,0.001263143,0.006526392,0.002714147
7302,0.000149166,0.001262801,0.006515922,0.002715688
7303,0.000149239,0.001262887,0.006504637,0.00271354
7304,0.000149013,0.001261825,0.006493777,0.002769091
7305,0.000148963,0.001261726,0.006482159,0.002819035
7306,0.000149073,0.001262093,0.006470341,0.002818539
7307,0.000149386,0.001259527,0.006458085,0.002819059
7308,0.000149147,0.001258927,0.006445409,0.002865545
7309,0.000149518,0.001258939,0.006431625,0.002860057
7310,0.000149529,0.001258534,0.0064183,0.002860772
7311,0.000149,0.001258878,0.006404743,0.002859894
7312,0.000149127,0.001259254,0.006390746,0.002859402
7313,0.00014913,0.001258922,0.006376984,0.002852752
7314,0.000149371,0.001258236,0.006361936,0.002854356
7315,0.000149163,0.001257167,0.006348224,0.002851962
7316,0.000149204,0.001257077,0.006333912,0.002842721
7317,0.000149433,0.001257001,0.006318811,0.002840423
7318,0.000149686,0.001257276,0.006303861,0.002806727
7319,0.000149817,0.001257196,0.006289031,0.002803973
7320,0.000149701,0.001257955,0.006273864,0.002803212
7321,0.00014994,0.001257872,0.006258164,0.00285462
7322,0.000149811,0.001262229,0.00624289,0.002857719
7323,0.000149768,0.001266505,0.00623088,0.002860314
7324,0.000149562,0.001266668,0.006219339,0.002861909
7325,0.000149534,0.001269931,0.006206984,0.00286262
7326,0.000149494,0.001272382,0.006194564,0.002864347
7327,0.000149534,0.001271626,0.006181463,0.002854871
7328,0.00014945,0.001271857,0.006168376,0.002906732
7329,0.000149315,0.001270196,0.006156786,0.002952611
7330,0.000149218,0.001270723,0.006144848,0.002959166
7331,0.000149198,0.001271469,0.006132554,0.002967445
7332,0.000149187,0.00127238,0.00611983,0.003003736
7333,0.000149209,0.001272833,0.006105737,0.003002834
7334,0.000149228,0.001269602,0.006092,0.003074569
7335,0.000149305,0.001270598,0.006077201,0.003095661
7336,0.000149186,0.001269874,0.006065608,0.003156392
7337,0.000149315,0.001270179,0.006052743,0.003195036
7338,0.000149132,0.001269981,0.006042976,0.003303114
7339,0.000149229,0.001271467,0.006029889,0.003312931
7340,0.000149117,0.001272009,0.006016808,0.003312819
7341,0.000149064,0.0012747,0.006003234,0.003317964
7342,0.000149148,0.001276187,0.005989553,0.003429875
7343,0.000149014,0.001275331,0.005976517,0.003427238
7344,0.000148654,0.001274576,0.0059653,0.003463154
7345,0.000148531,0.00127453,0.005952483,0.0034282
7346,0.000148243,0.001274875,0.005941356,0.003424043
7347,0.000148281,0.00127445,0.005929696,0.003423542
7348,0.000148076,0.001273532,0.00591738,0.003425139
7349,0.000148116,0.00127387,0.005905771,0.003435059
7350,0.000148219,0.001272842,0.005893467,0.003433222
7351,0.000148144,0.001273208,0.005881566,0.003435285
7352,0.000148078,0.001275509,0.005869651,0.003430418
7353,0.000148206,0.001272787,0.005858428,0.003503157
7354,0.000148316,0.001273296,0.005846956,0.003496327
7355,0.000148112,0.001273128,0.005835709,0.003496141
7356,0.000148069,0.001271659,0.005823824,0.00349668
7357,0.000148041,0.001269546,0.00581284,0.003494914
7358,0.000147623,0.001263745,0.005800539,0.003492464
7359,0.000147366,0.00126244,0.005789644,0.003490408
7360,0.000147445,0.001261993,0.005777156,0.003470072
7361,0.000147418,0.001261559,0.005765303,0.003477978
7362,0.000147346,0.001262433,0.005754119,0.0034799
7363,0.000147179,0.001261885,0.005742875,0.003486223
7364,0.000146763,0.001263046,0.00573081,0.00354075
7365,0.000146741,0.001264373,0.00571789,0.003539343
7366,0.000146619,0.001265855,0.00570578,0.003581229
7367,0.00014672,0.00126551,0.005691268,0.003581469
7368,0.000146285,0.001265312,0.005679645,0.00357125
7369,0.000146261,0.001263914,0.005667531,0.003564883
7370,0.000146076,0.001257425,0.005656589,0.00356199
7371,0.000146208,0.001260112,0.005645973,0.003559294
7372,0.000146203,0.001261398,0.00563486,0.003541358
7373,0.000146118,0.001259739,0.005623061,0.003540931
7374,0.000146042,0.001261061,0.005612343,0.003542088
7375,0.000145923,0.00126423,0.005600044,0.003572331
7376,0.000145807,0.001265851,0.005588862,0.00357476
7377,0.000145593,0.001262982,0.005578375,0.003568306
7378,0.000145164,0.00126197,0.00556674,0.003566106
7379,0.000145168,0.001261615,0.005555046,0.003564138
7380,0.000144951,0.001261743,0.00554378,0.003556669
7381,0.000144864,0.00126062,0.005531146,0.0035542
7382,0.000144741,0.001262444,0.005518783,0.003552688
7383,0.000144558,0.001261959,0.005507659,0.003557389
7384,0.000144447,0.001262024,0.005496443,0.003563132
7385,0.000144175,0.001262092,0.005484989,0.003522259
7386,0.000143901,0.001265252,0.005472774,0.003564435
7387,0.000143566,0.001267936,0.005460219,0.003554861
7388,0.000143327,0.001270661,0.005447689,0.003578273
7389,0.000143286,0.001274935,0.005435557,0.003583024
7390,0.000143226,0.001274585,0.0054252,0.003586867
7391,0.000143163,0.001281832,0.005414191,0.003594234
7392,0.000143127,0.001282183,0.005402334,0.003620545
7393,0.000143089,0.001282056,0.005391005,0.003657793
7394,0.000142608,0.001284325,0.005378241,0.003659888
7395,0.00014245,0.001280687,0.005365982,0.003740312
7396,0.000142476,0.001273814,0.005354607,0.003741696
7397,0.000142341,0.001271984,0.005342404,0.003745722
7398,0.000141884,0.001270858,0.005331657,0.003749895
7399,0.00014186,0.001273204,0.005317566,0.003736382
7400,0.000141726,0.001271816,0.005305504,0.003745936
7401,0.000141403,0.001275394,0.005293165,0.003740702
7402,0.000141366,0.001273014,0.005282796,0.003737365
7403,0.000141284,0.001272894,0.005271033,0.003738154
7404,0.000141281,0.001276068,0.00525866,0.003733842
7405,0.00014097,0.001267773,0.005247293,0.00373376
7406,0.000140598,0.001269454,0.00523516,0.00373444
7407,0.000140638,0.00127177,0.005221411,0.003737966
7408,0.00014046,0.001275598,0.005209538,0.003729993
7409,0.00014027,0.001275662,0.005198992,0.003716641
7410,0.000140269,0.00127646,0.005187248,0.003725082
7411,0.000140041,0.001279407,0.005175229,0.00372289
7412,0.000139864,0.001282988,0.005162127,0.00378492
7413,0.000139619,0.001286161,0.005150139,0.003788686
7414,0.00013922,0.001283984,0.005139081,0.003810763
7415,0.000138836,0.001285205,0.005128406,0.003818585
7416,0.000138315,0.001285287,0.005117131,0.003843282
7417,0.00013845,0.001284887,0.005105023,0.00384222
7418,0.00013836,0.001290736,0.00509371,0.003841139
7419,0.000138328,0.001295839,0.00508191,0.003841849
7420,0.000138412,0.001294965,0.005070854,0.003842529
7421,0.000138217,0.001290965,0.005058821,0.003842618
7422,0.000138113,0.001291365,0.005047714,0.003874249
7423,0.00013801,0.001296314,0.005037501,0.003872402
7424,0.000137774,0.001298914,0.005025788,0.003871475
7425,0.000137585,0.001296862,0.005013205,0.003813952
7426,0.000137589,0.001294814,0.005001324,0.003819344
7427,0.000137429,0.001302622,0.004988877,0.003783028
7428,0.000137257,0.001305899,0.004977731,0.003789601
7429,0.000137449,0.001308596,0.004964431,0.003790333
7430,0.000137384,0.001304037,0.004952073,0.003814274
7431,0.000136864,0.001307826,0.004939919,0.003814077
7432,0.000136769,0.001307145,0.004929571,0.0038353
7433,0.000136577,0.00130329,0.004918961,0.003823635
7434,0.000136522,0.001306332,0.004906571,0.003821768
7435,0.000136279,0.00130642,0.004895278,0.003814206
7436,0.000136065,0.001308947,0.004884955,0.003815284
7437,0.000135938,0.001314867,0.004873645,0.003823781
7438,0.000135774,0.00131777,0.004863481,0.003827626
7439,0.000135841,0.001316224,0.004852637,0.003873236
7440,0.000135444,0.001315193,0.004839556,0.003871224
7441,0.000135115,0.001316007,0.004828925,0.003883832
7442,0.000135105,0.001313021,0.004818941,0.00388762
7443,0.000134981,0.001315352,0.004806683,0.003864611
7444,0.000135099,0.001315321,0.004794244,0.003859978
7445,0.000134997,0.001318201,0.004782999,0.003865054
7446,0.000134955,0.001313977,0.004771589,0.003842582
7447,0.000134927,0.001315064,0.004759594,0.003843791
7448,0.00013493,0.001315061,0.004748118,0.00384293
7449,0.000134975,0.001310868,0.004736079,0.003839378
7450,0.000134852,0.001312847,0.004722398,0.003841528
7451,0.000134983,0.001308879,0.004711982,0.003831478
7452,0.000134653,0.001309206,0.004701067,0.003830186
7453,0.000134613,0.001308008,0.004689876,0.003833009
7454,0.000134632,0.00130441,0.004677493,0.003838871
7455,0.000134819,0.001303223,0.004666411,0.003822161
7456,0.000134903,0.001298333,0.004654332,0.003823636
7457,0.000134756,0.001300151,0.004643377,0.003820277
7458,0.000134669,0.001301821,0.004679597,0.00383154
7459,0.000134926,0.00130053,0.004716398,0.003830338
7460,0.00013486,0.001303296,0.00475599,0.003828369
7461,0.000134772,0.001308372,0.00479365,0.003810493
7462,0.000134757,0.001308377,0.004832344,0.003818434
7463,0.000134966,0.001308179,0.004870112,0.003852676
7464,0.00013485,0.001309391,0.004871918,0.003919946
7465,0.000134619,0.00131391,0.004870375,0.003925249
7466,0.000134565,0.001314833,0.004867165,0.003914067
7467,0.000134676,0.001314081,0.0048645,0.003944037
7468,0.000134822,0.001314776,0.004860415,0.003944209
7469,0.000134921,0.001311516,0.004856862,0.00395076
7470,0.000134848,0.001311537,0.004853079,0.003958077
7471,0.000134633,0.001317553,0.004849519,0.003956672
7472,0.000134498,0.001310973,0.004846568,0.00395801
7473,0.000134355,0.001310563,0.004844593,0.003958424
7474,0.000134242,0.00131188,0.00484307,0.003950256
7475,0.000133857,0.001311387,0.004840498,0.003938874
7476,0.000134003,0.001310433,0.004838168,0.003926358
7477,0.000133955,0.001316068,0.004836581,0.003922061
7478,0.00013413,0.001312672,0.004834448,0.003913005
7479,0.000133995,0.001305498,0.004832776,0.003906108
7480,0.000133782,0.001303978,0.004830626,0.003902518
7481,0.000133828,0.001301848,0.004830964,0.003901121
7482,0.000133708,0.001301578,0.004834179,0.003900131
7483,0.000133833,0.001302143,0.004836811,0.003899524
7484,0.000133847,0.00129503,0.004839176,0.003904968
7485,0.000133936,0.001293263,0.004842303,0.003919727
7486,0.000133944,0.001284853,0.004846469,0.003894417
7487,0.000133998,0.001283879,0.004852194,0.003898635
7488,0.000133827,0.001281707,0.00485723,0.003903338
7489,0.000133591,0.001280777,0.004864141,0.003907915
7490,0.00013352,0.001279908,0.004869695,0.003907932
7491,0.000133604,0.001275999,0.004876172,0.003908529
7492,0.000133569,0.001276442,0.004883564,0.003907741
7493,0.000133392,0.001276578,0.004891987,0.003912047
7494,0.000133259,0.001276209,0.004900388,0.003916961
7495,0.000133015,0.001271939,0.004910217,0.003970015
7496,0.000132857,0.001273096,0.004916924,0.004007356
7497,0.000132617,0.001266425,0.004926527,0.004041591
7498,0.000132519,0.001264225,0.004935809,0.004069275
7499,0.000132497,0.001263587,0.004946342,0.00406779
7500,0.00013232,0.001260281,0.004957581,0.004068049
7501,0.000132211,0.001256578,0.004967886,0.004091886
7502,0.000132065,0.001255548,0.004980758,0.004116256
7503,0.000131991,0.001252144,0.004993192,0.004117317
7504,0.0001317,0.001250634,0.005005523,0.004136434
7505,0.000131577,0.001250558,0.005018014,0.004140743
7506,0.000131587,0.001246581,0.005031042,0.004141516
7507,0.000131553,0.001240833,0.005043373,0.004140858
7508,0.000131541,0.001241138,0.005056764,0.004122411
7509,0.000131505,0.001239498,0.00507049,0.004135584
7510,0.000131651,0.001229193,0.005084452,0.004141614
7511,0.000131365,0.001226136,0.005099652,0.004148154
7512,0.000131493,0.001223577,0.005114482,0.004155063
7513,0.000131465,0.001215197,0.005130198,0.004155064
7514,0.000131342,0.001213079,0.005146667,0.004152911
7515,0.000131242,0.001207852,0.005163313,0.004149358
7516,0.000131369,0.001203368,0.005180719,0.004141617
7517,0.000131125,0.001205944,0.005197508,0.004142793
7518,0.000130918,0.001206607,0.005215071,0.004205795
7519,0.000130448,0.001207315,0.005232277,0.004174715
7520,0.000130411,0.001210241,0.005249619,0.004180218
7521,0.000130497,0.001208742,0.005268171,0.004190803
7522,0.000130484,0.00120666,0.005287089,0.004218562
7523,0.000130375,0.001202344,0.005306033,0.004218654
7524,0.00013017,0.001199006,0.005325916,0.004189032
7525,0.000130048,0.001198113,0.00534535,0.004186361
7526,0.000129798,0.001198741,0.00536468,0.004185643
7527,0.000129384,0.001194573,0.00538447,0.004185768
7528,0.000129356,0.001195301,0.005405399,0.004187053
7529,0.000129339,0.001199744,0.005427049,0.00418295
7530,0.000129081,0.001199021,0.00544949,0.004183096
7531,0.000129022,0.001201543,0.005471831,0.004208416
7532,0.00012891,0.00120333,0.005493888,0.004206195
7533,0.000128707,0.001198314,0.005516157,0.004234817
7534,0.000128438,0.001196642,0.005538074,0.004234286
7535,0.000127997,0.001195141,0.005561459,0.004205174
7536,0.000127881,0.001190919,0.005586356,0.004189139
7537,0.000127834,0.001191798,0.005610501,0.004186116
7538,0.000127803,0.001188347,0.005635575,0.004186885
7539,0.000127338,0.001188638,0.005660919,0.004184486
7540,0.000127076,0.001184816,0.005686778,0.004181967
7541,0.000127043,0.001177224,0.005713232,0.004180243
7542,0.000126808,0.001175131,0.005740182,0.004180175
7543,0.000126399,0.001173965,0.005766656,0.00418049
7544,0.0001266,0.001177093,0.005792196,0.004178166
7545,0.00012618,0.001176742,0.005820088,0.004160719
7546,0.000125787,0.001176399,0.005847855,0.004156418
7547,0.000125611,0.00116814,0.005875969,0.004139708
7548,0.000125594,0.00116241,0.005904483,0.004139453
7549,0.000125535,0.001162809,0.005932895,0.004135509
7550,0.000125431,0.001156464,0.005961038,0.004128688
7551,0.000125453,0.001152231,0.005990132,0.004126722
7552,0.000125414,0.001151607,0.006020762,0.004098141
7553,0.000125098,0.001150805,0.006050957,0.004090225
7554,0.000124942,0.001151173,0.006081625,0.004085325
7555,0.000124675,0.001151474,0.00611248,0.004085708
7556,0.000124641,0.00114616,0.006144426,0.004075733
7557,0.000124384,0.001143096,0.006175547,0.004074978
7558,0.000124232,0.001141794,0.006207788,0.004058225
7559,0.000124243,0.001137222,0.006239922,0.004054818
7560,0.000124254,0.001128822,0.006273339,0.004050087
7561,0.000124116,0.001127752,0.006305868,0.004050096
7562,0.000124071,0.001130506,0.006340579,0.004048343
7563,0.00012406,0.001120926,0.006374846,0.004047824
7564,0.000123844,0.001120445,0.006409974,0.00405633
7565,0.000123868,0.001114091,0.006445019,0.004081295
7566,0.000123521,0.001113603,0.006479162,0.004081586
7567,0.000123689,0.001107742,0.006514739,0.004081136
7568,0.000123833,0.001109253,0.006550872,0.004080033
7569,0.000123875,0.001105276,0.006587486,0.004079639
7570,0.000123721,0.00110083,0.006623973,0.004078996
7571,0.000123773,0.001101524,0.006661661,0.004079619
7572,0.000123581,0.001099874,0.006698456,0.004079652
7573,0.000123507,0.001099522,0.00673594,0.004079769
7574,0.000123454,0.001096968,0.006774442,0.004070782
7575,0.000123446,0.001094814,0.006812363,0.004070323
7576,0.000123212,0.00109436,0.006850136,0.004070191
7577,0.000122971,0.001094967,0.006890603,0.00405912
7578,0.000122607,0.001096667,0.006930409,0.004056815
7579,0.000122807,0.001093154,0.006969242,0.004052259
7580,0.000122879,0.001092191,0.007009785,0.004054392
7581,0.000122865,0.001084317,0.007050286,0.004054586
7582,0.000122748,0.001078851,0.007090984,0.00404863
7583,0.000122797,0.001078497,0.007131992,0.00404786
7584,0.00012284,0.001070482,0.007173696,0.004055402
7585,0.00012285,0.001067716,0.007216249,0.004042556
7586,0.000122863,0.00106575,0.007219673,0.004042392
7587,0.000122825,0.001061458,0.007223027,0.004085335
7588,0.000122991,0.001054161,0.007226282,0.004078543
7589,0.000122747,0.001053391,0.007229178,0.004079031
7590,0.000122777,0.001051792,0.007230777,0.004079477
7591,0.000122557,0.001052163,0.007231902,0.004083458
7592,0.000122595,0.001046735,0.007233048,0.004082103
7593,0.000122521,0.00104637,0.007233407,0.004082734
7594,0.000122212,0.001042803,0.007233407,0.004088506
7595,0.000122229,0.00104228,0.007233894,0.004090118
7596,0.00012201,0.001039149,0.007234497,0.004097026
7597,0.000122028,0.0010379,0.007234497,0.004105523
7598,0.00012183,0.001037356,0.007234497,0.004103111
7599,0.00012184,0.001037607,0.007234497,0.004103221
7600,0.000121695,0.001037577,0.007234497,0.004104433
7601,0.000121802,0.001034897,0.007238067,0.004107359
7602,0.000121433,0.00103349,0.007241662,0.00411655
7603,0.000121363,0.00102966,0.007248316,0.004120072
7604,0.000121277,0.001029679,0.007255674,0.004124505
7605,0.000121039,0.001030547,0.007263737,0.004129406
7606,0.000121118,0.001029075,0.007273617,0.004131192
7607,0.000120848,0.001026813,0.007283391,0.00414874
7608,0.000120888,0.001024907,0.007294976,0.00415118
7609,0.000121058,0.001021388,0.007307258,0.004150883
7610,0.000120974,0.001022242,0.007320755,0.004187581
7611,0.000120949,0.001022666,0.007336982,0.004189515
7612,0.000120861,0.001023971,0.007353113,0.004183817
7613,0.000120714,0.001022759,0.007368918,0.004184055
7614,0.000120698,0.001017741,0.00738649,0.004185978
7615,0.00012051,0.001021925,0.007406001,0.004186334
7616,0.000120335,0.001017286,0.007425039,0.004186856
7617,0.000120194,0.001017721,0.007445477,0.004187374
7618,0.000120139,0.00101405,0.007467076,0.004185502
7619,0.000119818,0.001012262,0.007490197,0.004184834
7620,0.000119505,0.001012887,0.007510565,0.004186178
7621,0.000119452,0.001009662,0.007531836,0.004177507
7622,0.000119425,0.001008542,0.007553107,0.004184857
7623,0.000119322,0.001010059,0.007577185,0.004186711
7624,0.000119238,0.001008334,0.00760082,0.004187233
7625,0.000119245,0.001011152,0.007625948,0.00416658
7626,0.000119286,0.001013911,0.007650833,0.004165316
7627,0.000119333,0.001013643,0.007675732,0.004162422
7628,0.000119453,0.001013716,0.007672977,0.004159128
7629,0.000119269,0.001014774,0.007668862,0.004155783
7630,0.000118916,0.001010255,0.007665705,0.00414853
7631,0.000118749,0.001010937,0.007661769,0.00416779
7632,0.000118444,0.001008817,0.007657408,0.004185272
7633,0.000118381,0.001007426,0.007652072,0.004181938
7634,0.000118319,0.001007762,0.007645111,0.004183579
7635,0.000118638,0.001008453,0.00763769,0.004182394
7636,0.000118682,0.001007873,0.007629967,0.004182751
7637,0.000118524,0.001005433,0.007622689,0.004176803
7638,0.000118516,0.000996665,0.007612652,0.004173501
7639,0.000118358,0.000990941,0.007603292,0.00418172
7640,0.000117912,0.000987398,0.007594417,0.004185409
7641,0.000117939,0.000983539,0.007585005,0.004181848
7642,0.000117627,0.000980037,0.007575289,0.004179144
7643,0.000117599,0.000977183,0.007564978,0.004191807
7644,0.000117466,0.000974278,0.007554135,0.004223912
7645,0.000117684,0.000973875,0.007543517,0.004233212
7646,0.000117205,0.000972229,0.007533388,0.004238334
7647,0.000117016,0.000972574,0.007522146,0.004241872
7648,0.000116903,0.000970294,0.007509171,0.004243782
7649,0.000116963,0.000969394,0.007496889,0.00424575
7650,0.000116645,0.000970373,0.007483666,0.004264394
7651,0.000116349,0.000972389,0.007471657,0.004266629
7652,0.00011632,0.00096968,0.007458557,0.004267783
7653,0.000116494,0.000969683,0.007445356,0.004269947
7654,0.000116116,0.000968996,0.007430241,0.004272174
7655,0.000115855,0.000967866,0.007415308,0.004263607
7656,0.000115906,0.000965901,0.007402252,0.004264351
7657,0.000115648,0.000965097,0.007388122,0.004262848
7658,0.00011562,0.0009644,0.007372626,0.004257532
7659,0.000115864,0.00096527,0.007358351,0.004258252
7660,0.000115661,0.000964097,0.007344562,0.004246634
7661,0.000115948,0.000963768,0.007329104,0.004246854
7662,0.000115692,0.00096468,0.007312823,0.004249287
7663,0.000115734,0.000966125,0.007296672,0.004241844
7664,0.000115549,0.000967568,0.007280458,0.004244765
7665,0.000115447,0.000967158,0.007262944,0.004249495
7666,0.000115538,0.000968235,0.007245801,0.004251797
7667,0.000115449,0.000967773,0.007229025,0.004252717
7668,0.000115541,0.000966223,0.007211778,0.004260843
7669,0.000115649,0.000962432,0.007194254,0.004259288
7670,0.000115291,0.000963539,0.00717562,0.004258636
7671,0.00011518,0.000960157,0.007157032,0.004256547
7672,0.000115004,0.00095495,0.007139446,0.004244601
7673,0.000114856,0.000952231,0.007120192,0.004248977
7674,0.00011473,0.000949977,0.007101819,0.004249145
7675,0.000114857,0.000949164,0.007082622,0.004256802
7676,0.000114531,0.000947016,0.007061964,0.004255741
7677,0.00011419,0.000943969,0.007043007,0.004258285
7678,0.000114044,0.000943507,0.007023166,0.004265301
7679,0.00011404,0.000942042,0.00700287,0.004272085
7680,0.000113937,0.000943995,0.006982785,0.00427099
7681,0.000113802,0.000941472,0.006960868,0.004269193
7682,0.000113829,0.000941876,0.006939798,0.004264326
7683,0.000113381,0.000942084,0.006918073,0.00426402
7684,0.000113546,0.000941633,0.006896201,0.004263203
7685,0.000113336,0.000941808,0.006873369,0.004261446
7686,0.000113791,0.000935605,0.006850553,0.004247625
7687,0.000113852,0.000927921,0.00682699,0.004222841
7688,0.000113673,0.000923389,0.006804567,0.004217587
7689,0.000113621,0.000919017,0.006781389,0.004215121
7690,0.000113493,0.000915284,0.006757134,0.004211754
7691,0.000113371,0.000912513,0.006732812,0.004194391
7692,0.000113353,0.000909632,0.006708163,0.004198958
7693,0.000113599,0.000910553,0.006683533,0.004201063
7694,0.000113465,0.000915091,0.006659241,0.004208067
7695,0.000113379,0.000914933,0.006634025,0.004257876
7696,0.000113027,0.00091189,0.006608804,0.004258751
7697,0.000112887,0.000913584,0.006582906,0.004260563
7698,0.000112446,0.000914301,0.006557469,0.004262369
7699,0.00011243,0.000911016,0.006531887,0.004266635
7700,0.000112258,0.000908127,0.006505594,0.004258268
7701,0.000112213,0.000907802,0.006478227,0.004257852
7702,0.000111947,0.000905758,0.006450392,0.004258762
7703,0.000111826,0.000905683,0.006423608,0.004255239
7704,0.000111581,0.000905253,0.006395658,0.004248529
7705,0.000111505,0.000903473,0.006367544,0.004248148
7706,0.000111523,0.000901225,0.006340594,0.004242926
7707,0.0001115,0.000902056,0.00631255,0.004242045
7708,0.000111298,0.000902729,0.006283305,0.004248463
7709,0.000111116,0.000901277,0.006253738,0.004248971
7710,0.000111117,0.000898862,0.006225114,0.004249615
7711,0.000111032,0.000896887,0.006221238,0.004244903
7712,0.000111129,0.000894023,0.006218364,0.004242154
7713,0.000111191,0.000892293,0.006216134,0.00424221
7714,0.000111095,0.000891184,0.006213846,0.004232228
7715,0.000111142,0.00089151,0.006211206,0.004236712
7716,0.000110988,0.000890277,0.006210017,0.004234524
7717,0.000110886,0.000891003,0.006208842,0.004217284
7718,0.000110906,0.000892905,0.006208842,0.004216154
7719,0.000110851,0.000895592,0.006208566,0.00421466
7720,0.000110687,0.000895531,0.006208566,0.004216178
7721,0.000110675,0.000895285,0.006208566,0.004215736
7722,0.000110743,0.000895415,0.006208094,0.004214524
7723,0.000110426,0.000896813,0.006208094,0.004188752
7724,0.000110522,0.000896849,0.006208094,0.004189416
7725,0.000110494,0.000897015,0.006208094,0.004188794
7726,0.000110288,0.000897562,0.006208094,0.004193817
7727,0.000110279,0.000897483,0.006208094,0.004198072
7728,0.000110075,0.000897314,0.006208094,0.004199294
7729,0.000109828,0.000895296,0.006208094,0.004212588
7730,0.000109871,0.00089741,0.006208094,0.004210097
7731,0.000109951,0.000895351,0.006208094,0.004208419
7732,0.00010998,0.000894019,0.006208094,0.004197196
7733,0.00010994,0.000894403,0.006208094,0.004194166
7734,0.000109917,0.000892001,0.006208094,0.004192367
7735,0.000109585,0.000893306,0.006208094,0.00419757
7736,0.000109547,0.000893541,0.006208094,0.004191688
7737,0.000109371,0.000894546,0.006208094,0.00419448
7738,0.000109266,0.000892933,0.006208094,0.004201931
7739,0.000109097,0.000893182,0.006208094,0.004201316
7740,0.000109074,0.000892895,0.006208094,0.004202381
7741,0.000109143,0.000890013,0.006208094,0.004202444
7742,0.000108935,0.000890136,0.006208094,0.004190353
7743,0.000109105,0.000890556,0.006208094,0.004196015
7744,0.000109189,0.000895191,0.006208094,0.004195836
7745,0.00010905,0.000896204,0.006208094,0.004195384
7746,0.000109289,0.000891583,0.006208094,0.004195625
7747,0.000109485,0.000894185,0.006208094,0.004195028
7748,0.000109456,0.000897153,0.006208094,0.004191028
7749,0.000109271,0.000899621,0.006208094,0.00422454
7750,0.000109286,0.000894363,0.006208094,0.004193183
7751,0.000109346,0.000896263,0.006208094,0.0041934
7752,0.000109315,0.000895859,0.006208094,0.004177281
7753,0.000109158,0.000895691,0.006208094,0.004175507
7754,0.000109254,0.000890221,0.006208094,0.004175163
7755,0.000109335,0.000890611,0.006208094,0.004183618
7756,0.000109357,0.000887764,0.006208094,0.004196543
7757,0.000109073,0.000884642,0.006208094,0.004190743
7758,0.000109178,0.000882657,0.006208094,0.004190989
7759,0.000109365,0.000882738,0.006208094,0.004180636
7760,0.000109374,0.000879604,0.006208094,0.004179224
7761,0.000109354,0.000881142,0.006208094,0.004196698
7762,0.000109318,0.000882736,0.006208094,0.004173092
7763,0.000109234,0.000882316,0.006208094,0.004193078
7764,0.000109223,0.00088487,0.006208094,0.004181893
7765,0.000108871,0.000887732,0.006208094,0.004176355
7766,0.000108914,0.000888202,0.006208094,0.004186044
7767,0.000109106,0.000885865,0.006208094,0.004181775
7768,0.000109261,0.000887174,0.006208094,0.004185518
7769,0.000109474,0.000888033,0.006208094,0.004167375
7770,0.000108891,0.000889128,0.006208094,0.004169419
7771,0.000108691,0.000890867,0.006208094,0.004173182
7772,0.000108405,0.000890416,0.006208094,0.004171577
7773,0.000108214,0.000894006,0.006208094,0.004121867
7774,0.000108002,0.000896755,0.006208094,0.004123724
7775,0.000108057,0.000899358,0.006208094,0.004122429
7776,0.000108046,0.000909706,0.006208094,0.00412299
7777,0.000107928,0.000914009,0.006208094,0.004132673
7778,0.000108167,0.00091776,0.006208094,0.004131962
7779,0.000108064,0.000919288,0.006208094,0.004132705
7780,0.000107972,0.000928026,0.006208094,0.004117671
7781,0.000107958,0.000927981,0.006208094,0.004128182
7782,0.000107863,0.000930077,0.006211008,0.004134969
7783,0.000107954,0.000932564,0.006216247,0.004046736
7784,0.00010796,0.00093475,0.00622198,0.00404225
7785,0.000107701,0.000940421,0.006227874,0.004049707
7786,0.000107705,0.000940295,0.006234073,0.004046791
7787,0.000107521,0.00094559,0.006241692,0.00404797
7788,0.000107163,0.000944764,0.00624951,0.004029563
7789,0.000106934,0.000945677,0.006258498,0.004030114
7790,0.000107029,0.000952625,0.006267508,0.004062353
7791,0.000107081,0.00095629,0.006277383,0.004128378
7792,0.00010671,0.000960501,0.006288125,0.00410982
7793,0.000106637,0.000963676,0.006300268,0.004110056
7794,0.000106412,0.000970037,0.006312247,0.004110821
7795,0.000106299,0.00097799,0.006324641,0.004111851
7796,0.000106393,0.000981735,0.006339184,0.00411287
7797,0.000105966,0.00098401,0.006353167,0.004113426
7798,0.000106079,0.000994768,0.006369484,0.004105017
7799,0.000105795,0.000996366,0.006385329,0.00409789
7800,0.000105893,0.000996928,0.006401622,0.004095717
7801,0.000105738,0.001002889,0.006418556,0.004092118
7802,0.000105857,0.001006736,0.006436969,0.00409188
7803,0.000105868,0.001009145,0.006455893,0.004091969
7804,0.000106026,0.001014605,0.006475152,0.004029053
7805,0.000106303,0.001018455,0.006496265,0.004032452
7806,0.000106271,0.001019734,0.006517592,0.004031915
7807,0.000105833,0.001025111,0.006539687,0.004031335
7808,0.00010602,0.001025571,0.006562885,0.003977965
7809,0.000105631,0.001028612,0.006587109,0.003968712
7810,0.000105674,0.001030032,0.006611996,0.00396052
7811,0.000105911,0.001035979,0.006636916,0.003965136
7812,0.000105882,0.001039734,0.006662704,0.003964959
7813,0.000105736,0.001043054,0.00669016,0.003965465
7814,0.000105539,0.001044483,0.006716421,0.003980091
7815,0.000105499,0.00104534,0.006745048,0.003980856
7816,0.000105601,0.001045059,0.006774373,0.003980498
7817,0.000105661,0.001046401,0.006803397,0.003983303
7818,0.000105563,0.001046195,0.006832524,0.003984153
7819,0.000105445,0.001047335,0.006863659,0.003983188
7820,0.000105491,0.001051214,0.006895119,0.00398115
7821,0.000105263,0.00105157,0.006927897,0.003930649
7822,0.000105266,0.001048455,0.006959745,0.003930673
7823,0.000105379,0.001046754,0.006990463,0.003929422
7824,0.000105465,0.001048855,0.007021376,0.003929339
7825,0.00010531,0.001048623,0.007052206,0.003928757
7826,0.000105266,0.001049923,0.007082505,0.003940742
7827,0.000105112,0.001054727,0.007116656,0.003948933
7828,0.000105239,0.00105883,0.00714984,0.003898634
7829,0.000105251,0.001059257,0.007183024,0.003874175
7830,0.00010521,0.001059044,0.007216558,0.003870306
7831,0.000105162,0.001059828,0.00724906,0.003863333
7832,0.000105104,0.001058657,0.00728375,0.003828176
7833,0.000105041,0.001062017,0.007320188,0.003828831
7834,0.000104921,0.001063408,0.007355473,0.003756114
7835,0.000104774,0.001067427,0.007393753,0.00374147
7836,0.000104747,0.001069179,0.007428913,0.003683834
7837,0.000104779,0.001068747,0.007464365,0.003646325
7838,0.00010496,0.001070112,0.007500896,0.003538663
7839,0.000104822,0.001068631,0.007539796,0.003529138
7840,0.00010487,0.001069696,0.007577422,0.003531753
7841,0.000104857,0.001074833,0.007618452,0.003539432
7842,0.00010491,0.00107726,0.00761523,0.003419969
7843,0.000104959,0.001082253,0.007608778,0.003464412
7844,0.000105136,0.001084118,0.007600696,0.003412236
7845,0.000105154,0.00108425,0.007594118,0.003411411
7846,0.000105245,0.001085629,0.007584481,0.003413627
7847,0.000105301,0.001089049,0.007574388,0.003420134
7848,0.00010523,0.001089193,0.00756508,0.003430696
7849,0.000104975,0.001089925,0.007555274,0.003425244
7850,0.000104882,0.001089224,0.007543203,0.003441273
7851,0.00010508,0.001089284,0.007531998,0.003441623
7852,0.000105131,0.001086095,0.007520334,0.00343891
7853,0.000104955,0.001086217,0.007507098,0.003376266
7854,0.000104686,0.001083425,0.007494022,0.003385221
7855,0.000104698,0.00108389,0.00748127,0.003405631
7856,0.000104709,0.001084049,0.007468346,0.003441025
7857,0.000104582,0.001091564,0.007454065,0.003443415
7858,0.000104555,0.001097267,0.007439904,0.003443937
7859,0.000104531,0.001098953,0.007425354,0.003451948
7860,0.000104272,0.00110365,0.00741223,0.00345136
7861,0.00010415,0.001106952,0.007397454,0.00344411
7862,0.000103934,0.00111113,0.007382224,0.003442755
7863,0.000104069,0.001121085,0.007367041,0.003438146
7864,0.000104022,0.00112129,0.007354529,0.003385942
7865,0.00010393,0.001118919,0.007343672,0.003381264
7866,0.000103876,0.001120595,0.007331125,0.003333321
7867,0.000103777,0.00111913,0.007320801,0.003337013
7868,0.000103919,0.001125788,0.007307151,0.003337318
7869,0.000103819,0.001137509,0.007294067,0.003338508
7870,0.000103731,0.001138713,0.007280745,0.003350969
7871,0.000103491,0.001137943,0.007267554,0.003358745
7872,0.00010354,0.001132566,0.007254272,0.003359276
7873,0.000103499,0.001138215,0.007241059,0.003359528
7874,0.000103555,0.00113947,0.007227111,0.003359307
7875,0.000103549,0.001137592,0.007214977,0.003342184
7876,0.000103386,0.001138037,0.007200815,0.003349531
7877,0.000103512,0.001138873,0.007186637,0.003364875
7878,0.000103532,0.001143531,0.007173949,0.003365748
7879,0.000103501,0.001144268,0.007160961,0.003371461
7880,0.000103443,0.001143823,0.007146663,0.003371199
7881,0.000103497,0.001147361,0.007133332,0.003371156
7882,0.000103412,0.001145498,0.007120555,0.003389674
7883,0.000103649,0.001146399,0.00710717,0.003388214
7884,0.000103671,0.001143678,0.007093676,0.003407043
7885,0.000103676,0.001143785,0.007079488,0.003410441
7886,0.000103651,0.001142987,0.007067161,0.003368104
7887,0.000103537,0.001144594,0.007052517,0.003363562
7888,0.000103453,0.001146679,0.007038624,0.003336497
7889,0.000103425,0.001144081,0.007024748,0.003353325
7890,0.000103391,0.001145109,0.007009976,0.003364037
7891,0.000103445,0.00113773,0.006995217,0.003358078
7892,0.000103495,0.001133848,0.006980368,0.00335229
7893,0.000103399,0.00113596,0.006966271,0.003356738
7894,0.000103527,0.001133067,0.006952545,0.003358438
7895,0.000103588,0.001128841,0.006937807,0.003280862
7896,0.000103346,0.001129168,0.006923105,0.003291515
7897,0.000103376,0.001134855,0.006908409,0.003292122
7898,0.000103494,0.001132724,0.006892582,0.003284864
7899,0.000103277,0.001127047,0.006878539,0.003290232
7900,0.000103369,0.001123161,0.006862615,0.003304979
7901,0.000103265,0.001119429,0.006847354,0.003304492
7902,0.000103206,0.001122013,0.00683241,0.003310364
7903,0.000103237,0.001120368,0.006815912,0.003318449
7904,0.000103468,0.001118844,0.006801305,0.003319308
7905,0.000103354,0.001117642,0.006785403,0.003322621
7906,0.000103161,0.001114836,0.006769032,0.003328445
7907,0.000103153,0.001110833,0.00675446,0.003325084
7908,0.000103153,0.001112226,0.006739721,0.00332012
7909,0.000102957,0.001115131,0.006722857,0.00332052
7910,0.000103012,0.00111554,0.006706069,0.003344286
7911,0.000103063,0.001113881,0.00669071,0.003343547
7912,0.000103131,0.001112922,0.006675241,0.003280149
7913,0.000103144,0.00111025,0.006659381,0.003274032
7914,0.000103179,0.001116066,0.006641745,0.003246243
7915,0.000103597,0.00111735,0.006624885,0.003244085
7916,0.000103463,0.001123635,0.006608656,0.00322306
7917,0.000103541,0.00113044,0.006591757,0.003222769
7918,0.000103529,0.001128968,0.006575121,0.00322271
7919,0.000103507,0.001128082,0.006558454,0.003228512
7920,0.000103479,0.001126818,0.006540808,0.003234826
7921,0.000103426,0.001127227,0.006524404,0.003232194
7922,0.000103503,0.001125689,0.00650667,0.003196031
7923,0.000103597,0.001120055,0.006488069,0.003236107
7924,0.000103544,0.001115843,0.006470015,0.003258354
7925,0.000103556,0.001114914,0.006452826,0.003255134
7926,0.000103467,0.001110445,0.006435569,0.003244784
7927,0.000104058,0.001107137,0.006418717,0.003241381
7928,0.000104159,0.001105222,0.006401925,0.003234449
7929,0.000104063,0.001103914,0.006383349,0.003233677
7930,0.000104555,0.00110267,0.006366043,0.003209146
7931,0.000104675,0.001107882,0.006348577,0.003203235
7932,0.000105104,0.001105144,0.006330072,0.003186587
7933,0.000105292,0.001109201,0.006311296,0.003184195
7934,0.000105409,0.001105532,0.006292357,0.003186381
7935,0.000105339,0.001114892,0.006273921,0.003210147
7936,0.000105813,0.001116763,0.006255518,0.003217687
7937,0.000105922,0.001120172,0.006236219,0.003212399
7938,0.000106178,0.001118273,0.006217259,0.003208026
7939,0.000106245,0.001122,0.006196062,0.003162128
7940,0.000106693,0.00113052,0.006176931,0.00315931
7941,0.00010697,0.0011424,0.006157329,0.003147462
7942,0.000107073,0.001148831,0.006137434,0.003146476
7943,0.000107296,0.00115175,0.006119336,0.003150781
7944,0.000107292,0.001151291,0.006100362,0.003149129
7945,0.000107315,0.001150526,0.00608155,0.003142526
7946,0.000107336,0.001153601,0.006063241,0.003138356
7947,0.0001075,0.001152881,0.006043515,0.003139494
7948,0.000107642,0.001167043,0.006023922,0.00314147
7949,0.000107678,0.00117482,0.006005368,0.003141317
7950,0.000107876,0.001182785,0.005986312,0.003148806
7951,0.000107743,0.001188447,0.005964404,0.00314218
7952,0.000107809,0.001194196,0.005944928,0.003140266
7953,0.00010813,0.00120093,0.005924226,0.003140911
7954,0.000108018,0.001216326,0.005904423,0.00314058
7955,0.000108011,0.00122534,0.005882662,0.003132817
7956,0.000107996,0.001228737,0.005862415,0.003138506
7957,0.000108009,0.001228429,0.005841544,0.003136991
7958,0.00010801,0.001225712,0.005820846,0.003121719
7959,0.00010803,0.001236957,0.005799239,0.003138999
7960,0.00010824,0.001243691,0.005777312,0.003139139
7961,0.000108421,0.001249388,0.005757536,0.003138674
7962,0.000108416,0.001259084,0.005735409,0.003125859
7963,0.000108345,0.001260194,0.005714142,0.003089486
7964,0.000108724,0.001260286,0.005730719,0.003019112
7965,0.000108809,0.001267243,0.005751981,0.003023286
7966,0.000108709,0.001269045,0.005774521,0.003021465
7967,0.00010861,0.001269414,0.005796854,0.00299182
7968,0.000108531,0.001271899,0.00581956,0.002991366
7969,0.000108426,0.001270361,0.005843818,0.002980614
7970,0.000108609,0.001270623,0.005866819,0.002972597
7971,0.000108744,0.001267615,0.005890986,0.002981929
7972,0.000108537,0.001272002,0.005913735,0.003000134
7973,0.000108683,0.001281427,0.005936389,0.003001833
7974,0.000108723,0.001279611,0.005959767,0.003009367
7975,0.000108744,0.001281543,0.005983718,0.003022161
7976,0.000108566,0.001281763,0.006008077,0.003015447
7977,0.000108543,0.001275922,0.00603217,0.00302315
7978,0.000108362,0.001275692,0.006057257,0.003022053
7979,0.000108596,0.001277169,0.006082537,0.003019806
7980,0.000108506,0.001279195,0.006108494,0.003029228
7981,0.000108594,0.001278085,0.006129552,0.003029737
7982,0.000108718,0.001278455,0.006148876,0.003025971
7983,0.000108556,0.001278596,0.006169778,0.00302364
7984,0.000108708,0.001278421,0.006190751,0.003027857
7985,0.000108611,0.001278523,0.006210923,0.003017201
7986,0.000108564,0.00127964,0.006231041,0.003022117
7987,0.000108518,0.001279896,0.006251255,0.00301955
7988,0.000108619,0.001278323,0.00627226,0.00302199
7989,0.000108549,0.00127925,0.00629196,0.003016256
7990,0.000108503,0.001283977,0.006312137,0.003015523
7991,0.000108469,0.001289384,0.006332019,0.003015359
7992,0.000108297,0.001291913,0.006351538,0.003013905
7993,0.000108246,0.001291096,0.006368195,0.003000341
7994,0.000108366,0.001291556,0.006386629,0.002990946
7995,0.000108307,0.001292236,0.006404485,0.00295552
7996,0.000108324,0.001294156,0.006425468,0.002940982
7997,0.000108419,0.001296754,0.006417725,0.002897574
7998,0.000108351,0.00130003,0.006411425,0.002870364
7999,0.000108419,0.001301072,0.006402573,0.002873429
8000,0.000108314,0.001304013,0.006393022,0.002876526
8001,0.000108295,0.001304581,0.006382695,0.002851604
8002,0.000108472,0.0013069,0.006370245,0.002827443
8003,0.000108485,0.001309764,0.006357811,0.002824133
8004,0.000108611,0.001308351,0.00634548,0.002803071
8005,0.00010885,0.001313302,0.00633299,0.002809472
8006,0.00010888,0.001323865,0.006319961,0.002810109
8007,0.000108858,0.001325227,0.006307335,0.002808825
8008,0.000109054,0.001325897,0.006293944,0.002806105
8009,0.000109288,0.001331938,0.006280219,0.002784201
8010,0.000109109,0.001340684,0.006266256,0.002778407
8011,0.000109259,0.001340569,0.006251057,0.002770523
8012,0.000109125,0.001340036,0.006236226,0.002763943
8013,0.000109083,0.001339526,0.00622051,0.00277085
8014,0.000109158,0.001346427,0.006204042,0.002770812
8015,0.000109153,0.00134605,0.006187395,0.002770882
8016,0.000109118,0.001357086,0.006169989,0.00277136
8017,0.000109296,0.001355431,0.006153201,0.002768475
8018,0.000109329,0.001352367,0.006135637,0.002705371
8019,0.000109437,0.001354575,0.006118431,0.002703029
8020,0.00010981,0.001355717,0.006101089,0.002699391
8021,0.000109673,0.001358148,0.006082537,0.002695615
8022,0.000109678,0.001366435,0.006063619,0.002667966
8023,0.000110095,0.001366631,0.006044675,0.0026688
8024,0.000110017,0.001365827,0.006024792,0.00267361
8025,0.00011008,0.001376341,0.006005359,0.002690769
8026,0.000110381,0.001384993,0.005986028,0.002695892
8027,0.000110744,0.001390511,0.005966239,0.002701605
8028,0.00011106,0.001394122,0.005945309,0.002703184
8029,0.000111007,0.001393706,0.005923659,0.002710339
8030,0.000111127,0.001394538,0.005901219,0.002716145
8031,0.000111101,0.001396822,0.005878878,0.002688967
8032,0.000111091,0.001398238,0.00585682,0.002691915
8033,0.000111073,0.001401457,0.005834552,0.002672735
8034,0.000111116,0.001403458,0.005812634,0.002683857
8035,0.000111198,0.001405427,0.005789249,0.002692686
8036,0.000111481,0.001404325,0.005764352,0.002695542
8037,0.000111565,0.001402995,0.005740208,0.002697175
8038,0.000111592,0.001405491,0.005715134,0.002692152
8039,0.000111502,0.001406384,0.00568979,0.002692589
8040,0.000111597,0.001408533,0.005663931,0.002693269
8041,0.000111566,0.001410826,0.005637477,0.002721016
8042,0.000111559,0.001417829,0.005610527,0.002704725
8043,0.000111825,0.001418226,0.005584052,0.002705456
8044,0.00011181,0.001424981,0.005558512,0.002706447
8045,0.000112071,0.001426673,0.005530621,0.002709244
8046,0.000112165,0.001430972,0.005502854,0.002711955
8047,0.000112663,0.001430868,0.005474739,0.00271205
8048,0.000112666,0.001436499,0.005446226,0.002711593
8049,0.000112604,0.001442559,0.005417814,0.002712585
8050,0.000112977,0.001445145,0.00538967,0.002713822
8051,0.000112796,0.001455986,0.005360577,0.002715037
8052,0.00011264,0.001456473,0.005329947,0.002713793
8053,0.000112913,0.001460398,0.005299752,0.002716114
8054,0.000112776,0.001463818,0.005269084,0.002715489
8055,0.000112908,0.001467483,0.005238229,0.002721853
8056,0.000113022,0.001475771,0.005206283,0.002725012
8057,0.000112948,0.001481598,0.005175161,0.002721665
8058,0.000112865,0.001487429,0.005142921,0.002722203
8059,0.000113041,0.001495706,0.005110787,0.002725219
8060,0.00011296,0.001498417,0.00507737,0.002724987
8061,0.000112987,0.001504703,0.00504484,0.002726741
8062,0.000113029,0.001508544,0.00501013,0.002737082
8063,0.00011332,0.001522633,0.004975862,0.00274173
8064,0.000113407,0.001530568,0.004940735,0.002754438
8065,0.000113339,0.001534302,0.00490569,0.002729413
8066,0.000113629,0.001539409,0.004871547,0.002730827
8067,0.000113579,0.001540579,0.00483597,0.002732733
8068,0.000113499,0.00154434,0.004799837,0.002733477
8069,0.000113483,0.001550848,0.004763223,0.002736811
8070,0.000113466,0.001553747,0.004726735,0.002737958
8071,0.000113427,0.001557887,0.004689048,0.002739072
8072,0.00011356,0.00155796,0.004654914,0.002739838
8073,0.000113363,0.001573305,0.004620658,0.002741986
8074,0.000113369,0.001574531,0.00458682,0.002741131
8075,0.000113431,0.001576262,0.004554167,0.002753518
8076,0.000113333,0.001579444,0.004521632,0.002752701
8077,0.000113394,0.001585882,0.004487289,0.002763633
8078,0.000113412,0.001587233,0.004452859,0.002756757
8079,0.000113389,0.001590191,0.004419709,0.00282922
8080,0.000113584,0.001597604,0.004385745,0.002826456
8081,0.000113638,0.001603349,0.0043524,0.002835166
8082,0.000113699,0.00160849,0.004319465,0.002840064
8083,0.000113764,0.00161271,0.00428645,0.002841768
8084,0.00011389,0.00161929,0.004253441,0.002842508
8085,0.000113901,0.001622048,0.004220214,0.002835648
8086,0.000114083,0.001623788,0.004225924,0.002866238
8087,0.000114423,0.001624404,0.004232996,0.002838792
8088,0.000114164,0.001629398,0.004240077,0.002884854
8089,0.000114444,0.001629353,0.004247872,0.002893158
8090,0.000114594,0.001629267,0.004257624,0.0028922
8091,0.000114816,0.001632597,0.004269242,0.002887383
8092,0.000115078,0.00163332,0.004281067,0.002890701
8093,0.000114919,0.001643594,0.004293962,0.002905164
8094,0.000115242,0.00164642,0.004307264,0.002904431
8095,0.000115124,0.001647466,0.004319423,0.002919274
8096,0.000115269,0.001649236,0.004333253,0.002917951
8097,0.00011528,0.001657052,0.004347346,0.002910086
8098,0.000115325,0.001659373,0.004362421,0.002905729
8099,0.000115572,0.001667859,0.00437799,0.002904372
8100,0.000115603,0.001668201,0.004393976,0.002901675
8101,0.000115509,0.00168272,0.004406799,0.002899098
8102,0.000115666,0.001685567,0.004419909,0.002889772
8103,0.000115622,0.001688403,0.004431467,0.002898856
8104,0.000115733,0.001693607,0.004442233,0.002894349
8105,0.00011582,0.001694804,0.004452725,0.002908047
8106,0.00011597,0.001696223,0.004462099,0.002908339
8107,0.000116148,0.001705073,0.004472011,0.002901671
8108,0.000116026,0.001705144,0.004463217,0.002937821
8109,0.000115983,0.001709539,0.004453205,0.002935844
8110,0.00011597,0.001710263,0.004442598,0.002897368
8111,0.000115896,0.001718397,0.004429226,0.00289545
8112,0.000115948,0.001718171,0.004415201,0.002911352
8113,0.000115868,0.001718149,0.004402341,0.002911355
8114,0.000115924,0.001719099,0.004386145,0.002910549
8115,0.00011592,0.001715112,0.004368938,0.002918301
8116,0.000116055,0.001716177,0.004349956,0.002919569
8117,0.000115976,0.001714323,0.004331342,0.002928994
8118,0.000116116,0.001716129,0.004311633,0.002934282
8119,0.000116175,0.001718121,0.004289137,0.002935565
8120,0.000116305,0.001723136,0.004264657,0.002954731
8121,0.000116143,0.001727375,0.004239375,0.002954149
8122,0.00011626,0.001728695,0.004212754,0.002975616
8123,0.000116216,0.001727064,0.004186005,0.002998104
8124,0.000116365,0.001728794,0.004158166,0.003006747
8125,0.000116555,0.001728826,0.004129221,0.00301154
8126,0.000116653,0.001727071,0.00409887,0.003013472
8127,0.000116684,0.001728943,0.004066521,0.003018081
8128,0.000116709,0.0017292,0.004063204,0.003041189
8129,0.000116618,0.001728344,0.004060424,0.003041712
8130,0.000116652,0.001729775,0.004056793,0.003042308
8131,0.00011648,0.001729663,0.004054268,0.003025284
8132,0.000116415,0.001730214,0.004051283,0.003010396
8133,0.000116477,0.001732549,0.004048639,0.003010447
8134,0.000116508,0.001732783,0.004047508,0.00301039
8135,0.000116515,0.001731694,0.004046284,0.00302593
8136,0.000116593,0.00173349,0.004045576,0.003020226
8137,0.00011672,0.001734276,0.004045069,0.003025876
8138,0.000116926,0.001736047,0.004045069,0.00302792
8139,0.000116892,0.001737373,0.004045069,0.003022279
8140,0.000116951,0.001738308,0.004045069,0.003018492
8141,0.000116935,0.001739709,0.004045069,0.003015697
8142,0.000117024,0.001740181,0.004045069,0.003014929
8143,0.000117075,0.001739547,0.004045069,0.002975692
8144,0.000116969,0.001740728,0.004045069,0.002942154
8145,0.000116799,0.001740483,0.004045069,0.002933976
8146,0.000116595,0.001740276,0.004045069,0.002960853
8147,0.000116762,0.001739202,0.004045069,0.002958585
8148,0.000117002,0.001737993,0.004045069,0.00297086
8149,0.000117138,0.001737911,0.004045069,0.002984561
8150,0.000117307,0.00173883,0.004045069,0.002971888
8151,0.000117398,0.001737373,0.004045069,0.002969733
8152,0.000117313,0.00173727,0.004045069,0.002979248
8153,0.000117156,0.001736811,0.004045069,0.002978097
8154,0.000117275,0.001735654,0.004045069,0.002977179
8155,0.000117262,0.00173755,0.004045069,0.002974217
8156,0.000117171,0.001739104,0.004045069,0.002973993
8157,0.000117238,0.001739137,0.004045069,0.002973018
8158,0.000117048,0.00173986,0.004045069,0.002972296
8159,0.000117001,0.001739682,0.004045069,0.002974819
8160,0.000117286,0.001738999,0.004045069,0.00298155
8161,0.000117274,0.001738591,0.004045069,0.003000341
8162,0.000117335,0.001739266,0.004045069,0.003005506
8163,0.000117275,0.001737694,0.004045069,0.003005289
8164,0.000117385,0.001737542,0.004045069,0.003022645
8165,0.000117465,0.001737406,0.004045069,0.00302832
8166,0.00011729,0.001735995,0.004045069,0.00303183
8167,0.000117317,0.001736098,0.004045069,0.003039538
8168,0.000117492,0.0017358,0.004045069,0.0030343
8169,0.000117396,0.001737858,0.004045069,0.003034424
8170,0.000117365,0.00173698,0.004045069,0.003034996
8171,0.00011749,0.001738036,0.004045069,0.003053507
8172,0.000117585,0.001737865,0.004045069,0.003055541
8173,0.000117655,0.001738845,0.004045069,0.003091977
8174,0.000117604,0.001739234,0.004045069,0.003096422
8175,0.00011738,0.001739251,0.004045069,0.003088181
8176,0.000117417,0.001739106,0.004045069,0.003090041
8177,0.000117494,0.001743145,0.004045069,0.003084729
8178,0.000117258,0.001743814,0.004045069,0.003075774
8179,0.000116998,0.001741447,0.004045069,0.003066028
8180,0.000117114,0.001739387,0.004045069,0.003084065
8181,0.000117238,0.001739296,0.004045069,0.003100647
8182,0.00011729,0.001737176,0.004045069,0.003101
8183,0.00011732,0.001737091,0.004045069,0.003101389
8184,0.000117222,0.001734706,0.004045069,0.003111317
8185,0.000117112,0.001733148,0.004045069,0.003116613
8186,0.000116763,0.001733792,0.004045069,0.003116715
8187,0.000116687,0.001733437,0.004045069,0.003117422
8188,0.000116427,0.001733942,0.004045069,0.003162443
8189,0.000116414,0.001736543,0.004045069,0.003163468
8190,0.000116321,0.00173838,0.004045069,0.003164359
8191,0.000116463,0.001738991,0.004045069,0.003143021
8192,0.000116466,0.001740645,0.004045069,0.003160107
8193,0.000116299,0.001741087,0.004045069,0.00315839
8194,0.000116151,0.001734632,0.004045069,0.003152012
8195,0.00011619,0.001735016,0.004045069,0.00310425
8196,0.000116257,0.001733121,0.004045069,0.003102874
8197,0.000116246,0.001731205,0.004045069,0.003101238
8198,0.000116542,0.001733145,0.004045069,0.003104164
8199,0.000116565,0.001734189,0.004045069,0.003104513
8200,0.000116523,0.001736646,0.004045069,0.003105578
8201,0.000116456,0.0017389,0.004045069,0.003105512
8202,0.000116474,0.001738466,0.004045069,0.003098577
8203,0.000116605,0.001740714,0.004045069,0.003098455
8204,0.000116793,0.001743205,0.004045069,0.003103498
8205,0.000116792,0.001743177,0.004045069,0.003102999
8206,0.000116773,0.001743902,0.004045069,0.003104447
8207,0.000116747,0.00174308,0.004045069,0.003107779
8208,0.000116817,0.001742955,0.004045069,0.003119864
8209,0.000116673,0.001742636,0.004045069,0.003121604
8210,0.000116891,0.001743549,0.004045069,0.003121595
8211,0.000116912,0.001744046,0.004045069,0.003122946
8212,0.000116949,0.001745836,0.004045069,0.003122739
8213,0.000116721,0.001746742,0.004045069,0.003123446
8214,0.000116725,0.001748499,0.004045069,0.003122131
8215,0.000116731,0.001745302,0.004045069,0.003117497
8216,0.00011676,0.001746779,0.004045069,0.003116934
8217,0.000116713,0.001745706,0.004045069,0.003127224
8218,0.000116658,0.001744659,0.004045069,0.003126881
8219,0.000116934,0.001742958,0.004045069,0.00313564
8220,0.000117104,0.001743678,0.004045069,0.003134271
8221,0.000117037,0.001744437,0.004045069,0.003134237
8222,0.000116918,0.001744083,0.004045069,0.003137498
8223,0.000116978,0.001744248,0.004045069,0.003141285
8224,0.000116952,0.001745715,0.004047362,0.003142594
8225,0.000117013,0.001745933,0.004050433,0.003143518
8226,0.000117164,0.001751012,0.004054275,0.003143215
8227,0.000117053,0.001752264,0.004058678,0.003142519
8228,0.000117234,0.001752144,0.004061889,0.003143371
8229,0.000117404,0.001752772,0.004066746,0.00312823
8230,0.000117642,0.001752024,0.004071484,0.003145082
8231,0.000117525,0.001751758,0.004076427,0.00314413
8232,0.00011759,0.001752221,0.004082985,0.003157776
8233,0.000117948,0.001751792,0.004088425,0.003174614
8234,0.000117822,0.001751868,0.004092796,0.00317817
8235,0.000117842,0.001751613,0.004099417,0.003179638
8236,0.000117753,0.001751548,0.004105681,0.003182666
8237,0.000118046,0.001750363,0.004112378,0.003182247
8238,0.000118241,0.001750823,0.004118757,0.003170165
8239,0.000118344,0.001750725,0.004126201,0.003170942
8240,0.000118319,0.00174857,0.004134804,0.003178831
8241,0.000118461,0.001749602,0.004143469,0.003178835
8242,0.000118807,0.001748994,0.004151729,0.003178885
8243,0.00011873,0.001746092,0.004160228,0.003173729
8244,0.000118799,0.001741174,0.00416986,0.003171858
8245,0.000118815,0.001739827,0.004179637,0.003172251
8246,0.000118736,0.001740565,0.004190204,0.003171884
8247,0.000118621,0.001738558,0.004199916,0.003193121
8248,0.000118856,0.001732904,0.004210316,0.003194544
8249,0.000118936,0.001730277,0.004220888,0.003158682
8250,0.000118945,0.00173034,0.0042318,0.003149369
8251,0.000118916,0.001726902,0.004242808,0.003149231
8252,0.000118887,0.001724009,0.004254572,0.003148493
8253,0.000118808,0.001724032,0.004267144,0.003149072
8254,0.000118745,0.001724274,0.004278907,0.003180398
8255,0.00011906,0.001722912,0.004291897,0.003174081
8256,0.000119026,0.001723673,0.004304152,0.003157833
8257,0.000119358,0.001723809,0.004318077,0.003154422
8258,0.000119193,0.001721616,0.004331686,0.003155633
8259,0.000119052,0.001718068,0.004344729,0.003151049
8260,0.000118986,0.001718338,0.004357402,0.003145053
8261,0.000118876,0.001718342,0.004371403,0.00312749
8262,0.000119191,0.001714646,0.004386742,0.003127521
8263,0.000119323,0.001716116,0.004400859,0.003122603
8264,0.000119675,0.001712914,0.004416114,0.003122442
8265,0.000119749,0.001709055,0.004431344,0.003123602
8266,0.000119743,0.001707401,0.00444708,0.003113261
8267,0.000119976,0.001708488,0.004463437,0.003107055
8268,0.000119692,0.001706108,0.00447963,0.003102476
8269,0.000119834,0.001703922,0.00449683,0.003100127
8270,0.000120083,0.001703516,0.004514185,0.00310342
8271,0.000120311,0.001701911,0.004531121,0.003101844
8272,0.000120272,0.001702693,0.004549807,0.003118435
8273,0.000120463,0.001700221,0.00455247,0.003123083
8274,0.000120205,0.001698094,0.004554403,0.003122103
8275,0.000120062,0.00169323,0.004557875,0.003123969
8276,0.000120118,0.001682282,0.004561314,0.003124547
8277,0.000120198,0.00167978,0.004564099,0.003114725
8278,0.000120179,0.001676533,0.004567926,0.003114517
8279,0.000120112,0.001672531,0.004569695,0.003115631
8280,0.000120323,0.001663917,0.004572557,0.003100652
8281,0.000120577,0.001660748,0.004573886,0.003090718
8282,0.000120891,0.001657056,0.004574102,0.003093497
8283,0.000120738,0.001655136,0.004571328,0.003103952
8284,0.000120728,0.001652681,0.004568199,0.003104857
8285,0.000120822,0.00164515,0.004563672,0.003096476
8286,0.000121241,0.001643008,0.004559307,0.003097454
8287,0.000121308,0.001637432,0.004553533,0.003099127
8288,0.000121536,0.00163594,0.004547402,0.003099
8289,0.000121746,0.001641018,0.004540155,0.003098572
8290,0.000121665,0.001633912,0.00453335,0.003044351
8291,0.000121826,0.001630448,0.004526097,0.002989045
8292,0.000121972,0.001626602,0.004517781,0.002990485
8293,0.000121793,0.001623202,0.004507626,0.002991885
8294,0.000121666,0.001616839,0.004496361,0.002991167
8295,0.000121719,0.001609995,0.004485237,0.003001223
8296,0.000121966,0.0016066,0.004471007,0.003004956
8297,0.000122003,0.001601613,0.00445853,0.00302222
8298,0.000122022,0.001592393,0.004444525,0.003025187
8299,0.000122282,0.001589833,0.00443025,0.003026063
8300,0.000122462,0.001586498,0.004415375,0.003025991
8301,0.000122918,0.001578924,0.004399554,0.003036214
8302,0.00012303,0.001573584,0.004381743,0.003061356
8303,0.00012288,0.001571232,0.00436502,0.003062238
8304,0.000123248,0.001566386,0.004347402,0.00306848
8305,0.00012314,0.001562556,0.004326782,0.00301555
8306,0.000123261,0.001564465,0.004305934,0.003018571
8307,0.000123933,0.001559128,0.004284098,0.003019586
8308,0.00012397,0.001558351,0.00426209,0.003020641
8309,0.000124307,0.001555439,0.004238231,0.003021422
8310,0.000124364,0.001553577,0.004213505,0.003022098
8311,0.000124333,0.001548323,0.004190362,0.003025671
8312,0.000124221,0.001544314,0.004164717,0.003088443
8313,0.000124876,0.001541575,0.004138327,0.00309161
8314,0.000125203,0.001540093,0.004112067,0.003076466
8315,0.000126003,0.001541317,0.004083445,0.003078109
8316,0.000125824,0.001541267,0.00405412,0.003079468
8317,0.000126285,0.001539755,0.004025825,0.003079729
8318,0.000126331,0.001539402,0.003996698,0.003085409
8319,0.000126561,0.001539576,0.00396637,0.00308375
8320,0.00012665,0.001535955,0.003934909,0.003089014
8321,0.0001272,0.001535923,0.003902132,0.003094879
8322,0.000127705,0.001535376,0.003870696,0.00309184
8323,0.000128028,0.001533039,0.003836149,0.003090811
8324,0.000128023,0.001530395,0.003800429,0.003089287
8325,0.000127977,0.001527803,0.003765621,0.003089794
8326,0.00012872,0.001523737,0.003730118,0.003096122
8327,0.000129089,0.001518887,0.003692092,0.00309512
8328,0.000129032,0.001515113,0.003653965,0.003131894
8329,0.000129484,0.001514311,0.003615606,0.003112054
8330,0.000129387,0.001513302,0.003575786,0.003110118
8331,0.00012986,0.001512653,0.003536109,0.003109771
8332,0.000130118,0.001513603,0.003495861,0.003110579
8333,0.000130503,0.001512015,0.00345345,0.00311068
8334,0.000130618,0.001511134,0.003411556,0.003117475
8335,0.000131051,0.001505566,0.003368307,0.003116777
8336,0.000131005,0.001503734,0.003325066,0.003115051
8337,0.00013111,0.001503122,0.003281954,0.003114644
8338,0.000131034,0.001502431,0.003236253,0.003115064
8339,0.000131409,0.001503227,0.003189734,0.003116972
8340,0.000131782,0.001501512,0.003143682,0.003116529
8341,0.00013226,0.001495582,0.003094866,0.003104265
8342,0.000132672,0.001492802,0.003090546,0.003096102
8343,0.000132766,0.001489306,0.003088117,0.00305726
8344,0.000132811,0.001487818,0.003085758,0.003071579
8345,0.000133245,0.001487044,0.003083237,0.003081135
8346,0.000133371,0.001485652,0.003081223,0.003104564
8347,0.00013376,0.001481746,0.003080335,0.003102228
8348,0.000133886,0.001481745,0.003079158,0.003102065
8349,0.000133919,0.001481101,0.003078278,0.003099751
8350,0.000133969,0.001480613,0.003078278,0.003080677
8351,0.000134202,0.001484437,0.003078278,0.003079118
8352,0.000134536,0.001485856,0.003078278,0.003078869
8353,0.00013462,0.001485513,0.003078278,0.003070045
8354,0.000134916,0.001486292,0.003078278,0.003059292
8355,0.000135035,0.001484762,0.003078278,0.003041031
8356,0.000135384,0.001485979,0.003078278,0.003006684
8357,0.000135499,0.001478233,0.003078278,0.003005847
8358,0.000135703,0.001473652,0.003078278,0.003005438
8359,0.000135742,0.001472753,0.003078278,0.00299711
8360,0.000135918,0.001468073,0.003078278,0.002996915
8361,0.000136231,0.001465127,0.003078278,0.002995927
8362,0.00013638,0.001459032,0.003078278,0.002994239
8363,0.000136434,0.001449331,0.003078278,0.002992332
8364,0.000136464,0.001448157,0.003075237,0.002987616
8365,0.000136562,0.001448671,0.003071543,0.002992612
8366,0.000136849,0.001444892,0.003068382,0.002998043
8367,0.000137015,0.00144489,0.003064402,0.002996725
8368,0.000136889,0.00143803,0.00306126,0.002995354
8369,0.000137189,0.00143536,0.003058099,0.002995789
8370,0.000137595,0.001432485,0.003054454,0.002982226
8371,0.000137716,0.001435808,0.003049875,0.002976701
8372,0.000137834,0.001436532,0.003045118,0.002969546
8373,0.00013805,0.001429931,0.003040721,0.002972148
8374,0.000138066,0.001427578,0.003036234,0.002984669
8375,0.000138354,0.00143097,0.00303067,0.002976125
8376,0.00013867,0.001432492,0.003025715,0.002995226
8377,0.000138577,0.001436998,0.003020642,0.002979819
8378,0.000138531,0.001435889,0.003014298,0.002980863
8379,0.000138859,0.001435373,0.003008655,0.002984072
8380,0.00013893,0.001437031,0.003003669,0.002993401
8381,0.000138915,0.00143651,0.002997061,0.003001164
8382,0.000139285,0.001431992,0.002989688,0.00297887
8383,0.000139568,0.001433928,0.002983128,0.002979769
8384,0.000139528,0.00143467,0.002975912,0.002959505
8385,0.000139755,0.001439383,0.002968689,0.002958982
8386,0.000139876,0.001446615,0.002960332,0.00295615
8387,0.000139912,0.001456499,0.002954072,0.002957578
8388,0.000140147,0.001464879,0.002946766,0.002964383
8389,0.000140632,0.001468373,0.002938498,0.002955491
8390,0.000141059,0.001472407,0.00293036,0.002950419
8391,0.000141487,0.001474773,0.002921623,0.002949648
8392,0.000141677,0.001480329,0.002913304,0.002950394
8393,0.000141632,0.001482312,0.002904472,0.002943442
8394,0.000141684,0.001485583,0.002895471,0.002948289
8395,0.000141793,0.001487621,0.002886075,0.002957839
8396,0.000141822,0.001489067,0.002876588,0.003012625
8397,0.000142032,0.001486029,0.002867122,0.003043964
8398,0.000141973,0.001492734,0.002857291,0.003050344
8399,0.000141939,0.001504405,0.002846948,0.003067683
8400,0.000141824,0.00151815,0.002837304,0.003058501
8401,0.000141959,0.001521187,0.002827831,0.003059274
8402,0.000141991,0.001522366,0.002816811,0.003052904
8403,0.000142122,0.001526909,0.002806963,0.003074159
8404,0.000141999,0.001533411,0.002796047,0.003088275
8405,0.000142144,0.001535466,0.002783834,0.0031154
8406,0.000142454,0.001534635,0.002772564,0.003117769
8407,0.00014251,0.001538417,0.002761057,0.003138806
8408,0.000142552,0.001537355,0.002748262,0.003197403
8409,0.000142939,0.001543788,0.002737062,0.003197359
8410,0.000142833,0.001545317,0.002725225,0.0031673
8411,0.000143149,0.001555624,0.002712656,0.003165882
8412,0.000143429,0.001554064,0.002700117,0.003219702
8413,0.000143458,0.001567618,0.002687666,0.003223739
8414,0.000143757,0.001562711,0.002676645,0.003226857
8415,0.000143472,0.001570436,0.00266431,0.003238576
8416,0.000143396,0.001577245,0.00265123,0.003232135
8417,0.000143163,0.001582258,0.002638046,0.003233377
8418,0.000143266,0.00158131,0.002625111,0.003232756
8419,0.000143536,0.001584289,0.002611489,0.003256048
8420,0.000143258,0.00158647,0.002598273,0.003268226
8421,0.000143453,0.001592789,0.002583188,0.00327195
8422,0.00014355,0.001604786,0.002569074,0.003274698
8423,0.000143557,0.001609167,0.002555327,0.003233293
8424,0.000143655,0.001612851,0.002541551,0.003212926
8425,0.000143713,0.001615057,0.002526773,0.003219008
8426,0.000143526,0.0016185,0.00251169,0.003219786
8427,0.000142865,0.00161922,0.002496555,0.003220874
8428,0.00014271,0.001625987,0.002480959,0.003236293
8429,0.000142653,0.001625558,0.002467395,0.003237344
8430,0.000142115,0.001635092,0.002451881,0.003248121
8431,0.000142376,0.001632073,0.002435541,0.003249146
8432,0.00014226,0.001633137,0.002418962,0.003242933
8433,0.000142188,0.001628678,0.00240284,0.003244021
8434,0.000142161,0.00164272,0.002387107,0.003247099
8435,0.000142364,0.001640656,0.002371161,0.003220217
8436,0.00014199,0.001640022,0.002353716,0.003217365
8437,0.00014202,0.001634831,0.002337237,0.003216221
8438,0.00014204,0.001634871,0.002320608,0.003216577
8439,0.000142056,0.001630538,0.002305221,0.003219709
8440,0.000141806,0.001622421,0.002288809,0.003219232
8441,0.000141626,0.00161214,0.00227174,0.003224828
8442,0.000141625,0.001608417,0.002254316,0.003219077
8443,0.000141568,0.001610601,0.002236373,0.00321918
8444,0.000141551,0.001612172,0.00221815,0.00323562
8445,0.000141523,0.001608494,0.002199452,0.003238618
8446,0.000141406,0.001603628,0.002180873,0.003249448
8447,0.000141461,0.001601103,0.002162349,0.003258269
8448,0.000141345,0.001591163,0.002143618,0.003262245
8449,0.00014115,0.001589076,0.002123907,0.00326428
8450,0.000141037,0.001582313,0.002104421,0.003254056
8451,0.000140922,0.001575232,0.002090429,0.003255154
8452,0.00014106,0.00156806,0.002072816,0.003255488
8453,0.000141066,0.001562736,0.002055301,0.003250379
8454,0.000141009,0.001547919,0.002038111,0.00324594
8455,0.000141039,0.001537406,0.002022171,0.003245886
8456,0.000141222,0.001537063,0.002005059,0.003242143
8457,0.000141236,0.001538678,0.001988681,0.003243558
8458,0.000141463,0.001541491,0.00197245,0.003243699
8459,0.000141293,0.001531261,0.001955522,0.003225638
8460,0.000141162,0.001520717,0.001938846,0.003243054
8461,0.00014108,0.001512356,0.001919919,0.003241026
8462,0.00014109,0.001504017,0.001905038,0.003269351
8463,0.000141054,0.001506279,0.001888305,0.003270303
8464,0.000140781,0.001513191,0.001872516,0.00327089
8465,0.000140817,0.001504012,0.001854652,0.003260732
8466,0.000140985,0.001512183,0.0018373,0.003312845
8467,0.000141002,0.001520361,0.001820223,0.00331145
8468,0.00014091,0.00152333,0.001802648,0.003310647
8469,0.000141085,0.001527204,0.001782958,0.003320146
8470,0.000140925,0.001530457,0.001766818,0.003334019
8471,0.000140821,0.001536254,0.001749456,0.003324292
8472,0.00014084,0.001544745,0.001732932,0.00330398
8473,0.000140732,0.001545875,0.001717287,0.003302589
8474,0.000140681,0.001544258,0.001700793,0.00329627
8475,0.000140775,0.001545549,0.001683835,0.003300335
8476,0.000140862,0.001545262,0.001666827,0.003296571
8477,0.000140819,0.001559445,0.001651159,0.003284675
8478,0.000141144,0.001561707,0.001634162,0.00328548
8479,0.000140965,0.001562235,0.001616293,0.003288439
8480,0.000141075,0.001562646,0.001599189,0.003277345
8481,0.000140937,0.00157173,0.001582576,0.003293398
8482,0.000140851,0.00157602,0.001567386,0.003298125
8483,0.000141155,0.001580975,0.001551206,0.003303752
8484,0.000141269,0.001585999,0.00153314,0.003294597
8485,0.000141305,0.001598391,0.001516828,0.003290867
8486,0.000141211,0.001611295,0.001500585,0.00328163
8487,0.000141294,0.001622221,0.001483796,0.003279961
8488,0.000141168,0.001627311,0.001468146,0.003293341
8489,0.00014129,0.001631846,0.001451736,0.003301128
8490,0.000141322,0.001629736,0.001434977,0.003308836
8491,0.000141495,0.001629804,0.001417071,0.00331353
8492,0.000141707,0.001630931,0.001401993,0.003362211
8493,0.000141944,0.001634482,0.001386943,0.003400838
8494,0.00014188,0.001637305,0.001371962,0.003405891
8495,0.000142102,0.001647596,0.001355694,0.00339197
8496,0.000142265,0.0016445,0.001338775,0.003369768
8497,0.000142324,0.0016495,0.001347712,0.003368991
8498,0.000142369,0.00165154,0.001356529,0.00336919
8499,0.000142352,0.001656494,0.001366425,0.003383808
8500,0.000142677,0.001656562,0.00137791,0.003388943
8501,0.000142717,0.001665375,0.00139149,0.003391643
8502,0.000142601,0.001667344,0.001403198,0.003395519
8503,0.000142925,0.001667281,0.001415412,0.003400185
8504,0.00014272,0.001682365,0.001427874,0.003412815
8505,0.000142642,0.00168657,0.001440823,0.003407939
8506,0.00014258,0.001680363,0.00145439,0.003430765
8507,0.000142758,0.001684115,0.001467671,0.003429267
8508,0.000142871,0.001685379,0.001480401,0.003442583
8509,0.000142657,0.001688539,0.001494742,0.003441799
8510,0.000142843,0.001679819,0.001508234,0.0034484
8511,0.000142846,0.001677515,0.001522127,0.003493783
8512,0.000143027,0.001679374,0.001536859,0.003499783
8513,0.000143032,0.001680388,0.001551018,0.003572173
8514,0.000142859,0.001674808,0.001566403,0.003602
8515,0.000142889,0.001682379,0.001582278,0.003652645
8516,0.000142696,0.001672935,0.001598285,0.003653909
8517,0.000142418,0.001677006,0.001614744,0.003696586
8518,0.000142521,0.001682975,0.001631574,0.003704617
8519,0.00014275,0.001684316,0.001647793,0.003705822
8520,0.000142508,0.001681542,0.001663934,0.003709709
8521,0.000142637,0.001678518,0.001679906,0.00376299
8522,0.000142828,0.001674431,0.001697459,0.003806965
8523,0.000142528,0.001682321,0.001713592,0.003806801
8524,0.000142581,0.001683026,0.001731501,0.003807021
8525,0.000142599,0.001671393,0.001748472,0.003796564
8526,0.000142404,0.001665421,0.001766169,0.003796887
8527,0.000142283,0.001668321,0.001784295,0.003790659
8528,0.000142028,0.001670755,0.001801332,0.003794548
8529,0.000142099,0.00167271,0.001820143,0.003787908
8530,0.000142234,0.001676629,0.001838241,0.003784407
8531,0.00014217,0.001673121,0.001856355,0.003776253
8532,0.000142248,0.001666989,0.001874991,0.003773928
8533,0.000142572,0.001671813,0.001894177,0.003764381
8534,0.000142649,0.001673513,0.001914071,0.003753422
8535,0.000142552,0.001673054,0.001934305,0.003773341
8536,0.000142331,0.001670201,0.001954273,0.003771055
8537,0.000142337,0.001671585,0.001973948,0.003769368
8538,0.000142172,0.001679644,0.001993997,0.003778732
8539,0.000142252,0.001683059,0.002014395,0.00377822
8540,0.00014209,0.001681735,0.002034309,0.003779887
8541,0.00014201,0.001684603,0.002054768,0.003753182
8542,0.000142545,0.001679951,0.00207568,0.003751574
8543,0.000142455,0.001678922,0.002094667,0.003750697
8544,0.000142487,0.001670188,0.002115924,0.003757022
8545,0.000142428,0.001668096,0.002137038,0.003754462
8546,0.000142551,0.001664754,0.002159665,0.003782604
8547,0.000142026,0.001669093,0.002182051,0.003785106
8548,0.00014235,0.001675086,0.002203148,0.003785772
8549,0.000142537,0.00167487,0.002225785,0.003785422
8550,0.000142523,0.001672322,0.002246971,0.003784554
8551,0.000142679,0.001663506,0.002270788,0.003794346
8552,0.00014277,0.001666495,0.002293196,0.00379339
8553,0.000142776,0.001663522,0.00231634,0.003795719
8554,0.000142721,0.001659911,0.002340467,0.003812133
8555,0.000142463,0.001654445,0.002363687,0.003805163
8556,0.000142381,0.001645971,0.002387271,0.003802178
8557,0.000142423,0.001640749,0.002410622,0.003802787
8558,0.000142721,0.001633119,0.002435659,0.003809043
8559,0.000142878,0.001624733,0.002461374,0.003805917
8560,0.000143013,0.001622617,0.002486064,0.003804587
8561,0.000143242,0.001616805,0.002510544,0.003801735
8562,0.000143344,0.00161391,0.002535708,0.003807547
8563,0.00014309,0.001605341,0.002560865,0.003804604
8564,0.000142977,0.001602152,0.00258663,0.003781825
8565,0.000143082,0.001596656,0.002612466,0.003780125
8566,0.000142841,0.001594697,0.00263871,0.003777611
8567,0.000142641,0.001593261,0.002665009,0.003776705
8568,0.000142827,0.001595064,0.00269092,0.003776158
8569,0.000143048,0.001590014,0.002716396,0.003773064
8570,0.000143059,0.001588922,0.00274252,0.003772046
8571,0.000142907,0.001583124,0.002769405,0.003770844
8572,0.000142816,0.001588939,0.002794494,0.00378598
8573,0.000143408,0.001573942,0.002818246,0.003783701
8574,0.00014382,0.001574433,0.002841471,0.00378151
8575,0.00014398,0.001573104,0.002863418,0.003769365
8576,0.000144003,0.001572686,0.002885799,0.003769592
8577,0.000144253,0.001569517,0.002907742,0.003757731
8578,0.000144543,0.001568926,0.002931647,0.003753673
8579,0.000144718,0.001571027,0.002954395,0.003681839
8580,0.000144697,0.001564796,0.002976907,0.003682264
8581,0.000144516,0.001559907,0.002998578,0.003675839
8582,0.000144608,0.00155507,0.003019823,0.00368425
8583,0.000144572,0.001552765,0.003042093,0.003682764
8584,0.000144303,0.001547952,0.00306351,0.003706948
8585,0.0001442,0.001545549,0.003082485,0.003711971
8586,0.000144013,0.00154516,0.003104012,0.003690647
8587,0.000143875,0.001548801,0.003123816,0.003675132
8588,0.000143847,0.001543694,0.003143128,0.003627716
8589,0.000143615,0.001543849,0.003162943,0.003618122
8590,0.000143484,0.001544579,0.003182185,0.003618496
8591,0.00014351,0.001540628,0.00320032,0.003626502
8592,0.00014361,0.001540966,0.003219139,0.003627538
8593,0.000143806,0.001532419,0.003236749,0.003612927
8594,0.000143937,0.001533988,0.003255168,0.003622047
8595,0.000144527,0.001532888,0.003274606,0.003609853
8596,0.000144561,0.001531518,0.003291981,0.003605757
8597,0.000144508,0.001523317,0.003309691,0.003605581
8598,0.000144739,0.001520916,0.003327761,0.003604933
8599,0.000144418,0.001512815,0.003345319,0.003602999
8600,0.00014459,0.00151712,0.003362803,0.003602063
8601,0.000144617,0.001505576,0.003379455,0.003603639
8602,0.000144447,0.00150621,0.003396757,0.003604063
8603,0.000144476,0.001504484,0.003413081,0.003592463
8604,0.000144208,0.001498479,0.003428333,0.003593016
8605,0.000144265,0.001496255,0.003443333,0.003574301
8606,0.000144081,0.001495343,0.003458979,0.003572941
8607,0.000143888,0.001487039,0.00347386,0.003565078
8608,0.000143996,0.001486523,0.003474082,0.003523622
8609,0.000143972,0.001482408,0.003473907,0.003522234
8610,0.00014406,0.001482793,0.003472357,0.003533408
8611,0.000144108,0.001475608,0.003470325,0.00353692
8612,0.000144175,0.001474824,0.003468323,0.003522624
8613,0.000144233,0.001474973,0.003465413,0.003522479
8614,0.000144348,0.001475717,0.003464037,0.0035221
8615,0.00014438,0.001479316,0.003461733,0.003547529
8616,0.000144222,0.001476147,0.003461677,0.003547089
8617,0.000144236,0.001479938,0.003459853,0.003544786
8618,0.000144373,0.001480612,0.003457964,0.003542026
8619,0.000144327,0.001477761,0.003457338,0.003543361
8620,0.000144462,0.001478749,0.003456718,0.003523905
8621,0.000144828,0.001477565,0.003456023,0.003527819
8622,0.000144616,0.001476691,0.003455898,0.003499379
8623,0.000144836,0.001479514,0.003454677,0.003480701
8624,0.000144638,0.001477241,0.003452902,0.00347473
8625,0.000144526,0.001474098,0.003452867,0.00347786
8626,0.000144369,0.001474682,0.00345219,0.003482778
8627,0.000144067,0.001472877,0.00345219,0.003494248
8628,0.0001439,0.001472853,0.00345219,0.003484938
8629,0.000144002,0.001477978,0.00345219,0.003488586
8630,0.000144052,0.001486143,0.00345219,0.003489771
8631,0.000143994,0.001487651,0.00345219,0.003492716
8632,0.000144054,0.001487901,0.00345219,0.003491379
8633,0.000143968,0.001486679,0.00345219,0.003491141
8634,0.000144101,0.001485122,0.00345219,0.00349138
8635,0.000144105,0.001485016,0.00345219,0.003477835
8636,0.000144026,0.001485935,0.00345219,0.003490491
8637,0.000144238,0.001485698,0.00345219,0.003485637
8638,0.000144205,0.001483816,0.00345219,0.003484904
8639,0.000144388,0.001481431,0.00345219,0.003482953
8640,0.000144467,0.001480114,0.00345219,0.003486284
8641,0.000144409,0.00147894,0.00345219,0.003487099
8642,0.000144435,0.00147859,0.00345219,0.003487205
8643,0.000144522,0.001478561,0.00345219,0.003488691
8644,0.000144637,0.001477721,0.00345219,0.00348844
8645,0.00014468,0.001477957,0.00345219,0.003487342
8646,0.000145129,0.001480456,0.00345219,0.003455652
8647,0.00014502,0.001480605,0.00345219,0.003454817
8648,0.0001451,0.001480477,0.00345219,0.003441297
8649,0.000145041,0.001478854,0.00345219,0.003426184
8650,0.000145066,0.001477068,0.00345219,0.00344644
8651,0.000145425,0.001477992,0.00345219,0.003452321
8652,0.000145529,0.001478318,0.00345219,0.00344219
8653,0.00014559,0.001479522,0.00345219,0.003441784
8654,0.000145828,0.001480231,0.00345219,0.003442501
8655,0.000146147,0.001478072,0.00345219,0.003445011
8656,0.000146017,0.001476433,0.00345219,0.003457224
8657,0.000145988,0.001478413,0.00345219,0.003473221
8658,0.00014614,0.001477425,0.00345219,0.003485033
8659,0.000146358,0.001479258,0.00345219,0.003480545
8660,0.000146385,0.001479497,0.00345219,0.003478169
8661,0.000146261,0.001479557,0.00345219,0.003458775
8662,0.000146324,0.001478327,0.00345219,0.003461995
8663,0.000146493,0.001478495,0.00345219,0.003456098
8664,0.000146555,0.001477164,0.00345219,0.003435062
8665,0.000146793,0.001478359,0.00345219,0.003425862
8666,0.000146777,0.001478709,0.00345219,0.003421865
8667,0.000146999,0.001478969,0.00345219,0.003435696
8668,0.000147069,0.001480438,0.00345219,0.003433123
8669,0.000147122,0.001478338,0.00345219,0.003435763
8670,0.000147572,0.00148138,0.00345219,0.003439638
8671,0.000147555,0.001484642,0.00345219,0.003422577
8672,0.000148124,0.001486046,0.00345398,0.003422893
8673,0.00014825,0.001486689,0.003455868,0.003386681
8674,0.000148802,0.001487075,0.003457411,0.003379811
8675,0.00014923,0.001485768,0.003459645,0.003408451
8676,0.000149453,0.001486815,0.003462524,0.003403472
8677,0.000149515,0.001482424,0.003465664,0.003411262
8678,0.00014996,0.001481875,0.003468829,0.003410745
8679,0.000150469,0.001483411,0.003473507,0.003419739
8680,0.000150778,0.001482919,0.003477811,0.003402264
8681,0.000151088,0.001483001,0.003480633,0.003386337
8682,0.000151413,0.001485965,0.003484472,0.003385578
8683,0.000151416,0.001485767,0.003489284,0.003386677
8684,0.000151605,0.001489538,0.00349399,0.003377817
8685,0.000151619,0.001491137,0.003498972,0.003373546
8686,0.000151894,0.001491204,0.003503325,0.003373487
8687,0.000151906,0.001492026,0.003508427,0.00337379
8688,0.000152039,0.001491566,0.003515546,0.003331479
8689,0.000152014,0.001489328,0.003520891,0.003332525
8690,0.000152467,0.001487862,0.003526258,0.003334344
8691,0.00015259,0.001487431,0.003531917,0.00334802
8692,0.000152773,0.001487451,0.003537796,0.003329695
8693,0.00015313,0.001487708,0.003544996,0.003329671
8694,0.000153495,0.001488026,0.003551124,0.003328328
8695,0.000153716,0.001488051,0.003558385,0.003326209
8696,0.00015384,0.001487428,0.003565501,0.003332959
8697,0.000153879,0.001488615,0.003572195,0.003331291
8698,0.000153822,0.001485076,0.003578813,0.003329322
8699,0.000153928,0.001485086,0.00358586,0.003325989
8700,0.000154047,0.001482898,0.003594006,0.003325691
8701,0.000154405,0.001480609,0.00360121,0.003325803
8702,0.000154437,0.001479502,0.003611526,0.003324972
8703,0.000154509,0.001476065,0.003620387,0.003325855
8704,0.000154565,0.001475561,0.003629372,0.00332296
8705,0.000155006,0.001475762,0.003638779,0.003345226
8706,0.000155268,0.00147496,0.003647839,0.003345229
8707,0.000155491,0.001475602,0.003657538,0.003342067
8708,0.000155761,0.001475459,0.003666831,0.003323072
8709,0.00015609,0.00147483,0.00367719,0.003321125
8710,0.000156014,0.001474097,0.003685621,0.003320442
8711,0.000156127,0.001473572,0.003695564,0.003318649
8712,0.000155974,0.001472829,0.00370478,0.003318127
8713,0.000156294,0.001472252,0.003714549,0.003317663
8714,0.000156142,0.001471685,0.003725664,0.003320474
8715,0.000156245,0.001475382,0.0037368,0.003320777
8716,0.000156404,0.001476346,0.003747309,0.003324305
8717,0.00015636,0.001475797,0.00375801,0.003315625
8718,0.000156382,0.001476678,0.003768788,0.003315892
8719,0.00015623,0.001475146,0.003780301,0.003307252
8720,0.000156329,0.001474217,0.003791793,0.003306322
8721,0.000156558,0.001473906,0.003802757,0.003311989
8722,0.000156903,0.001474889,0.003814556,0.003309419
8723,0.000157084,0.001473362,0.003827229,0.003305957
8724,0.000157226,0.001473224,0.003837428,0.003304399
8725,0.000157097,0.001477049,0.003847269,0.003304174
8726,0.000156941,0.001471449,0.003856177,0.003299817
8727,0.000157174,0.001470328,0.003865177,0.003303093
8728,0.000157123,0.001469867,0.003874383,0.003306176
8729,0.000157132,0.001469935,0.00388231,0.003306314
8730,0.000157136,0.001469241,0.003890789,0.003288764
8731,0.000157179,0.001468062,0.003900424,0.003292579
8732,0.000157205,0.001469437,0.003908544,0.003310855
8733,0.000156953,0.00146936,0.003917566,0.003301194
8734,0.000157027,0.001469609,0.003928064,0.00329835
8735,0.000157246,0.001468069,0.00393632,0.003292971
8736,0.000157499,0.001467169,0.003946653,0.003294229
8737,0.000157381,0.00146744,0.003954858,0.003293361
8738,0.000157125,0.001468563,0.003964894,0.00329206
8739,0.000157124,0.001469407,0.003973001,0.003290045
8740,0.000157066,0.001469401,0.00398019,0.003281407
8741,0.000156858,0.001469305,0.003986828,0.003281611
8742,0.000156512,0.001470282,0.003994421,0.003282071
8743,0.000156814,0.001470256,0.0040026,0.003283749
8744,0.000156681,0.001472927,0.00400866,0.003284846
8745,0.000156714,0.001476688,0.004015282,0.003293592
8746,0.000156746,0.001475054,0.004021481,0.003292282
8747,0.000156765,0.001474614,0.004028408,0.003273029
8748,0.000156795,0.001474962,0.004035752,0.003272498
8749,0.000156769,0.001474186,0.004043109,0.003273876
8750,0.000156824,0.00147535,0.004049736,0.003273684
8751,0.000157124,0.001476436,0.004056929,0.003274408
8752,0.000157163,0.001477935,0.004063643,0.003280068
8753,0.00015728,0.001478983,0.0040692,0.00328094
8754,0.000157192,0.001481293,0.004074943,0.003250112
8755,0.000156901,0.001482257,0.004081773,0.003252707
8756,0.000156828,0.001485089,0.004087631,0.003246719
8757,0.000156719,0.001487163,0.004093377,0.003252427
8758,0.000156761,0.001488381,0.004100418,0.003252268
8759,0.000157064,0.001489457,0.004107244,0.00325742
8760,0.000157118,0.001489919,0.004115304,0.003264604
8761,0.000157526,0.001491634,0.004120883,0.003264566
8762,0.000157517,0.001492037,0.004125648,0.003275929
8763,0.000157374,0.001492295,0.004132719,0.003258865
8764,0.000157431,0.001493264,0.004137458,0.003258791
8765,0.000157216,0.001494112,0.004142187,0.003258153
8766,0.000157238,0.001493875,0.004147249,0.003262232
8767,0.000157157,0.001496459,0.004152089,0.003261005
8768,0.000157362,0.00149872,0.004157208,0.003255079
8769,0.000157096,0.001499344,0.004160994,0.003253763
8770,0.000157126,0.001499477,0.004165757,0.003246249
8771,0.000156898,0.001502915,0.004170579,0.003244481
8772,0.0001569,0.001502351,0.004172978,0.003225689
8773,0.000156899,0.00150259,0.004192232,0.003221473
8774,0.000156958,0.001502503,0.004212873,0.003221216
8775,0.000156983,0.001502875,0.004232322,0.003219432
8776,0.000156776,0.001507311,0.004252499,0.003218855
8777,0.000156947,0.001508226,0.004272134,0.003219105
8778,0.000157002,0.001508107,0.004290744,0.0032464
8779,0.000156811,0.00151345,0.004312609,0.003246712
8780,0.000156502,0.001514301,0.004332418,0.003248931
8781,0.000156304,0.001515138,0.004354778,0.003249477
8782,0.000155761,0.001518523,0.004375443,0.003250696
8783,0.000155757,0.00152333,0.004397807,0.003243122
8784,0.000155927,0.001524081,0.004419929,0.003251897
8785,0.00015598,0.001524795,0.004443643,0.003258626
8786,0.000155896,0.001526088,0.004466036,0.003264692
8787,0.00015614,0.001527474,0.004488103,0.003264768
8788,0.000156068,0.001527741,0.004511832,0.003275842
8789,0.00015573,0.001521912,0.004535738,0.003281699
8790,0.000156115,0.001528543,0.00456038,0.003282013
8791,0.000156106,0.001530042,0.004583384,0.003270581
8792,0.000156078,0.001532446,0.004605982,0.003284361
8793,0.000156111,0.001534219,0.004629972,0.003285248
8794,0.000156184,0.001533735,0.004656313,0.003289222
8795,0.000156163,0.001532136,0.004681411,0.003282847
8796,0.000155954,0.001530834,0.004707355,0.003283513
8797,0.000156121,0.001530725,0.004732641,0.003266906
8798,0.000156133,0.001529426,0.00475803,0.003270872
8799,0.000156091,0.001527418,0.004783021,0.003281038
8800,0.000155973,0.001527596,0.004808369,0.003283688
8801,0.000155628,0.001530307,0.004835413,0.003272391
8802,0.000155276,0.00153031,0.004864011,0.003246622
8803,0.000155397,0.001530217,0.004889825,0.003245568
8804,0.000155046,0.001530115,0.004917356,0.003242886
8805,0.000155406,0.001531712,0.004944783,0.003252665
8806,0.00015532,0.001528221,0.004972665,0.003276949
8807,0.000155198,0.001529577,0.005000328,0.003278933
8808,0.000155146,0.001532408,0.005028623,0.003277877
8809,0.000154894,0.001532369,0.005057173,0.003277745
8810,0.000154845,0.001533687,0.005086946,0.003303389
8811,0.000154697,0.001533754,0.005115506,0.003301377
8812,0.000154847,0.001534741,0.005145194,0.003244419
8813,0.000154368,0.001534836,0.005174892,0.003242263
8814,0.000154132,0.001535085,0.005204471,0.003257097
8815,0.000153513,0.001534126,0.005236099,0.003257474
8816,0.000153658,0.001534158,0.0052663,0.003260463
8817,0.000153134,0.001535165,0.005296293,0.003272761
8818,0.000153433,0.001535476,0.005327078,0.00328109
8819,0.000153667,0.001540307,0.005357662,0.00328982
8820,0.000153894,0.001542139,0.00538863,0.003298813
8821,0.000153564,0.001545117,0.005420888,0.003306954
8822,0.00015293,0.0015446,0.005452575,0.003309713
8823,0.000152734,0.001549193,0.005486659,0.003324029
8824,0.000152886,0.001554523,0.005519369,0.003325852
8825,0.000153106,0.001562917,0.005552205,0.003358899
8826,0.00015244,0.001564393,0.005585732,0.00336428
8827,0.000152286,0.001572754,0.005587144,0.003367094
8828,0.000152595,0.001578473,0.005588429,0.003330174
8829,0.000152359,0.001579784,0.005589717,0.003329814
8830,0.000152774,0.00158185,0.005589717,0.003388619
8831,0.000152469,0.001582303,0.005591407,0.003388226
8832,0.000152347,0.001582321,0.005592062,0.003402803
8833,0.000152219,0.001582146,0.005594174,0.003422494
8834,0.000152246,0.001582424,0.005594315,0.003426227
8835,0.000152164,0.001584562,0.005595292,0.003431443
8836,0.000152272,0.001585383,0.005595292,0.003432364
8837,0.000152095,0.001586081,0.005595292,0.003433133
8838,0.000152117,0.001585391,0.005596414,0.003433328
8839,0.000152261,0.001583915,0.005597373,0.00346705
8840,0.000151942,0.001590499,0.005597373,0.003465414
8841,0.000151762,0.001597641,0.005598084,0.003466137
8842,0.000152119,0.001598084,0.005598487,0.003464316
8843,0.000152421,0.001599295,0.005599853,0.003473184
8844,0.000152538,0.0015991,0.005599853,0.003483195
8845,0.000152687,0.001600476,0.005599853,0.003561066
8846,0.000152803,0.001598847,0.005599966,0.003540341
8847,0.000152667,0.001601585,0.005599966,0.003536033
8848,0.000152722,0.001603833,0.005601028,0.003523722
8849,0.000152899,0.001606012,0.005601172,0.003528545
8850,0.000152986,0.001605885,0.005601172,0.003529438
8851,0.000153012,0.001601642,0.00560143,0.003530642
8852,0.000153193,0.001602975,0.00560143,0.003527693
8853,0.000153434,0.001606885,0.00560143,0.003545121
8854,0.000153322,0.001605885,0.00560143,0.003545861
8855,0.000153306,0.001607518,0.00560143,0.003546361
8856,0.000153341,0.001607934,0.00560143,0.003544571
8857,0.000153407,0.001610548,0.00560143,0.003548817
8858,0.000153488,0.001613748,0.00560143,0.003563009
8859,0.000153706,0.001612307,0.00560143,0.00362065
8860,0.000153618,0.001612082,0.00560143,0.003633215
8861,0.000153714,0.001618801,0.00560143,0.003639437
8862,0.000153577,0.001620046,0.00560143,0.003653739
8863,0.000153506,0.001626043,0.00560143,0.00365987
8864,0.000153501,0.001630498,0.00560143,0.003662769
8865,0.000153676,0.001630206,0.00560143,0.003653345
8866,0.000153639,0.001634047,0.00560143,0.003646558
8867,0.000153939,0.00164056,0.00560143,0.003646415
8868,0.000154125,0.001643034,0.00560143,0.003648563
8869,0.000154077,0.001636014,0.00560143,0.003659605
8870,0.000153798,0.001638438,0.00560143,0.003671655
8871,0.000153727,0.00163174,0.00560143,0.003675316
8872,0.000153689,0.001632826,0.00560143,0.003682413
8873,0.000153534,0.001632515,0.00560143,0.003685841
8874,0.000153698,0.001635508,0.00560143,0.003671117
8875,0.000153474,0.0016321,0.00560143,0.00366395
8876,0.000153525,0.001627977,0.00560143,0.003631692
8877,0.000153598,0.001622896,0.00560143,0.003627397
8878,0.000153522,0.00162203,0.00560143,0.003640501
8879,0.000153124,0.001618845,0.00560143,0.003632598
8880,0.000153145,0.001618543,0.00560143,0.003623022
8881,0.000153185,0.001615987,0.00560143,0.003614476
8882,0.000152835,0.001618347,0.00560143,0.003623226
8883,0.000152432,0.001617438,0.00560143,0.003632824
8884,0.000152376,0.001617387,0.00560143,0.00363083
8885,0.000152168,0.001613116,0.00560143,0.003628963
8886,0.000152487,0.001608467,0.00560143,0.003636496
8887,0.000152522,0.001600189,0.00560143,0.003637531
8888,0.000153095,0.001595482,0.00560143,0.003630184
8889,0.000152809,0.001596208,0.00560143,0.003622316
8890,0.000152584,0.001595749,0.00560143,0.003613931
8891,0.000152353,0.001596803,0.00560143,0.003614142
8892,0.000152127,0.001591186,0.00560143,0.003594932
8893,0.000152157,0.001588902,0.00560143,0.003570504
8894,0.000152396,0.001587198,0.00560143,0.003562464
8895,0.000152265,0.001588641,0.00560143,0.003554224
8896,0.00015245,0.001595661,0.00560143,0.003487355
8897,0.000152395,0.001597999,0.00560143,0.003450244
8898,0.000152536,0.001594491,0.00560143,0.003450142
8899,0.000152605,0.001586155,0.00560143,0.003430356
8900,0.000152778,0.001576274,0.00560143,0.003416896
8901,0.000153092,0.001576013,0.00560143,0.003455513
8902,0.000153315,0.001572972,0.00560143,0.003456357
8903,0.000153382,0.001573325,0.00560143,0.003427269
8904,0.0001534,0.001565975,0.00560143,0.003412091
8905,0.000153591,0.001567729,0.00560143,0.003399812
8906,0.000153565,0.001571506,0.00560143,0.003393998
8907,0.000153638,0.001568931,0.00560143,0.003377598
8908,0.00015364,0.001562749,0.00560143,0.003317405
8909,0.000153334,0.001552384,0.00560143,0.003324036
8910,0.000153719,0.001547405,0.00560143,0.003334418
8911,0.000153745,0.00153662,0.00560143,0.003340526
8912,0.000153875,0.001536262,0.00560143,0.003296543
8913,0.000154198,0.001522599,0.00560143,0.003306994
8914,0.000153794,0.001524145,0.00560143,0.003331045
8915,0.000153806,0.001512594,0.00560143,0.003314013
8916,0.000154374,0.001503284,0.00560143,0.003317011
8917,0.000154535,0.001488719,0.00560143,0.003316637
8918,0.000154496,0.001483997,0.00560143,0.00331692
8919,0.000154174,0.001475149,0.00560143,0.003289877
8920,0.000154271,0.001473376,0.00560143,0.003270373
8921,0.000154522,0.001467122,0.00560143,0.003266517
8922,0.000154493,0.001458875,0.00560143,0.003263713
8923,0.000154697,0.001458221,0.00560143,0.003262925
8924,0.000154818,0.001456563,0.00560143,0.003257904
8925,0.000154984,0.001452788,0.00560143,0.003251992
8926,0.00015534,0.001450785,0.00560143,0.003251186
8927,0.00015566,0.001449877,0.00560143,0.003255698
8928,0.000155892,0.001436637,0.00560143,0.003241675
8929,0.000156337,0.001437274,0.00560143,0.00324099
8930,0.00015685,0.001430039,0.00560143,0.00323595
8931,0.000156411,0.001422314,0.00560143,0.003236896
8932,0.000156666,0.001423733,0.00560143,0.003236843
8933,0.000156968,0.001425161,0.00560143,0.003255186
8934,0.000157263,0.001410977,0.00560143,0.003248764
8935,0.000157239,0.001404615,0.00560143,0.003247215
8936,0.000157423,0.001400873,0.00560143,0.003240304
8937,0.000157823,0.001396949,0.00560143,0.003237965
8938,0.00015772,0.001398005,0.00560143,0.00324636
8939,0.000157782,0.001396595,0.00560143,0.003244345
8940,0.000157747,0.001393216,0.00560143,0.00324472
8941,0.00015765,0.001390428,0.00560143,0.003238273
8942,0.000157438,0.001389057,0.00560143,0.003241375
8943,0.000157646,0.00138159,0.00560143,0.003244388
8944,0.000157541,0.00138368,0.00560143,0.003227843
8945,0.000157683,0.001384033,0.00560143,0.003226
8946,0.000157945,0.001381794,0.00560143,0.003223289
8947,0.000158008,0.001381994,0.00560143,0.003226376
8948,0.000158366,0.001377006,0.00560143,0.003222487
8949,0.000158848,0.001371303,0.00560143,0.003231157
8950,0.000158939,0.001368682,0.00560143,0.003237199
8951,0.000159056,0.001367977,0.005597202,0.003253127
8952,0.000158912,0.001365876,0.005595365,0.003252373
8953,0.000158789,0.001362711,0.005592947,0.003252727
8954,0.000159151,0.001362182,0.00558991,0.003254772
8955,0.000159057,0.001361699,0.005586819,0.003259171
8956,0.000158854,0.001358344,0.005583805,0.003281954
8957,0.000158989,0.001354695,0.005579411,0.003288818
8958,0.000158602,0.001352481,0.005575484,0.003294768
8959,0.000158876,0.001353636,0.005571893,0.003296873
8960,0.000159091,0.001352756,0.005567933,0.003282701
8961,0.000159242,0.001353183,0.005565172,0.003282905
8962,0.000159305,0.001353391,0.005559349,0.003254413
8963,0.000159335,0.001359043,0.005555128,0.003267006
8964,0.000159495,0.001353546,0.005549977,0.003273684
8965,0.000159713,0.001353357,0.005544549,0.003276249
8966,0.000159852,0.001345321,0.005539361,0.003227374
8967,0.000160653,0.001336807,0.005534104,0.003251362
8968,0.000160835,0.001335476,0.005528973,0.00325407
8969,0.000160742,0.001332014,0.005524406,0.00324755
8970,0.000161198,0.001320026,0.005517546,0.003239298
8971,0.000161547,0.001317325,0.00551074,0.003233642
8972,0.000161673,0.001306978,0.005504515,0.003246792
8973,0.000161964,0.001296382,0.005497506,0.003247779
8974,0.00016233,0.001298428,0.005490622,0.003247524
8975,0.000162632,0.001299407,0.005483629,0.003229938
8976,0.000163087,0.001302484,0.005476277,0.003229729
8977,0.000163235,0.001290304,0.005467852,0.003232019
8978,0.000163044,0.001290432,0.005459763,0.003242903
8979,0.000163839,0.001292003,0.005452352,0.003241986
8980,0.000164284,0.001292534,0.005443499,0.00324765
8981,0.0001645,0.001284772,0.00543545,0.003238278
8982,0.000165009,0.00128854,0.005426315,0.003234331
8983,0.000164889,0.001287681,0.005416991,0.003237463
8984,0.000164869,0.001284498,0.005409864,0.003245516
8985,0.000165576,0.001272678,0.005400351,0.003248631
8986,0.000165779,0.001261581,0.005391273,0.003252667
8987,0.000166827,0.001253018,0.005381631,0.003254524
8988,0.000167057,0.001255471,0.005370445,0.003238452
8989,0.000167054,0.001252395,0.005359965,0.003232626
8990,0.000167693,0.001250421,0.005350808,0.003224898
8991,0.000167613,0.001245315,0.005343657,0.003236057
8992,0.000167597,0.001242695,0.005333787,0.003197151
8993,0.000167779,0.001241267,0.005326523,0.003164547
8994,0.000168005,0.00124435,0.005317011,0.00316021
8995,0.000167957,0.001239741,0.005309339,0.003156413
8996,0.000168326,0.001239305,0.005301758,0.003157022
8997,0.000168926,0.001235421,0.00529597,0.003158745
8998,0.000169218,0.001231111,0.005288552,0.003184555
8999,0.000169127,0.001227925,0.005282297,0.003166304
9000,0.000169372,0.001226439,0.00527553,0.003157649
9001,0.00016946,0.001223632,0.005268039,0.00315717
9002,0.000169579,0.001219717,0.00526377,0.003154205
9003,0.000169623,0.001221048,0.005258887,0.003149706
9004,0.000169674,0.001207181,0.005254341,0.003139509
9005,0.000169794,0.001202425,0.005249677,0.003151131
9006,0.000169976,0.001202079,0.005243699,0.003128027
9007,0.000169962,0.001201402,0.005239507,0.003130628
9008,0.000169742,0.001204972,0.005235425,0.003121786
9009,0.000170215,0.001202878,0.005231753,0.003127594
9010,0.000170322,0.001203539,0.005227347,0.003124514
9011,0.000170397,0.001205276,0.005223933,0.003086232
9012,0.000170456,0.001205219,0.005221034,0.00309483
9013,0.000170928,0.001210263,0.005220028,0.003026236
9014,0.000171255,0.00121213,0.005217705,0.003009404
9015,0.00017164,0.001205226,0.005214674,0.002963565
9016,0.000171642,0.001208185,0.005211862,0.002971305
9017,0.000171896,0.001204743,0.005209658,0.002932021
9018,0.000171902,0.001201194,0.005207406,0.002944106
9019,0.000172018,0.001196233,0.005205,0.002956099
9020,0.000172027,0.001198666,0.005205203,0.002952038
9021,0.00017224,0.001199813,0.005205517,0.00289198
9022,0.000172399,0.001196892,0.005204528,0.002854249
9023,0.000172446,0.001187486,0.005205049,0.002858502
9024,0.000172575,0.001190595,0.00520396,0.00285429
9025,0.000172538,0.001191465,0.005205054,0.002848273
9026,0.000172858,0.001190773,0.005205207,0.002902855
9027,0.000172981,0.001185972,0.005205583,0.002905443
9028,0.000173254,0.001182741,0.005207919,0.002901011
9029,0.000173202,0.001178858,0.005208929,0.002909777
9030,0.000173452,0.001175295,0.005210977,0.002908855
9031,0.000173501,0.001174858,0.005213412,0.002908155
9032,0.000173671,0.001176154,0.005214834,0.002908104
9033,0.000173321,0.00116861,0.005215466,0.002920687
9034,0.000173318,0.001166932,0.005218801,0.002927157
9035,0.000173592,0.001166314,0.00522061,0.002899385
9036,0.000173952,0.001167258,0.00522237,0.002898908
9037,0.000174018,0.001171677,0.005226141,0.002901308
9038,0.000174455,0.001163783,0.005229266,0.002903221
9039,0.000174514,0.001160697,0.005233161,0.002908023
9040,0.000175065,0.00116027,0.00523785,0.002909225
9041,0.000175266,0.001155108,0.005241551,0.002910154
9042,0.000175199,0.001152513,0.005245338,0.002908791
9043,0.000175294,0.00115675,0.005251346,0.002909193
9044,0.000175345,0.001155885,0.005256817,0.002902132
9045,0.000175238,0.001156607,0.0052617,0.002902377
9046,0.000175365,0.001155695,0.005266248,0.002871268
9047,0.000175339,0.001150645,0.005271984,0.002868454
9048,0.000175532,0.001139655,0.005278901,0.002868316
9049,0.000175898,0.001135274,0.005284624,0.002868669
9050,0.000175768,0.001138511,0.005292818,0.002878937
9051,0.000175629,0.001137944,0.005298517,0.002867762
9052,0.000175902,0.001138888,0.005304881,0.002870054
9053,0.000175613,0.001137834,0.005312512,0.002897283
9054,0.000175981,0.001138576,0.00531846,0.002899259
9055,0.000176468,0.001137675,0.005327264,0.002901955
9056,0.000176711,0.001137895,0.005335811,0.002905481
9057,0.000176677,0.001136714,0.005344313,0.002916141
9058,0.00017643,0.001137428,0.005352508,0.002909162
9059,0.000176308,0.001139752,0.005359123,0.002912354
9060,0.000176137,0.001144472,0.005369001,0.002915396
9061,0.000176264,0.001144856,0.005377443,0.002917786
9062,0.000176188,0.001142745,0.005386878,0.00290171
9063,0.000176686,0.001140014,0.005396714,0.00290193
9064,0.000177279,0.001134471,0.005405185,0.002943695
9065,0.000177471,0.001135734,0.005416286,0.002944968
9066,0.000177484,0.001135051,0.0054265,0.002945954
9067,0.000177683,0.001139135,0.00543598,0.002946208
9068,0.000177519,0.001133574,0.005447205,0.002946504
9069,0.000177721,0.001134504,0.005459677,0.002948092
9070,0.000177934,0.001131117,0.00547208,0.002952244
9071,0.000178431,0.001130761,0.005484252,0.002955006
9072,0.000178599,0.001125226,0.005494521,0.002944396
9073,0.000178355,0.00112658,0.005506903,0.002947989
9074,0.000178264,0.001129484,0.005520093,0.002950557
9075,0.000178287,0.001135284,0.005533638,0.002978843
9076,0.000178699,0.001133397,0.005546753,0.003022937
9077,0.000178262,0.001130317,0.005560218,0.003025988
9078,0.000178214,0.001127748,0.005572189,0.003026606
9079,0.000178067,0.00112418,0.005585779,0.00302741
9080,0.00017791,0.001126432,0.005599352,0.003027391
9081,0.000178253,0.001127238,0.005613426,0.003024741
9082,0.000178479,0.001130486,0.005628743,0.003009604
9083,0.000178288,0.001129891,0.005642128,0.00301118
9084,0.000178589,0.001134645,0.005657192,0.002983132
9085,0.000178959,0.001134753,0.005630795,0.002980172
9086,0.000179155,0.001136402,0.005601917,0.002972317
9087,0.000179254,0.00113483,0.005571687,0.002974882
9088,0.000179462,0.00113504,0.005542289,0.002976711
9089,0.000179586,0.001141285,0.005512013,0.00305098
9090,0.000179706,0.001140839,0.005481463,0.003096352
9091,0.000179926,0.001143581,0.005450585,0.003112514
9092,0.000179804,0.001143892,0.005418796,0.003112395
9093,0.000179627,0.001141056,0.005387931,0.003126761
9094,0.000179704,0.001136833,0.005356211,0.003112981
9095,0.000179356,0.001136585,0.005324125,0.003121085
9096,0.000179131,0.001136668,0.005292318,0.003119659
9097,0.000179347,0.001139592,0.005260515,0.00311989
9098,0.000179017,0.001140001,0.005227369,0.003120619
9099,0.000179034,0.001139404,0.005194243,0.003121108
9100,0.000179071,0.001136718,0.005160773,0.00312198
9101,0.000179145,0.001134659,0.005127728,0.003126276
9102,0.000179642,0.001132613,0.005093721,0.00312604
9103,0.000179797,0.001132164,0.005059185,0.003133323
9104,0.00017986,0.001132099,0.005025809,0.003136231
9105,0.000179861,0.001132227,0.004992253,0.003137455
9106,0.000180037,0.001131638,0.004957354,0.003135655
9107,0.000180379,0.001130747,0.004922786,0.003133107
9108,0.000180297,0.001131893,0.004919774,0.00313186
9109,0.000180644,0.001132113,0.004917679,0.00313199
9110,0.000180866,0.001135017,0.004916338,0.003121059
9111,0.000181021,0.001134544,0.004915516,0.003120151
9112,0.000181049,0.001135533,0.004915411,0.003121465
9113,0.000181055,0.00113634,0.004915377,0.003125563
9114,0.000181059,0.00113403,0.004915377,0.003126579
9115,0.00018134,0.00113056,0.004915377,0.003093693
9116,0.000181328,0.001132365,0.004915377,0.003093009
9117,0.000181512,0.001129465,0.004915377,0.003086212
9118,0.000181472,0.001128015,0.004915377,0.003083983
9119,0.000181615,0.001127816,0.004915377,0.003081371
9120,0.000181588,0.001121972,0.004915377,0.003085123
9121,0.000181476,0.001119047,0.004915377,0.003086583
9122,0.000181942,0.001118041,0.004915377,0.003092378
9123,0.000181854,0.001117152,0.004915377,0.003087373
9124,0.000182081,0.001118419,0.004915377,0.003095519
9125,0.000182079,0.001118046,0.004915377,0.00310068
9126,0.000182151,0.001116583,0.004915377,0.003097691
9127,0.00018217,0.001116945,0.004915377,0.003087378
9128,0.000182212,0.001116872,0.004915377,0.003073626
9129,0.000182474,0.001113948,0.004915377,0.003078923
9130,0.000182569,0.001105027,0.004915377,0.00307798
9131,0.000183063,0.001102553,0.004915377,0.003085942
9132,0.000183206,0.001101914,0.004915377,0.003087102
9133,0.000183178,0.00110017,0.004915377,0.003110276
9134,0.000183057,0.00109844,0.004915377,0.003185146
9135,0.000182882,0.001098698,0.004915377,0.003196931
9136,0.000182719,0.00109649,0.004915377,0.003224562
9137,0.000182569,0.001095661,0.004915377,0.00328216
9138,0.00018267,0.001095294,0.004915377,0.003299518
9139,0.000182622,0.001095336,0.004915377,0.003312129
9140,0.000182588,0.001095294,0.004915377,0.003333434
9141,0.000182667,0.00109503,0.004915377,0.003335402
9142,0.000182792,0.001094104,0.004915377,0.00333622
9143,0.000182662,0.001093457,0.004915377,0.003335627
9144,0.00018254,0.001095311,0.004915377,0.003336128
9145,0.000182548,0.001096593,0.004915377,0.003358268
9146,0.000182648,0.001094359,0.004915377,0.003439801
9147,0.000182547,0.001094765,0.004915377,0.003439313
9148,0.000182698,0.001095918,0.004915377,0.003439052
9149,0.00018269,0.001097149,0.004915377,0.003444139
9150,0.000182596,0.001097205,0.004915377,0.003424
9151,0.00018238,0.00109716,0.004915377,0.003418562
9152,0.000182792,0.001097489,0.004915377,0.003418403
9153,0.000183031,0.001096935,0.004915377,0.003418478
9154,0.000182655,0.001097546,0.004915377,0.003418854
9155,0.000182466,0.001098388,0.004915377,0.00342298
9156,0.000182504,0.001098473,0.004915377,0.003412358
9157,0.000182772,0.001097234,0.004915377,0.003442158
9158,0.000182888,0.001097208,0.004915377,0.003430947
9159,0.000182801,0.001093944,0.004915377,0.003432422
9160,0.000182593,0.001094107,0.004915377,0.003444619
9161,0.000182863,0.001094256,0.004915377,0.003455905
9162,0.000182793,0.001094187,0.004915377,0.003450786
9163,0.000182831,0.001094095,0.004915377,0.003452777
9164,0.000182801,0.001094309,0.004915377,0.003456035
9165,0.000182546,0.001093899,0.004915377,0.003454337
9166,0.000182648,0.001094599,0.004915377,0.003452066
9167,0.00018247,0.001094873,0.004915377,0.003428956
9168,0.000182357,0.001095195,0.004915377,0.003427749
9169,0.000182371,0.001095751,0.004915377,0.003424635
9170,0.000182231,0.001092944,0.004915377,0.003419828
9171,0.000182165,0.001088881,0.004915377,0.003427495
9172,0.000181929,0.001088145,0.004913587,0.003426689
9173,0.000181793,0.001087216,0.004913961,0.003419535
9174,0.000181368,0.001086973,0.004913308,0.003421111
9175,0.000180853,0.001086474,0.004911762,0.003392043
9176,0.000180794,0.001085308,0.004910034,0.003402313
9177,0.000180956,0.001086083,0.004909098,0.003394403
9178,0.000180532,0.001085965,0.004906285,0.003398092
9179,0.000180425,0.001084902,0.004904499,0.003390509
9180,0.000180442,0.001086429,0.004900816,0.003390686
9181,0.000180087,0.0010872,0.004900258,0.003393606
9182,0.000179674,0.001082946,0.00489861,0.003402414
9183,0.000179886,0.001082595,0.004897627,0.003400533
9184,0.000179801,0.001078958,0.004896441,0.003401543
9185,0.000179783,0.001077419,0.004894522,0.003402053
9186,0.000179582,0.001077201,0.004893747,0.003401458
9187,0.000179734,0.001077618,0.004891664,0.003407085
9188,0.000179717,0.001078077,0.004888828,0.003406199
9189,0.000179781,0.001078001,0.004887256,0.003406007
9190,0.000179918,0.001077391,0.004886058,0.003406745
9191,0.000179908,0.001077355,0.004884444,0.003400417
9192,0.000179754,0.001078014,0.0048832,0.003399611
9193,0.000179352,0.001075845,0.004880352,0.003403047
9194,0.000179142,0.001076984,0.00487868,0.003404071
9195,0.000179002,0.001076674,0.004877143,0.003420344
9196,0.000179135,0.001076811,0.004874703,0.003442016
9197,0.000179254,0.001075598,0.004873854,0.003443017
9198,0.000179199,0.001075562,0.00487187,0.003467394
9199,0.000179291,0.001074621,0.004869656,0.003466745
9200,0.000179312,0.001075084,0.004867135,0.003466612
9201,0.000179109,0.001076653,0.004864963,0.003503044
9202,0.000179211,0.001078981,0.00486009,0.003502391
9203,0.000179133,0.001082296,0.004855265,0.003527066
9204,0.000178917,0.001080433,0.004851785,0.003524484
9205,0.000178696,0.001080423,0.004848058,0.003505357
9206,0.000178659,0.001081257,0.004846583,0.00350809
9207,0.000178782,0.001080853,0.004843362,0.003521931
9208,0.000178499,0.001082798,0.004840509,0.003532479
9209,0.000178301,0.001083715,0.004836865,0.003577653
9210,0.000178375,0.001083469,0.004834576,0.003605399
9211,0.000178188,0.001085535,0.004831771,0.003606841
9212,0.000178547,0.001084816,0.004829953,0.003609333
9213,0.000178578,0.00108542,0.004827985,0.003616313
9214,0.00017857,0.001084453,0.004823799,0.003614286
9215,0.000178604,0.001081656,0.004820522,0.003617231
9216,0.000178413,0.001079169,0.00481744,0.003640995
9217,0.000178735,0.001078577,0.004815149,0.003644763
9218,0.000178802,0.001076759,0.004812563,0.003644476
9219,0.00017875,0.001077007,0.004808395,0.003649751
9220,0.000178635,0.00107721,0.004805738,0.003660518
9221,0.000178572,0.001076361,0.004802185,0.003664463
9222,0.000178298,0.001075233,0.004798981,0.003669999
9223,0.000178188,0.001075126,0.004795562,0.00367339
9224,0.000178023,0.001073505,0.004791951,0.003673943
9225,0.00017807,0.001069414,0.004787455,0.003673334
9226,0.000178308,0.001070417,0.004783609,0.003673158
9227,0.000178114,0.001071428,0.004779251,0.003673906
9228,0.000178044,0.001071,0.004776912,0.003668616
9229,0.000178052,0.001070842,0.00477419,0.00366917
9230,0.000177822,0.001069774,0.004769994,0.003675258
9231,0.000177808,0.001070355,0.004765938,0.003676165
9232,0.000177686,0.001068635,0.00476191,0.003643318
9233,0.000177749,0.001068395,0.004757832,0.003636469
9234,0.000177914,0.001068361,0.004752054,0.003635992
9235,0.000177695,0.001070932,0.004748323,0.003637022
9236,0.000177603,0.001071747,0.004742703,0.003635103
9237,0.000177463,0.001071832,0.004739223,0.003634532
9238,0.000177657,0.001070711,0.004732345,0.003634998
9239,0.000177748,0.001069674,0.004727537,0.003647667
9240,0.000177656,0.001069482,0.004723167,0.003650943
9241,0.000177665,0.001068617,0.004718789,0.003650549
9242,0.000177655,0.001068247,0.004716207,0.003650562
9243,0.000177384,0.00106805,0.004710454,0.003649385
9244,0.000177599,0.001066168,0.004707064,0.003649856
9245,0.000177417,0.001063461,0.004703587,0.003642074
9246,0.000177396,0.001063502,0.004700222,0.003644381
9247,0.000177433,0.001062899,0.004696445,0.003641418
9248,0.000177233,0.001063435,0.004691608,0.003640137
9249,0.000177183,0.001063814,0.004685978,0.003648702
9250,0.000177098,0.001064091,0.004681094,0.003653584
9251,0.000176838,0.001064871,0.004674475,0.003662893
9252,0.000176802,0.001062823,0.004668459,0.003658212
9253,0.000176708,0.001062116,0.004663427,0.003670646
9254,0.000176754,0.001062746,0.004659262,0.003675105
9255,0.00017667,0.001063988,0.004653634,0.003671929
9256,0.00017661,0.001061217,0.0046496,0.003670821
9257,0.000176416,0.001058365,0.004643163,0.003666437
9258,0.000176532,0.001054687,0.004637214,0.003665572
9259,0.00017631,0.001053979,0.004631764,0.003659939
9260,0.000176139,0.001049969,0.004624139,0.003653324
9261,0.000175953,0.001045651,0.004617711,0.003653116
9262,0.000175845,0.001045359,0.004611976,0.003641365
9263,0.000175739,0.001043668,0.004606294,0.003656279
9264,0.000175442,0.001042291,0.004601393,0.003670147
9265,0.000175415,0.001041307,0.004596916,0.003671932
9266,0.000175398,0.001041368,0.004590798,0.003668199
9267,0.000175323,0.001037445,0.004585,0.003669781
9268,0.000175104,0.001035379,0.004578722,0.003674918
9269,0.000175181,0.001034536,0.00457358,0.003674035
9270,0.000174947,0.001033787,0.004567635,0.003705485
9271,0.000174866,0.001029,0.004560859,0.003709252
9272,0.000174818,0.001028377,0.004554729,0.003719523
9273,0.00017459,0.001027588,0.004547671,0.003724835
9274,0.000174544,0.001027842,0.004541553,0.003739906
9275,0.000174506,0.001028453,0.004535841,0.003739831
9276,0.00017478,0.001024776,0.004529059,0.00374935
9277,0.000174754,0.00102319,0.004523621,0.003769427
9278,0.000174478,0.001022404,0.004518263,0.003806068
9279,0.000174738,0.001017247,0.004511294,0.003809826
9280,0.000174616,0.001015903,0.004506564,0.003831263
9281,0.000174421,0.001016085,0.00450074,0.00385889
9282,0.000174463,0.001012873,0.004495438,0.003850762
9283,0.000174445,0.001007505,0.004489519,0.003855558
9284,0.000174305,0.001006924,0.004482847,0.003890419
9285,0.000174354,0.001006617,0.004475203,0.003892036
9286,0.00017414,0.001005774,0.004469235,0.003885254
9287,0.000173766,0.001004355,0.004463719,0.003913959
9288,0.00017374,0.001004531,0.004456267,0.00390413
9289,0.000174013,0.00100477,0.0044484,0.00390279
9290,0.000173723,0.000998593,0.004440715,0.003911879
9291,0.000173559,0.000997229,0.004433966,0.003912437
9292,0.000173402,0.00099469,0.004428125,0.00389745
9293,0.000173406,0.000996868,0.004420865,0.003895322
9294,0.000173671,0.000998105,0.004412873,0.003891414
9295,0.00017397,0.000997815,0.004406016,0.003890008
9296,0.000174058,0.000998593,0.004399021,0.003885361
9297,0.000173864,0.00099469,0.004391693,0.003885905
9298,0.00017368,0.000998105,0.004382439,0.003882224
9299,0.000173392,0.000997229,0.004376674,0.003874486
9300,0.000173374,0.000998593,0.004370247,0.003872856
9301,0.000173209,0.000999017,0.004362791,0.00387718
9302,0.000173197,0.000999697,0.004354276,0.003879602
9303,0.000173107,0.000999636,0.004346574,0.003882901
9304,0.000173333,0.001000579,0.004339144,0.003882385
9305,0.000172837,0.000998607,0.00433266,0.003931756
9306,0.000172897,0.000999077,0.004325843,0.003921396
9307,0.000172501,0.000998309,0.004319242,0.003920826
9308,0.000172517,0.000996658,0.004311387,0.003958793
9309,0.000172438,0.000997789,0.004304536,0.003959389
9310,0.000172412,0.000997948,0.00429632,0.003932522
9311,0.000172502,0.000997386,0.004287941,0.00396091
9312,0.000172535,0.000996977,0.004279206,0.003958321
9313,0.000172369,0.000997479,0.004271015,0.003969527
9314,0.000172212,0.000998141,0.004264118,0.004020882
9315,0.000172169,0.000997243,0.004255531,0.004043711
9316,0.000172475,0.00099692,0.004246966,0.004050408
9317,0.000172463,0.000999512,0.004217303,0.004040167
9318,0.000172324,0.001001716,0.004187206,0.004056419
9319,0.000171669,0.000995785,0.004155851,0.004053549
9320,0.000171278,0.000993017,0.004124992,0.004046
9321,0.0001712,0.000992805,0.004092733,0.004030423
9322,0.000171362,0.000992287,0.004060635,0.004049053
9323,0.000171212,0.000990757,0.004026923,0.004041245
9324,0.000171188,0.000986427,0.003994213,0.004043
9325,0.000171092,0.000982018,0.003961377,0.004010829
9326,0.000171492,0.000982498,0.00392785,0.004003565
9327,0.000171322,0.000974556,0.003926439,0.004032999
9328,0.000171017,0.000969293,0.003925153,0.004043552
9329,0.000170669,0.000968501,0.003923733,0.004041867
9330,0.00017031,0.000967417,0.003923733,0.003982458
9331,0.000170529,0.000968404,0.003922043,0.00398331
9332,0.000170609,0.00097291,0.003921388,0.00396691
9333,0.000170684,0.000974009,0.003919276,0.003965771
9334,0.00017061,0.000976572,0.003919135,0.003955692
9335,0.000170528,0.000976265,0.003918158,0.003979709
9336,0.000170658,0.000977394,0.003918158,0.003977395
9337,0.000170988,0.000977325,0.003918158,0.003975408
9338,0.00017086,0.000977383,0.003917036,0.00397462
9339,0.000170531,0.000978408,0.003916077,0.003939762
9340,0.000170509,0.000972826,0.003916077,0.003940017
9341,0.000170327,0.000966288,0.003915365,0.003938396
9342,0.000169509,0.000968571,0.003914962,0.003938519
9343,0.000169215,0.00096628,0.003913597,0.003938413
9344,0.00016909,0.000964956,0.003913597,0.00391305
9345,0.000168598,0.000964652,0.003913597,0.003841501
9346,0.000168414,0.000966689,0.003913484,0.003838248
9347,0.000167922,0.000964028,0.003913484,0.003842237
9348,0.000167966,0.000962413,0.003912422,0.003847386
9349,0.000167785,0.000965818,0.003912277,0.003846447
9350,0.00016743,0.000967088,0.003912277,0.003844702
9351,0.000167193,0.000968421,0.00391202,0.003842797
9352,0.000166797,0.000967214,0.00391202,0.00384303
9353,0.000166636,0.000964015,0.00391202,0.003833951
9354,0.000166495,0.000963929,0.00391202,0.003839816
9355,0.00016633,0.000964529,0.00391202,0.003839886
9356,0.000165973,0.000964561,0.00391202,0.003840281
9357,0.000165803,0.000962338,0.00391202,0.003842497
9358,0.000165905,0.000961109,0.00391202,0.003849811
9359,0.000165903,0.000961631,0.00391202,0.003801337
9360,0.000166037,0.000965093,0.00391202,0.003809741
9361,0.000165903,0.000959334,0.00391202,0.003819872
9362,0.00016603,0.000958756,0.00391202,0.003805761
9363,0.000165944,0.000955816,0.00391202,0.003800305
9364,0.00016576,0.000953337,0.00391202,0.003825155
9365,0.000165687,0.0009548,0.00391202,0.003841526
9366,0.000165866,0.000951002,0.00391202,0.003840937
9367,0.000165514,0.000945913,0.00391202,0.003838238
9368,0.000165439,0.000943775,0.00391202,0.003850856
9369,0.000165178,0.000947322,0.00391202,0.003840598
9370,0.000165275,0.000948897,0.00391202,0.00382906
9371,0.000165397,0.000948366,0.00391202,0.003824721
9372,0.000165419,0.000952094,0.00391202,0.003827828
9373,0.000165477,0.000956372,0.00391202,0.003822264
9374,0.000165197,0.000959991,0.00391202,0.00382284
9375,0.000165228,0.000966462,0.00391202,0.003826904
9376,0.00016506,0.000971116,0.00391202,0.003826855
9377,0.00016493,0.000977467,0.00391202,0.003826862
9378,0.000165119,0.00097902,0.00391202,0.00381177
9379,0.000165342,0.000981278,0.00391202,0.003814353
9380,0.00016528,0.000979991,0.00391202,0.00381089
9381,0.000165345,0.000987089,0.00391202,0.003811309
9382,0.000165357,0.000982051,0.00391202,0.003817122
9383,0.000165359,0.000982834,0.00391202,0.003801527
9384,0.000165678,0.000975035,0.00391202,0.003805914
9385,0.000165609,0.000970032,0.00391202,0.003806073
9386,0.000165337,0.000968774,0.00391202,0.003802535
9387,0.000165471,0.000967497,0.00391202,0.003800115
9388,0.000164807,0.000968978,0.00391202,0.003803666
9389,0.000164686,0.000973157,0.00391202,0.003815522
9390,0.000164409,0.000974397,0.00391202,0.003816022
9391,0.000164477,0.0009774,0.00391202,0.003819869
9392,0.000164606,0.000976592,0.00391202,0.003818941
9393,0.000164751,0.000977463,0.00391202,0.003816504
9394,0.000164463,0.000978173,0.00391202,0.003813015
9395,0.000164579,0.000977816,0.00391202,0.003808114
9396,0.00016442,0.000978983,0.00391202,0.003808616
9397,0.000164508,0.000973073,0.00391202,0.003808491
9398,0.000164403,0.000967217,0.00391202,0.003802188
9399,0.000164573,0.000968602,0.00391202,0.00379924
9400,0.000164603,0.000966789,0.00391202,0.00379837
9401,0.000164209,0.000965665,0.00391202,0.003768961
9402,0.000163929,0.000965436,0.00391202,0.003768076
9403,0.000163891,0.000967221,0.00391202,0.003770061
9404,0.000163978,0.000964703,0.00391202,0.00378601
9405,0.000163873,0.000963216,0.00391202,0.00376866
9406,0.00016368,0.000966286,0.00391202,0.003769983
9407,0.000163393,0.000967152,0.00391202,0.00377136
9408,0.000163593,0.000969034,0.00391202,0.003774075
9409,0.000163718,0.00096746,0.00391202,0.003768496
9410,0.000163222,0.000964394,0.00391202,0.003754736
9411,0.000162758,0.000964599,0.00391202,0.003749681
9412,0.000162689,0.000965477,0.00391202,0.003741573
9413,0.000162496,0.000964598,0.00391202,0.003732535
9414,0.000162589,0.000962705,0.00391202,0.003705319
9415,0.000162706,0.000961126,0.00391202,0.003702917
9416,0.000162439,0.000962112,0.00391202,0.003698566
9417,0.000162738,0.000965418,0.00391202,0.003696675
9418,0.000162613,0.000959965,0.00391202,0.00369652
9419,0.000162585,0.000959492,0.00391202,0.003699904
9420,0.000162604,0.000956726,0.00391202,0.003702369
9421,0.00016219,0.000954168,0.00391202,0.0037111
9422,0.000162253,0.000955395,0.00391202,0.003732417
9423,0.000162058,0.000951617,0.00391202,0.003739603
9424,0.000162099,0.000946558,0.00391202,0.003744017
9425,0.000161807,0.000944218,0.00391202,0.003762853
9426,0.000161526,0.000947522,0.00391202,0.003777589
9427,0.000161394,0.000949088,0.00391202,0.003775804
9428,0.000161282,0.000949343,0.00391202,0.003794503
9429,0.000160931,0.000952753,0.00391202,0.003807573
9430,0.000160703,0.000956718,0.00391202,0.003809759
9431,0.000160871,0.000960094,0.00391202,0.003828121
9432,0.000160643,0.00096695,0.00391202,0.003831198
9433,0.000160318,0.000971849,0.00391202,0.003828378
9434,0.000160001,0.000977933,0.00391202,0.003832872
9435,0.000159783,0.000979089,0.00391202,0.003913076
9436,0.000159825,0.000982047,0.00391202,0.003924314
9437,0.000159464,0.000980442,0.00391202,0.0039273
9438,0.000159342,0.000989051,0.00391202,0.003930531
9439,0.000159075,0.000988581,0.00391202,0.003930681
9440,0.000159013,0.000986518,0.00391202,0.003929134
9441,0.000159104,0.000992098,0.00391202,0.003928747
9442,0.000159173,0.000992494,0.00391202,0.003927335
9443,0.000158954,0.000990629,0.00391202,0.003921509
9444,0.000158808,0.000986426,0.00391202,0.003955276
9445,0.000158769,0.000981335,0.00391202,0.003955024
9446,0.000158827,0.000983765,0.00391202,0.003945219
9447,0.000158501,0.000981859,0.00391202,0.0039297
9448,0.000158134,0.000979658,0.00391202,0.003927031
9449,0.000158075,0.00098102,0.00391202,0.003915541
9450,0.000158018,0.000979157,0.00391202,0.003910746
9451,0.000158207,0.000979721,0.00391202,0.003918767
9452,0.000158455,0.000980484,0.00391202,0.003919599
9453,0.000158201,0.000975155,0.00391202,0.003919533
9454,0.000157889,0.000972142,0.00391202,0.003916568
9455,0.000157979,0.000972792,0.00391202,0.003911839
9456,0.00015796,0.000975913,0.00391202,0.003884881
9457,0.000157745,0.000977046,0.00391202,0.003876499
9458,0.000157897,0.000976497,0.00391202,0.003870797
9459,0.000157576,0.000974427,0.00391202,0.003869673
9460,0.000157324,0.000968522,0.00391202,0.003867754
9461,0.00015739,0.000968593,0.00391202,0.003870012
9462,0.000157397,0.000969629,0.00391202,0.003872542
9463,0.000157495,0.00096941,0.00391202,0.00386169
9464,0.000157651,0.000968397,0.00391202,0.003861987
9465,0.000157414,0.000968513,0.00391202,0.003862786
9466,0.000157468,0.00097333,0.00391202,0.003861557
9467,0.000156673,0.000974031,0.00391202,0.003838186
9468,0.000156668,0.000977515,0.00391202,0.003839966
9469,0.000156504,0.000976806,0.00391202,0.003840294
9470,0.000156049,0.000978156,0.00391202,0.003845197
9471,0.000155669,0.000977997,0.00391202,0.003853953
9472,0.000155793,0.000977669,0.00391202,0.00384388
9473,0.000155575,0.000978636,0.00391202,0.003843461
9474,0.000155376,0.000973604,0.00391202,0.003854897
9475,0.00015516,0.00096633,0.00391202,0.003857334
9476,0.000154735,0.000968904,0.00391202,0.003866032
9477,0.000154668,0.000966572,0.00391202,0.003861475
9478,0.000154758,0.00096574,0.00391202,0.003850099
9479,0.000154202,0.000965233,0.00391202,0.003848806
9480,0.000153717,0.00096757,0.00391202,0.003843895
9481,0.000153872,0.0009647,0.00391202,0.003837499
9482,0.000153502,0.000963073,0.00391202,0.003867178
9483,0.000153637,0.000966231,0.00391202,0.003858318
9484,0.000153584,0.000967533,0.00391202,0.003863226
9485,0.00015285,0.000968443,0.00391202,0.003867833
9486,0.000152729,0.000968115,0.00391202,0.003928471
9487,0.000151696,0.000964406,0.00391202,0.003931025
9488,0.000151356,0.000964507,0.00391202,0.003928317
9489,0.000151418,0.000964651,0.00391202,0.003927989
9490,0.000150668,0.000965266,0.003910817,0.003931551
9491,0.000150695,0.000962705,0.003908715,0.003919492
9492,0.000150745,0.000961443,0.003906752,0.003910911
9493,0.000150389,0.000961773,0.003903096,0.003913024
9494,0.000150183,0.000965466,0.003900754,0.003921482
9495,0.000150104,0.000960326,0.003897009,0.003946714
9496,0.000149873,0.000958998,0.003893259,0.003955821
9497,0.000149198,0.000956159,0.003888251,0.003955403
9498,0.000149048,0.000954201,0.003883373,0.003927298
9499,0.000149272,0.000955659,0.003878049,0.003938205
9500,0.00014888,0.000951119,0.003871645,0.003947777
9501,0.000148829,0.000946426,0.003865555,0.004007724
