Epoch,Cloud,Macro,Small,UAV
1,0.419865453,0.439786026,0.193360242,0.629728849
2,0.419700735,0.439761988,0.19348971,0.629953507
3,0.419846366,0.439750675,0.193499601,0.630075422
4,0.420032535,0.439840832,0.193486757,0.630337362
5,0.420340645,0.43981074,0.193560518,0.630312263
6,0.420448899,0.439877682,0.193588127,0.63036384
7,0.420559331,0.439931853,0.19356675,0.630638418
8,0.420898278,0.439885329,0.193634496,0.630775364
9,0.421020232,0.439872712,0.193580703,0.630748045
10,0.421154563,0.439995276,0.193622953,0.630988586
11,0.42139852,0.440108423,0.193602539,0.631001421
12,0.421707816,0.440205978,0.193692151,0.631131814
13,0.421849428,0.440212282,0.193674311,0.631167414
14,0.42215101,0.440350245,0.193856715,0.631170345
15,0.422489873,0.440342574,0.193887679,0.631228316
16,0.422681864,0.440406648,0.193947723,0.631206457
17,0.422991204,0.44043503,0.193988144,0.631210354
18,0.423261843,0.440528189,0.194006644,0.631201833
19,0.42340169,0.440624238,0.194066171,0.631321496
20,0.423579748,0.440602832,0.194100265,0.631294543
21,0.423824382,0.440676087,0.194165493,0.631313456
22,0.424083178,0.44060641,0.194238119,0.631237845
23,0.424318924,0.44054843,0.194399556,0.631404402
24,0.424726846,0.440517551,0.194465079,0.631622878
25,0.425002786,0.440501332,0.194453829,0.631653401
26,0.425380319,0.440385627,0.194511329,0.631760392
27,0.425669245,0.440400896,0.194610214,0.631768115
28,0.425910499,0.440399441,0.194639763,0.63176378
29,0.426127305,0.440429342,0.194683075,0.631702913
30,0.426462189,0.440338937,0.194788283,0.631907914
31,0.426766293,0.440414051,0.194786494,0.631969664
32,0.427083192,0.440377138,0.194904818,0.632051385
33,0.427430928,0.440381574,0.194947461,0.632088526
34,0.427677714,0.440361071,0.195063779,0.632110888
35,0.428030705,0.440302886,0.195239222,0.632262969
36,0.42819097,0.440273443,0.195268871,0.632341014
37,0.428460197,0.440210944,0.195339961,0.632410406
38,0.428785266,0.440154703,0.195354147,0.632772098
39,0.429246937,0.440120343,0.195358072,0.632930612
40,0.429471016,0.4401021,0.195365126,0.633287322
41,0.429601734,0.440081781,0.195383601,0.63327878
42,0.429851172,0.440031655,0.195407823,0.633296783
43,0.430054781,0.440059889,0.195507502,0.633398461
44,0.430287554,0.440054508,0.195437185,0.633516537
45,0.430637651,0.440055904,0.195460931,0.633545955
46,0.430785947,0.440080793,0.19541079,0.633603718
47,0.431131742,0.440116399,0.195512915,0.633740279
48,0.431545285,0.43990004,0.195595191,0.634074118
49,0.431744384,0.439876974,0.195523271,0.634034823
50,0.431882589,0.439962496,0.19556705,0.633992623
51,0.432124561,0.439958372,0.195580519,0.634076615
52,0.432372432,0.439981481,0.195590574,0.634157661
53,0.432649482,0.439922338,0.195789242,0.634216955
54,0.432920077,0.439783913,0.195710275,0.634246362
55,0.433230195,0.439803822,0.195729084,0.634270042
56,0.433301856,0.439829108,0.19559904,0.634560416
57,0.43355516,0.439794989,0.195740215,0.634459732
58,0.433800208,0.439730993,0.195820161,0.634565837
59,0.434145933,0.439740698,0.195794109,0.634888792
60,0.434423795,0.439752304,0.19576258,0.634995262
61,0.434762401,0.439826061,0.195794114,0.63523
62,0.435017596,0.439867803,0.195854567,0.635321595
63,0.435372029,0.439903255,0.195986371,0.63535619
64,0.435590812,0.439971414,0.196006764,0.635394365
65,0.43580721,0.440027256,0.196085619,0.63472516
66,0.435971624,0.440073197,0.195989844,0.634912916
67,0.436100056,0.44011626,0.196103941,0.634651278
68,0.436466009,0.440072862,0.196174594,0.634657434
69,0.436716978,0.440090909,0.19619702,0.634571322
70,0.436948365,0.440173271,0.196143705,0.634525594
71,0.437260484,0.440147211,0.196272343,0.634528295
72,0.437603435,0.44012749,0.196500797,0.634560597
73,0.437694791,0.440226862,0.196501724,0.634674154
74,0.437948069,0.440320339,0.196530025,0.634717561
75,0.438090963,0.440377168,0.196577481,0.634750776
76,0.438273582,0.440483635,0.196683428,0.634812196
77,0.43862555,0.440546152,0.196736653,0.634856268
78,0.438949582,0.440560188,0.196798375,0.63470762
79,0.439118945,0.440622019,0.196782971,0.634812093
80,0.439190904,0.440646856,0.196898543,0.635151818
81,0.439383203,0.440629587,0.197004769,0.635270547
82,0.439615906,0.440584758,0.197074576,0.635289957
83,0.439806131,0.440538663,0.197133158,0.635288218
84,0.440039315,0.440483104,0.197263429,0.635511122
85,0.440111939,0.44041241,0.197266479,0.635643755
86,0.440368745,0.440387694,0.197389223,0.635749949
87,0.440598362,0.440396725,0.197453872,0.635920103
88,0.440722536,0.440390764,0.197411414,0.635967658
89,0.44097669,0.440413053,0.197506233,0.636046632
90,0.441168066,0.44045019,0.1973813,0.636506005
91,0.4413903,0.440317,0.197564476,0.636603581
92,0.441519714,0.440302702,0.197500543,0.636636424
93,0.441756157,0.440246155,0.197559619,0.637058006
94,0.441961766,0.44020703,0.197914428,0.637165462
95,0.442006493,0.440324159,0.197993078,0.637332708
96,0.442095577,0.440340779,0.198026334,0.6376625
97,0.442179508,0.440254403,0.198051111,0.637690083
98,0.442481635,0.440263704,0.198139923,0.637778146
99,0.442513912,0.440340668,0.198264917,0.637734398
100,0.442745131,0.440312104,0.198257316,0.637763636
101,0.443170791,0.440271979,0.198420296,0.638081934
102,0.443255642,0.440344625,0.198419655,0.6382754
103,0.443431241,0.440375211,0.198491682,0.638026217
104,0.443827187,0.440323509,0.198593152,0.637962363
105,0.444171833,0.440249814,0.19858498,0.637847905
106,0.444324446,0.440255654,0.198632238,0.637833068
107,0.444485834,0.44029375,0.198575589,0.63800733
108,0.444553921,0.440358021,0.198621845,0.63798778
109,0.444997135,0.440173394,0.198615827,0.637998451
110,0.445225967,0.44016056,0.19864917,0.637964952
111,0.445382368,0.440190217,0.198770289,0.6377996
112,0.44562281,0.440229689,0.198689494,0.637833301
113,0.445728605,0.440178865,0.198707793,0.637995678
114,0.445987994,0.440107076,0.198940045,0.638042553
115,0.446186449,0.440116746,0.198983383,0.638061597
116,0.446260562,0.440141479,0.199020913,0.638055056
117,0.446424618,0.440188943,0.199062104,0.638056808
118,0.44669698,0.440082606,0.199134382,0.638362652
119,0.446753958,0.440074503,0.199184722,0.638434251
120,0.44715283,0.439987036,0.199241035,0.638818805
121,0.44728412,0.44007265,0.199368815,0.638862553
122,0.447556471,0.44008118,0.19943081,0.639000646
123,0.447695492,0.440111236,0.199392538,0.639142256
124,0.44780096,0.440113813,0.199427473,0.638908474
125,0.448106716,0.440085193,0.199512516,0.639081542
126,0.448302045,0.440073364,0.199533285,0.639121485
127,0.448548678,0.440103289,0.199602912,0.638987108
128,0.448835839,0.4400804,0.199726486,0.638919599
129,0.44905988,0.440058948,0.199855226,0.63869222
130,0.449218673,0.440113326,0.199900441,0.638667931
131,0.449500965,0.440137074,0.199975026,0.63874989
132,0.449780874,0.440237894,0.20001961,0.638866369
133,0.449896259,0.440275844,0.200057228,0.639072331
134,0.45021491,0.440280953,0.200127402,0.639193801
135,0.450467602,0.440280555,0.200187341,0.639366949
136,0.45073444,0.440225784,0.200276613,0.639565911
137,0.450906626,0.440185105,0.200155263,0.639539145
138,0.451251568,0.440238931,0.200588147,0.639769122
139,0.451412194,0.440296093,0.20063228,0.639734624
140,0.451662709,0.440336375,0.200710236,0.639701253
141,0.451920407,0.440248334,0.200795232,0.639882641
142,0.452206929,0.440240985,0.200792359,0.639887097
143,0.452320715,0.440277935,0.200884873,0.639918229
144,0.452610592,0.440337275,0.201008939,0.640274475
145,0.452817645,0.440389834,0.201081666,0.639889861
146,0.452957712,0.440431979,0.201037945,0.640051744
147,0.45313289,0.440478369,0.201127777,0.640164501
148,0.453285998,0.440433938,0.201184683,0.640469285
149,0.453445881,0.440410383,0.201374985,0.640442539
150,0.453685447,0.440486286,0.2013363,0.640615971
151,0.453864232,0.440433567,0.201457905,0.64056993
152,0.454009277,0.440509923,0.201571353,0.640840827
153,0.454284314,0.44049236,0.201781413,0.640829933
154,0.454344802,0.440537765,0.201809256,0.640831532
155,0.454654376,0.440558899,0.201945407,0.640748086
156,0.45491135,0.440502375,0.202032207,0.640741306
157,0.455100448,0.44055477,0.202083346,0.641137325
158,0.455182018,0.44058362,0.202083203,0.641047818
159,0.455398459,0.44064029,0.202165695,0.641043835
160,0.455734526,0.440607425,0.202164484,0.641109626
161,0.455916884,0.440687064,0.202197877,0.641510343
162,0.456140378,0.440655003,0.202228934,0.641692121
163,0.456422053,0.440774426,0.202330086,0.641735543
164,0.456700376,0.440755567,0.20239068,0.64206198
165,0.456756938,0.440864892,0.202363572,0.642437534
166,0.456940371,0.440831049,0.202291499,0.64274649
167,0.457093967,0.440809144,0.202397767,0.643124554
168,0.457359666,0.440795561,0.202413054,0.643155244
169,0.457483061,0.440812042,0.202497703,0.643141891
170,0.457851904,0.440769166,0.202575468,0.643235149
171,0.458180866,0.440704515,0.202596112,0.643580039
172,0.458471892,0.440732172,0.202651525,0.643828281
173,0.458647944,0.440691006,0.202710635,0.643693243
174,0.458883087,0.44068574,0.202941404,0.643343125
175,0.459002756,0.440705795,0.202988515,0.643567527
176,0.459307151,0.4406484,0.203124639,0.643696133
177,0.459414686,0.440705182,0.203161379,0.643874912
178,0.459572825,0.440750829,0.203137587,0.643638338
179,0.459631625,0.440743487,0.203209682,0.643763152
180,0.459810964,0.440738369,0.203259993,0.644084892
181,0.459938302,0.440785356,0.203312742,0.644075289
182,0.459971543,0.440861477,0.20335714,0.644325271
183,0.460155198,0.440876488,0.203745237,0.644346171
184,0.460508099,0.440908605,0.203851529,0.644716894
185,0.460591164,0.440975529,0.203871262,0.644846648
186,0.460760602,0.441044499,0.203916191,0.644654135
187,0.460931734,0.441084727,0.203900718,0.644915343
188,0.461081265,0.441126555,0.203949226,0.645305307
189,0.461337931,0.441113603,0.203936307,0.645689772
190,0.46150426,0.441088388,0.203894042,0.646154441
191,0.461594565,0.441096678,0.203993809,0.646510481
192,0.461815252,0.441080292,0.204090017,0.646580539
193,0.462090802,0.441107879,0.204108894,0.646889006
194,0.462267873,0.441074796,0.204218376,0.647129932
195,0.462394303,0.441165326,0.204294181,0.646983852
196,0.46264409,0.441195007,0.204337752,0.647337057
197,0.462861327,0.441231629,0.204500716,0.647132911
198,0.462926362,0.441272873,0.20442393,0.64728751
199,0.463084998,0.441260746,0.204352038,0.647310743
200,0.463151626,0.441312751,0.204282107,0.647363895
201,0.46327826,0.44138442,0.204297978,0.647561166
202,0.463477553,0.44144906,0.204423965,0.647877511
203,0.463650052,0.441477961,0.204563471,0.647862305
204,0.463735783,0.441541428,0.20460539,0.647875723
205,0.463960594,0.441517752,0.20461663,0.648203652
206,0.464156678,0.441520609,0.204734499,0.648176151
207,0.464333658,0.441608207,0.204693307,0.648368873
208,0.46451477,0.441687841,0.204799852,0.648544897
209,0.464575479,0.441783822,0.204817128,0.648595031
210,0.464709667,0.441784577,0.204830376,0.648531575
211,0.465064903,0.441688431,0.204864071,0.648864329
212,0.465126861,0.441704749,0.205016766,0.648982583
213,0.465319219,0.441745189,0.205032309,0.64897266
214,0.465532033,0.441870918,0.20504444,0.649186216
215,0.465831076,0.441955268,0.205483519,0.649133729
216,0.466026581,0.441951189,0.205518203,0.649548643
217,0.46619576,0.441969369,0.205577166,0.64937308
218,0.466362311,0.441985891,0.205664316,0.649373102
219,0.466557538,0.442043809,0.205660619,0.649339968
220,0.466642972,0.442024335,0.2056515,0.649700158
221,0.466905503,0.442124979,0.205796985,0.649754321
222,0.467119494,0.442145626,0.205832807,0.649853114
223,0.467260025,0.442169089,0.205897345,0.650373573
224,0.467557298,0.442075852,0.205872805,0.650875225
225,0.467692082,0.442128408,0.205936376,0.650685157
226,0.467735569,0.442173015,0.205899136,0.65108393
227,0.467891125,0.442203617,0.205924252,0.651236385
228,0.468206038,0.442207758,0.2059922,0.650983523
229,0.468550692,0.442250623,0.206041263,0.651047624
230,0.468697375,0.442236042,0.206171352,0.651102105
231,0.468856238,0.442234852,0.20618961,0.651428276
232,0.469105398,0.442352964,0.206289846,0.651449058
233,0.469268135,0.442345522,0.206353412,0.651723244
234,0.469516626,0.442436534,0.206463227,0.651758032
235,0.469779329,0.442411041,0.206543339,0.651990826
236,0.469935505,0.442441024,0.206606056,0.652297699
237,0.470131154,0.442418222,0.206685584,0.652349852
238,0.470265355,0.442421689,0.206794917,0.652323077
239,0.470556532,0.442428011,0.206906228,0.6526694
240,0.470684216,0.442395176,0.207014034,0.652789518
241,0.470847657,0.442445484,0.207013694,0.652804763
242,0.471044574,0.442474043,0.206934001,0.653092824
243,0.47113648,0.442543354,0.207014852,0.653083226
244,0.471243747,0.442570667,0.207004277,0.653408373
245,0.471359365,0.442583287,0.2070248,0.653765861
246,0.471566441,0.442586427,0.207040939,0.653793369
247,0.471807815,0.442597415,0.207190336,0.653792247
248,0.471936414,0.442736775,0.207236162,0.654083679
249,0.47199966,0.442813329,0.207231574,0.654189914
250,0.472232819,0.442899322,0.207166889,0.654236902
251,0.472379419,0.442981743,0.207276033,0.654184509
252,0.472498702,0.44310232,0.207286197,0.65408791
253,0.472588179,0.443110729,0.207347104,0.654136155
254,0.472737822,0.443194785,0.207363103,0.654232024
255,0.472967182,0.443230451,0.207480095,0.654342075
256,0.473015397,0.443303312,0.207483091,0.654689872
257,0.473107937,0.443347329,0.207376035,0.654862595
258,0.473360435,0.443422401,0.207484142,0.655231611
259,0.473617177,0.443385153,0.207965298,0.655353983
260,0.473879652,0.443386475,0.208038351,0.655545535
261,0.474099398,0.443337242,0.208113104,0.655563967
262,0.474393681,0.443284742,0.208283633,0.655966918
263,0.474707469,0.443272992,0.208294603,0.656304778
264,0.474869316,0.443452326,0.20838578,0.656438354
265,0.475066758,0.443456889,0.208456517,0.656471232
266,0.475099674,0.443628242,0.208437585,0.656651219
267,0.475136003,0.443734968,0.208469969,0.656677708
268,0.475338281,0.443885714,0.208496253,0.657000458
269,0.475446159,0.443835189,0.208920507,0.656992133
270,0.475678952,0.443913739,0.209013402,0.656862639
271,0.475872149,0.444029015,0.209171554,0.656856538
272,0.47594993,0.444156862,0.20916678,0.656929828
273,0.476072645,0.444221128,0.209313804,0.656912044
274,0.476264182,0.444213213,0.209607164,0.656925965
275,0.476328905,0.444274552,0.209568064,0.657222913
276,0.476503498,0.444239414,0.209617959,0.657288319
277,0.476729217,0.44418757,0.20973351,0.657441237
278,0.476848409,0.444177597,0.209626557,0.657467783
279,0.476941091,0.444262747,0.209641109,0.657528387
280,0.476984332,0.444353267,0.209545762,0.657744106
281,0.477067866,0.444412609,0.209728739,0.657470902
282,0.477345266,0.444485086,0.209820569,0.657515404
283,0.477562822,0.444520968,0.210026057,0.657608164
284,0.477619215,0.444628704,0.209991603,0.657844996
285,0.477752822,0.444690403,0.210084712,0.658028196
286,0.478012094,0.444739001,0.210111893,0.658058223
287,0.478093244,0.444820192,0.210171148,0.658544184
288,0.478347488,0.444890364,0.210315418,0.659172064
289,0.478476047,0.444887475,0.210375268,0.659396113
290,0.478686765,0.444896167,0.210474705,0.659424975
291,0.478854727,0.444871626,0.210509457,0.659671837
292,0.479102986,0.444906459,0.210646451,0.659963021
293,0.479238735,0.444951086,0.210742838,0.660120598
294,0.479392899,0.445089698,0.210976304,0.660250217
295,0.479516366,0.445146679,0.210955501,0.66025917
296,0.479744534,0.445006931,0.21116748,0.660610315
297,0.479965464,0.444973083,0.211217029,0.660780885
298,0.480043257,0.444860454,0.211225995,0.66095819
299,0.480364152,0.444908765,0.211304502,0.660969326
300,0.480681826,0.444929261,0.211362552,0.661334007
301,0.48077785,0.445038306,0.211406407,0.661298607
302,0.480950705,0.445053135,0.211616016,0.661778914
303,0.481032738,0.445114325,0.211606607,0.661950581
304,0.481205828,0.445195725,0.211611371,0.661885565
305,0.481367019,0.4450765,0.211900285,0.661863503
306,0.481485456,0.445221319,0.212354114,0.662353498
307,0.481624724,0.445207978,0.212357542,0.66253393
308,0.481747967,0.44535688,0.212359379,0.662593694
309,0.482002236,0.445376641,0.212429577,0.662563929
310,0.482242349,0.445518729,0.212526029,0.662355713
311,0.482380501,0.445611952,0.212655924,0.662353306
312,0.482532821,0.445653914,0.212629862,0.662522233
313,0.482666907,0.445672293,0.212704242,0.662382871
314,0.482805956,0.445722677,0.212770144,0.662388886
315,0.482952961,0.445868369,0.212872692,0.662454731
316,0.483148232,0.445881212,0.212884067,0.662515047
317,0.483333283,0.44584232,0.213008188,0.662500166
318,0.483498158,0.445931649,0.213159781,0.662240133
319,0.483787343,0.445958836,0.213336587,0.662788609
320,0.483829935,0.44607668,0.213260868,0.662846783
321,0.483850541,0.446202389,0.213316102,0.662845454
322,0.484039987,0.446213724,0.213276633,0.662747244
323,0.484231456,0.446258973,0.213426764,0.66277551
324,0.484314811,0.446391306,0.213477323,0.663184955
325,0.48467046,0.446355416,0.213788758,0.663550372
326,0.484797129,0.446396338,0.213758152,0.663611042
327,0.485055492,0.446345815,0.213852954,0.663908198
328,0.485348913,0.446262344,0.213902994,0.663912986
329,0.48553013,0.446376702,0.214035304,0.664117098
330,0.485638478,0.446417577,0.214087919,0.66410158
331,0.48582716,0.446483721,0.214232141,0.664377737
332,0.485955532,0.446605957,0.214211205,0.664515975
333,0.48627688,0.446619362,0.214369727,0.66489515
334,0.486425744,0.44664061,0.214361632,0.664958283
335,0.486494884,0.446727946,0.214363001,0.665183773
336,0.486653628,0.44674024,0.214413175,0.665237751
337,0.48684486,0.446787498,0.214435352,0.665541562
338,0.487103222,0.446809798,0.214545421,0.665792509
339,0.487281731,0.446946665,0.214524031,0.665876836
340,0.487630318,0.447027382,0.21481271,0.665916437
341,0.487771789,0.447085005,0.21489655,0.66628319
342,0.48795402,0.447094022,0.214919606,0.666309981
343,0.488136872,0.447080611,0.214880736,0.666247136
344,0.488280054,0.447090338,0.21496578,0.666412919
345,0.488464314,0.447107933,0.215040535,0.666700557
346,0.488501359,0.447111546,0.215080624,0.666913133
347,0.488643478,0.447134585,0.215279301,0.667084834
348,0.488813912,0.447222151,0.21538652,0.667101234
349,0.488953636,0.447291874,0.215446938,0.66704944
350,0.489136719,0.447381021,0.215564902,0.666834018
351,0.489331633,0.447407639,0.215687568,0.666921516
352,0.48945746,0.447532631,0.215646827,0.667179899
353,0.48963638,0.447596049,0.2157051,0.667268172
354,0.489795341,0.447641019,0.215787608,0.667667306
355,0.489950561,0.447798162,0.215753006,0.667858666
356,0.490009006,0.447828497,0.215774509,0.667728935
357,0.490260147,0.447858955,0.215720374,0.668167542
358,0.490363317,0.447979481,0.215865041,0.668085405
359,0.490582198,0.448059401,0.215955218,0.66835046
360,0.49074598,0.448100907,0.216096803,0.668093447
361,0.490928676,0.448207345,0.2163095,0.668081388
362,0.49116276,0.448093948,0.216276939,0.66816426
363,0.491190079,0.448182131,0.216250147,0.668512348
364,0.491356868,0.448081243,0.216318886,0.668681258
365,0.491454698,0.448009818,0.216356779,0.66886605
366,0.491421284,0.44805482,0.216422826,0.668529322
367,0.491649391,0.448145485,0.216662203,0.668303796
368,0.491816844,0.448098333,0.21700982,0.668667168
369,0.492029412,0.448177007,0.217083029,0.668778719
370,0.492197939,0.44808654,0.217197712,0.669352288
371,0.492332348,0.448171523,0.217206496,0.669374038
372,0.492510068,0.44813904,0.217272881,0.669547633
373,0.492761593,0.448221022,0.217297867,0.669580174
374,0.492966696,0.448255789,0.21741505,0.669276905
375,0.493272841,0.448286404,0.217468086,0.669344433
376,0.493536213,0.448302334,0.217593829,0.669998381
377,0.493629533,0.448263263,0.217769807,0.669891237
378,0.493742202,0.448340268,0.217810938,0.670139305
379,0.493919878,0.448320184,0.217800212,0.670480336
380,0.493991419,0.448445314,0.217793836,0.6706829
381,0.494062093,0.448469031,0.217885238,0.671068373
382,0.49411747,0.448589807,0.217815743,0.671424706
383,0.494263955,0.448649566,0.218153698,0.671404434
384,0.49465563,0.448664168,0.218246648,0.671832622
385,0.494750913,0.448773343,0.218219831,0.672018236
386,0.495109407,0.448754385,0.218452141,0.672098736
387,0.495387306,0.448785761,0.218632714,0.672440292
388,0.49557304,0.448728373,0.218608595,0.672427656
389,0.495902718,0.448756436,0.218708574,0.672867631
390,0.496067631,0.448852473,0.218787855,0.672821586
391,0.496188545,0.448938684,0.218920839,0.673000134
392,0.49635392,0.449099976,0.21865525,0.673397578
393,0.496393899,0.449027442,0.218771759,0.67328347
394,0.496753047,0.449116632,0.218967982,0.673312736
395,0.496807716,0.449153017,0.219014808,0.673088678
396,0.496865384,0.449218022,0.219078497,0.672918793
397,0.497158505,0.449199999,0.219153095,0.672810781
398,0.497201661,0.449209424,0.218880286,0.673359224
399,0.497331569,0.449281458,0.219091624,0.673173375
400,0.497480005,0.449322795,0.219110971,0.673488975
401,0.497474116,0.449437221,0.219094259,0.673774704
402,0.497731369,0.449439152,0.219448361,0.673896919
403,0.497846295,0.449512433,0.219333889,0.673938493
404,0.498156514,0.449547761,0.219407901,0.674626963
405,0.498283228,0.449538182,0.219647323,0.67454036
406,0.498513684,0.449509192,0.21969241,0.674729543
407,0.498594137,0.449565995,0.219536009,0.675098283
408,0.498660381,0.449619715,0.219592981,0.674960445
409,0.49893871,0.449723221,0.219742413,0.675417194
410,0.499095255,0.449766648,0.219854881,0.675548108
411,0.49922057,0.449830446,0.219876409,0.675687253
412,0.499327296,0.449897492,0.220047686,0.675577374
413,0.499602466,0.45001107,0.220230237,0.675862521
414,0.499843253,0.450064544,0.220692115,0.675880556
415,0.500035624,0.450096821,0.220730811,0.676326756
416,0.500235854,0.450090711,0.220750226,0.676889073
417,0.500496561,0.450051429,0.220747951,0.677125443
418,0.500754326,0.450142839,0.220935124,0.677022586
419,0.500816339,0.450198101,0.220920782,0.677324917
420,0.500923136,0.450197011,0.220900915,0.677857588
421,0.501115677,0.45022778,0.220939829,0.677764
422,0.501294028,0.450241256,0.220958463,0.677793128
423,0.501642443,0.450274906,0.221155802,0.678125836
424,0.501719428,0.450354645,0.221271998,0.678040849
425,0.501815072,0.450433168,0.221331513,0.678177397
426,0.50193842,0.450579341,0.221509097,0.678102223
427,0.502089007,0.450693814,0.221559009,0.67828391
428,0.502316716,0.450711807,0.221642891,0.678469695
429,0.502419772,0.450775168,0.221659891,0.678636707
430,0.502525471,0.450773764,0.221651291,0.678780901
431,0.502752525,0.450829358,0.221779718,0.678665228
432,0.502992835,0.450832556,0.222231464,0.67904289
433,0.503222705,0.450862092,0.222338956,0.678949983
434,0.503400401,0.450830851,0.223077507,0.678979376
435,0.503688658,0.450927329,0.223036868,0.679356986
436,0.50380797,0.450910954,0.223193429,0.679507155
437,0.503924815,0.45091798,0.223217277,0.679975143
438,0.504037367,0.450910817,0.223302421,0.680216684
439,0.504183888,0.451061993,0.22336177,0.680272771
440,0.504412292,0.451044307,0.223374101,0.680648727
441,0.504605677,0.451056581,0.223509145,0.680448873
442,0.504866259,0.451031722,0.223542911,0.679926255
443,0.505078626,0.450982749,0.223618287,0.680265741
444,0.505376723,0.450866254,0.223788055,0.680389424
445,0.505592603,0.450868054,0.223963106,0.68035681
446,0.505790596,0.450914875,0.224079655,0.680558523
447,0.506071407,0.450906057,0.22416639,0.680868153
448,0.506194815,0.450965307,0.224580881,0.681146608
449,0.506362318,0.450893825,0.224966536,0.681291947
450,0.50655341,0.450973276,0.224978217,0.681693185
451,0.50678424,0.451055724,0.22512512,0.681570264
452,0.506912002,0.451061435,0.225110158,0.681866996
453,0.506948642,0.451213348,0.225163634,0.681982918
454,0.507019512,0.451304414,0.225275681,0.681808162
455,0.507079536,0.451454422,0.225297166,0.681785449
456,0.507281444,0.451530636,0.225267672,0.682000295
457,0.507407568,0.451531074,0.225332765,0.682226397
458,0.507489969,0.451575307,0.225173432,0.682298533
459,0.507728408,0.451638678,0.22525248,0.682638858
460,0.507885878,0.451667933,0.225439915,0.683062088
461,0.508094189,0.451732757,0.225681801,0.683012829
462,0.508320205,0.451821376,0.22591113,0.683136705
463,0.508485624,0.451891317,0.225998033,0.683104484
464,0.508661492,0.451928162,0.226032766,0.683337745
465,0.508905371,0.452016012,0.226263596,0.683434651
466,0.508986642,0.452025863,0.22622246,0.683987903
467,0.509079746,0.452138229,0.226273681,0.683946352
468,0.509190596,0.452250618,0.226729146,0.683823675
469,0.509377668,0.452343462,0.226775379,0.683863074
470,0.50945845,0.452515376,0.226759652,0.684044832
471,0.509671701,0.452567187,0.226800974,0.684369346
472,0.509862514,0.452675378,0.226798743,0.684473627
473,0.509994523,0.452765981,0.22688471,0.684424944
474,0.510269654,0.452858619,0.22697607,0.684754727
475,0.510547783,0.452794016,0.227036232,0.685064059
476,0.510608581,0.45289778,0.227528086,0.684807995
477,0.510899854,0.452984675,0.227715268,0.685177599
478,0.511044,0.452996097,0.227847157,0.685227024
479,0.511293618,0.453046348,0.227921024,0.685684547
480,0.511453553,0.453116044,0.22814271,0.685728916
481,0.511613584,0.453294496,0.228138534,0.685726329
482,0.511848058,0.453390165,0.228187959,0.685772885
483,0.512193636,0.453445585,0.228256408,0.686142418
484,0.512459576,0.453423787,0.228381451,0.686428888
485,0.512543758,0.453543473,0.228316864,0.686584157
486,0.512790073,0.453555471,0.228421557,0.687014415
487,0.512947956,0.453610844,0.228531106,0.687354982
488,0.513149198,0.453606356,0.228670615,0.687359278
489,0.513360786,0.453638791,0.228793536,0.687829254
490,0.513526049,0.45370771,0.228904446,0.68805854
491,0.513669234,0.453677298,0.229035041,0.688067597
492,0.513796112,0.453690214,0.229230454,0.688067022
493,0.513913678,0.45377473,0.229202531,0.688171517
494,0.514089899,0.453827193,0.2291895,0.68854219
495,0.514090382,0.453902178,0.229070833,0.688690037
496,0.514190624,0.453885277,0.229138715,0.689242492
497,0.514215914,0.453965155,0.229089645,0.689220017
498,0.514386724,0.453988082,0.229081404,0.689310866
499,0.514450416,0.454070166,0.229104414,0.689585201
500,0.514647827,0.453960559,0.22916562,0.689930822
501,0.514857013,0.453935734,0.229518149,0.689834355
502,0.514947946,0.453952353,0.229544666,0.689945397
503,0.515156589,0.45405111,0.229995293,0.690036809
504,0.515347122,0.453948298,0.229988424,0.69040115
505,0.51558741,0.453975652,0.230375755,0.690712071
506,0.51574423,0.453918252,0.230325184,0.690743418
507,0.516005532,0.453949418,0.230490034,0.69085701
508,0.515983594,0.454018175,0.230627155,0.690739835
509,0.516327793,0.45412709,0.2307678,0.691182673
510,0.516523432,0.454013153,0.230768319,0.691444984
511,0.516706213,0.453998705,0.230970463,0.691993346
512,0.516914092,0.453963619,0.231027684,0.692200116
513,0.517152053,0.454011314,0.231111505,0.692294061
514,0.517197878,0.453959664,0.230939261,0.692273816
515,0.517208296,0.454047625,0.23094924,0.692678302
516,0.517418284,0.454003965,0.231210033,0.692670701
517,0.517653791,0.454129234,0.231403973,0.693019207
518,0.517864289,0.454011589,0.231428957,0.693576091
519,0.518013893,0.453977157,0.2315244,0.693540876
520,0.518298607,0.453900791,0.231666884,0.693871085
521,0.518410994,0.454042747,0.231866076,0.694130549
522,0.51861015,0.454085692,0.232008271,0.694451275
523,0.518639735,0.454097356,0.231895393,0.694731263
524,0.518645944,0.454163228,0.231892514,0.694503754
525,0.518905173,0.454240431,0.231987638,0.694832337
526,0.519033695,0.454295741,0.232216934,0.695056619
527,0.519104247,0.454434983,0.232154214,0.695221886
528,0.519336019,0.454476437,0.232253215,0.695616966
529,0.51936289,0.454523745,0.232441262,0.695710849
530,0.519494635,0.454575885,0.232506091,0.69553834
531,0.519642995,0.45463069,0.232657101,0.695792916
532,0.519764315,0.454674559,0.232672877,0.695781635
533,0.519919961,0.454756195,0.232740089,0.695793625
534,0.520135143,0.454773339,0.232745649,0.696328366
535,0.520063072,0.454840079,0.232654577,0.696519703
536,0.5203091,0.454929973,0.232718131,0.696684735
537,0.520490683,0.45497391,0.232715197,0.697005871
538,0.520661016,0.455035024,0.232889066,0.697024047
539,0.520744714,0.455192415,0.23298264,0.69705273
540,0.520926677,0.455226637,0.233059903,0.697297401
541,0.521215299,0.455308719,0.233396722,0.697715213
542,0.521392599,0.455335887,0.233785144,0.697986321
543,0.521448684,0.455510853,0.233790862,0.697884522
544,0.521733584,0.455551074,0.233932033,0.698331894
545,0.521873754,0.455629688,0.234118191,0.698713471
546,0.522206926,0.455604543,0.234140215,0.698889533
547,0.52234179,0.455717681,0.234092189,0.699090413
548,0.52249933,0.455772741,0.234166637,0.699012629
549,0.522617229,0.455926179,0.234335019,0.699222154
550,0.5228014,0.455894686,0.234422333,0.699309799
551,0.52297648,0.456004818,0.234498931,0.699367202
552,0.52315741,0.455971127,0.234566005,0.699394276
553,0.523334014,0.456130725,0.23462243,0.699739032
554,0.5235351,0.456140336,0.234715814,0.700094582
555,0.523772677,0.456182377,0.234996207,0.700633151
556,0.523986021,0.456173292,0.235081223,0.700913015
557,0.524173564,0.456233432,0.235079038,0.701272546
558,0.524317791,0.456252356,0.235150936,0.701265144
559,0.524370328,0.45630642,0.235238015,0.701024105
560,0.524480983,0.456381995,0.235311476,0.701233378
561,0.524596252,0.456444528,0.235372294,0.70137669
562,0.524695412,0.456479225,0.235488553,0.701395138
563,0.524794763,0.456583047,0.235655167,0.701652383
564,0.524982332,0.456595686,0.235868032,0.701584855
565,0.525119502,0.456691911,0.235891258,0.702663577
566,0.525290513,0.456696156,0.235962069,0.703001998
567,0.525475286,0.456773979,0.236118571,0.703191701
568,0.525464499,0.456839212,0.236489592,0.703205595
569,0.525693982,0.456835561,0.236651825,0.703305051
570,0.525893392,0.456861355,0.236828687,0.70332393
571,0.52604588,0.456885219,0.237055017,0.703286155
572,0.526098414,0.456881874,0.23693782,0.703440822
573,0.526211791,0.456946273,0.237058958,0.703333836
574,0.526359376,0.456976744,0.237124286,0.703464926
575,0.526524543,0.457081928,0.237011287,0.70389255
576,0.526717988,0.457096088,0.23736581,0.704208895
577,0.526865339,0.45709906,0.237885289,0.704399821
578,0.526845256,0.457171772,0.237932234,0.704549773
579,0.526998149,0.457202865,0.238030142,0.7046977
580,0.527190822,0.457278739,0.238028876,0.704670809
581,0.527396816,0.457295026,0.238061716,0.704901839
582,0.527514777,0.457317651,0.238144394,0.705123841
583,0.5276984,0.457402589,0.238257622,0.705834936
584,0.527781191,0.457499115,0.238264169,0.70608832
585,0.527925982,0.457651929,0.238355108,0.705932908
586,0.528131122,0.457707546,0.238307839,0.706009729
587,0.528305032,0.45765229,0.238591512,0.706154189
588,0.528350864,0.457670831,0.23871017,0.706426058
589,0.528520496,0.457689542,0.23879939,0.706622131
590,0.528678642,0.457775351,0.238976631,0.706466983
591,0.528724172,0.457812969,0.238880556,0.706656724
592,0.5289142,0.457894626,0.239037574,0.706953875
593,0.529069313,0.45797035,0.239369608,0.7068554
594,0.52916582,0.458015406,0.239061895,0.707081919
595,0.529411081,0.45796434,0.239204781,0.707223534
596,0.529586929,0.458088795,0.239305297,0.707462064
597,0.529848256,0.458182842,0.239473878,0.707975898
598,0.52987726,0.458300124,0.239554802,0.708139956
599,0.529923048,0.458295662,0.239389932,0.708391882
600,0.530090363,0.458328925,0.239569555,0.708700616
601,0.530119316,0.458367055,0.239743086,0.708500185
602,0.530277993,0.458463125,0.239838477,0.708506559
603,0.530535132,0.458569222,0.240058035,0.7080451
604,0.530610473,0.458645826,0.240207919,0.708351662
605,0.530739901,0.458697555,0.240234691,0.708570084
606,0.530906874,0.45870857,0.240314884,0.708914166
607,0.530976652,0.458828096,0.240365526,0.708895872
608,0.531293062,0.458830919,0.240728709,0.709136301
609,0.531361388,0.458952611,0.240757816,0.709356428
610,0.531446301,0.459040546,0.240904544,0.709369637
611,0.531686734,0.459088379,0.241087414,0.709772142
612,0.531805427,0.459140427,0.241130454,0.710175667
613,0.531859539,0.459258045,0.241079344,0.71027976
614,0.532002007,0.459342627,0.241117036,0.710608463
615,0.532122849,0.459424057,0.241263035,0.710777272
616,0.532372294,0.459429768,0.241442382,0.710890794
617,0.532543766,0.45950317,0.241759821,0.711203717
618,0.53258584,0.459600999,0.241686676,0.711149491
619,0.532785249,0.459742255,0.241734573,0.711566315
620,0.532873749,0.459849353,0.241843592,0.711636453
621,0.533041766,0.459817658,0.242030961,0.711755189
622,0.533273248,0.459895564,0.242308732,0.711694767
623,0.533502118,0.459876821,0.242532198,0.71198811
624,0.533602776,0.459985111,0.242692796,0.712041586
625,0.533584182,0.460049018,0.242655706,0.712298819
626,0.533690823,0.460128841,0.242629559,0.712814458
627,0.533836893,0.460164745,0.242885708,0.713129665
628,0.533922513,0.460168418,0.24301907,0.713390296
629,0.534014366,0.460233378,0.242944153,0.713580196
630,0.534188741,0.46025874,0.243325238,0.71405523
631,0.534246944,0.460245926,0.243343681,0.713935223
632,0.534451704,0.460168023,0.243498333,0.714106579
633,0.534611615,0.460190987,0.243588131,0.714123758
634,0.534609937,0.460285992,0.243407922,0.71398183
635,0.534712277,0.460352765,0.243420564,0.714334641
636,0.534843972,0.460503642,0.243439543,0.714657673
637,0.534976278,0.460546671,0.243795111,0.714999906
638,0.534930238,0.460632066,0.243465127,0.714967644
639,0.535013784,0.460618457,0.243594935,0.71532303
640,0.535284472,0.460651639,0.24402815,0.71602994
641,0.535430497,0.460690341,0.244080929,0.71649935
642,0.53550594,0.460818173,0.243957514,0.717038687
643,0.535762791,0.460797106,0.244209775,0.717200908
644,0.535851444,0.460861076,0.244515813,0.717080292
645,0.536011125,0.460870695,0.244614315,0.717297622
646,0.536214971,0.460915861,0.24484248,0.717412975
647,0.536361482,0.460962252,0.244894037,0.71743477
648,0.536363543,0.461117105,0.244849912,0.717384906
649,0.536418919,0.461205048,0.244733268,0.717555426
650,0.536500218,0.461307759,0.244927231,0.717773624
651,0.536561831,0.461377066,0.24488768,0.718175617
652,0.536642354,0.461400311,0.245020173,0.718107757
653,0.536744894,0.461432692,0.244831959,0.718367971
654,0.536923592,0.461567506,0.244916303,0.718759762
655,0.536940271,0.461552156,0.244913097,0.718843296
656,0.537056912,0.461692708,0.245057213,0.719135422
657,0.537143574,0.461727669,0.24494302,0.719291239
658,0.537360872,0.461745223,0.245115698,0.719361852
659,0.537492841,0.461694032,0.245541637,0.71972177
660,0.537604365,0.461764017,0.246353551,0.720039686
661,0.53765276,0.461752465,0.246493821,0.720038254
662,0.537761564,0.461834014,0.246745282,0.719875836
663,0.537974731,0.461788171,0.246943257,0.720298703
664,0.53800768,0.46186742,0.247036263,0.720453798
665,0.538210067,0.461834706,0.247245598,0.72054257
666,0.538291945,0.46194104,0.247246604,0.720593177
667,0.538527415,0.461982851,0.247683821,0.719641064
668,0.538638731,0.462070627,0.247744016,0.719947426
669,0.538764826,0.46214479,0.247835834,0.720146883
670,0.53878716,0.462258949,0.24786229,0.720169108
671,0.538845771,0.462401865,0.24786174,0.720034901
672,0.53887838,0.462557591,0.24789227,0.720051186
673,0.538952942,0.462645661,0.248107587,0.720099508
674,0.539047654,0.462653215,0.248234112,0.720250965
675,0.53920895,0.462701911,0.24828374,0.720617586
676,0.539259689,0.462816625,0.24825898,0.720842453
677,0.539465996,0.462764641,0.248597377,0.72111602
678,0.53948829,0.462826319,0.248639238,0.721047699
679,0.539633817,0.462899655,0.248663743,0.721221059
680,0.539652527,0.462993907,0.248645536,0.721103545
681,0.539792014,0.46305137,0.24891573,0.721436471
682,0.539887491,0.463035799,0.248985194,0.721268524
683,0.540057889,0.463096193,0.249213855,0.721474336
684,0.540124147,0.463152329,0.249283916,0.721663874
685,0.54031949,0.463249688,0.249418259,0.722114175
686,0.540515278,0.463259634,0.249561973,0.72260843
687,0.540619419,0.463254116,0.250005697,0.722615062
688,0.540668081,0.463358372,0.250011431,0.722532338
689,0.540790846,0.463393435,0.250224468,0.722546146
690,0.540944935,0.463481719,0.250277092,0.722298615
691,0.54112432,0.463578839,0.250419404,0.722422259
692,0.541216725,0.463703778,0.250629495,0.722423096
693,0.541304049,0.463733679,0.251328325,0.722244003
694,0.541452897,0.463893455,0.251312067,0.72259114
695,0.541596977,0.463872968,0.251311398,0.72294502
696,0.541698011,0.463972944,0.251624746,0.72289561
697,0.54182259,0.463946973,0.251570554,0.723340776
698,0.541916731,0.464083617,0.251666416,0.723201013
699,0.542105924,0.464163516,0.251836627,0.72319727
700,0.542285245,0.464202849,0.251983516,0.723504516
701,0.542402951,0.464184891,0.252021473,0.723373651
702,0.542503769,0.464350772,0.252025964,0.723445369
703,0.542675698,0.464357086,0.25222863,0.723655989
704,0.54283036,0.46439804,0.252354517,0.72361346
705,0.543019582,0.464436484,0.252475759,0.723626553
706,0.54317167,0.464501045,0.252563243,0.72382637
707,0.543326828,0.464483034,0.252679764,0.724244895
708,0.543474442,0.464503793,0.25282943,0.724381689
709,0.543667825,0.464466905,0.253621812,0.724471753
710,0.543835311,0.464532884,0.253986369,0.724664539
711,0.54398629,0.464514532,0.254121132,0.724751347
712,0.544116062,0.464612122,0.254139925,0.725091698
713,0.544254732,0.464582643,0.254148902,0.725571723
714,0.544292009,0.464626913,0.254220705,0.725529993
715,0.544373386,0.464610826,0.254012709,0.725945919
716,0.544453787,0.464775948,0.254199967,0.725718391
717,0.544625698,0.464756025,0.254574112,0.724933136
718,0.544926001,0.464882355,0.254690166,0.725376036
719,0.545083665,0.464979068,0.254728676,0.72601497
720,0.545215014,0.4650967,0.254750545,0.726083154
721,0.54520325,0.465075621,0.254652401,0.726339604
722,0.545342392,0.465088119,0.254709385,0.726493837
723,0.545440968,0.465117826,0.255073724,0.726297403
724,0.545460232,0.465255992,0.255244411,0.725826391
725,0.54560086,0.46535315,0.255369008,0.725946879
726,0.545780173,0.465387174,0.255590622,0.725940575
727,0.545942594,0.465420797,0.255723182,0.725926811
728,0.546119539,0.465410186,0.256100485,0.726367778
729,0.546091532,0.465538969,0.2561154,0.726235809
730,0.546243571,0.465589163,0.256096412,0.726495186
731,0.546412112,0.465654503,0.256125417,0.726311455
732,0.546463749,0.465604331,0.256077683,0.726686237
733,0.546583277,0.465713231,0.256245254,0.726898394
734,0.546695404,0.465737947,0.256167127,0.727325482
735,0.546844966,0.465906131,0.256297158,0.72742035
736,0.546902615,0.466005107,0.256244765,0.727566132
737,0.547065908,0.466196178,0.256586414,0.72770754
738,0.547228036,0.466211469,0.256568284,0.72806977
739,0.547322187,0.466337621,0.256935658,0.728125669
740,0.547463954,0.466372798,0.256923395,0.728304118
741,0.547698983,0.466484508,0.257056334,0.728687985
742,0.547830313,0.46651449,0.257237014,0.728832001
743,0.547943543,0.466538973,0.257304661,0.729146464
744,0.548061983,0.4666631,0.257389709,0.728890856
745,0.548143119,0.466781112,0.257703458,0.728732431
746,0.548292743,0.466833389,0.257784673,0.72903234
747,0.548378042,0.466949184,0.257966267,0.729011554
748,0.548582397,0.466957705,0.258216879,0.728803648
749,0.548723773,0.466969403,0.258261316,0.729088872
750,0.548759063,0.466913403,0.25834719,0.729015853
751,0.548863723,0.467009269,0.258402693,0.729418765
752,0.548917793,0.466946767,0.258497434,0.729764658
753,0.54911642,0.467061211,0.25944908,0.729941592
754,0.549188641,0.467019137,0.259514088,0.729883914
755,0.549405315,0.467039878,0.259608261,0.730251429
756,0.549565089,0.467063329,0.260126435,0.730189721
757,0.549677998,0.467169151,0.260257189,0.730385851
758,0.549795556,0.467128237,0.260402014,0.730377845
759,0.549840238,0.467284129,0.260164407,0.730603164
760,0.549962986,0.46727226,0.260223739,0.730892455
761,0.550089723,0.467361218,0.260265025,0.731307321
762,0.550251316,0.467380767,0.260622442,0.731601646
763,0.550156193,0.467439412,0.260630311,0.731239397
764,0.550270642,0.467358364,0.260678582,0.731250553
765,0.550339545,0.467526711,0.261023996,0.731559376
766,0.550565264,0.467414746,0.26140309,0.73184107
767,0.550745267,0.467460375,0.261556249,0.732389456
768,0.550872118,0.467395624,0.261645171,0.732721493
769,0.55103479,0.467536165,0.261680414,0.732861784
770,0.551158341,0.467543355,0.262021376,0.733515261
771,0.551272227,0.467596848,0.262218244,0.733712172
772,0.551382804,0.467530042,0.262371411,0.734205397
773,0.551559286,0.467534428,0.262393058,0.734609203
774,0.551710601,0.467561077,0.262115,0.735089921
775,0.551827768,0.467666073,0.262117264,0.735371196
776,0.551997628,0.467760884,0.262285706,0.735642751
777,0.552049472,0.467868128,0.262339818,0.735797677
778,0.552216115,0.46791395,0.262463662,0.736329393
779,0.55238197,0.46792353,0.262607276,0.736671706
780,0.552525851,0.467927854,0.262915105,0.736627578
781,0.552670909,0.46794461,0.263015052,0.737153018
782,0.552703681,0.467965846,0.263086924,0.737280998
783,0.552733268,0.468055146,0.263087487,0.737541127
784,0.552912826,0.46800008,0.263265677,0.7377698
785,0.553095663,0.468113874,0.263295754,0.737937991
786,0.553154326,0.468196145,0.263477048,0.737885088
787,0.553183604,0.468241664,0.263445932,0.737717645
788,0.55324873,0.468223675,0.263810074,0.737713589
789,0.553425921,0.468316933,0.263916295,0.737801203
790,0.553508523,0.468388995,0.263951364,0.738049757
791,0.553643859,0.468497547,0.264050444,0.738027253
792,0.553729783,0.46848004,0.26413375,0.738124352
793,0.55391037,0.468549397,0.264163635,0.738539771
794,0.554052462,0.468456851,0.264132162,0.739086092
795,0.554242466,0.468593397,0.264287026,0.739226007
796,0.554228712,0.468740856,0.264102594,0.739169158
797,0.554433597,0.468711445,0.264443801,0.739499409
798,0.554492939,0.468771565,0.264844383,0.739427804
799,0.554485373,0.468832914,0.265167114,0.739589142
800,0.554582105,0.468887615,0.26522809,0.739610457
801,0.554739381,0.468940109,0.265294435,0.739576648
802,0.554856152,0.4690461,0.265470009,0.739501993
803,0.554983176,0.469170927,0.265693437,0.739226195
804,0.555124458,0.469141853,0.265737984,0.739653877
805,0.555151948,0.469195121,0.2655359,0.740204836
806,0.555219722,0.469201062,0.265300243,0.740116985
807,0.555389248,0.469279094,0.265431505,0.74026477
808,0.555477239,0.469117983,0.265504684,0.740235343
809,0.5556013,0.469201117,0.265987796,0.740505713
810,0.555663111,0.46913247,0.266005154,0.740868363
811,0.555748519,0.469228055,0.266172665,0.741267266
812,0.555784045,0.469208367,0.266295018,0.741319714
813,0.555917586,0.469287491,0.266566949,0.741677344
814,0.555994133,0.46928139,0.266713287,0.741867878
815,0.55617321,0.469317335,0.266872737,0.742423884
816,0.556295945,0.469310371,0.266991857,0.742636582
817,0.55637372,0.469394403,0.26733663,0.742810153
818,0.556494393,0.469315106,0.267284155,0.743349319
819,0.556452612,0.469396435,0.267217041,0.743110321
820,0.556638538,0.469346907,0.267707828,0.743511686
821,0.556772561,0.469342093,0.267816121,0.743730206
822,0.556907668,0.469328742,0.267767187,0.744056808
823,0.556948334,0.469404208,0.267835375,0.743967509
824,0.557171999,0.469319453,0.268051829,0.744151515
825,0.557220031,0.469392611,0.267918546,0.744277569
826,0.557367923,0.469406111,0.268022713,0.744457649
827,0.557504661,0.46945185,0.26807914,0.744846032
828,0.5575769,0.469511514,0.268208236,0.744932509
829,0.557701473,0.46953542,0.268380286,0.744886484
830,0.55789454,0.469625052,0.268479924,0.745267091
831,0.55789983,0.469772009,0.268467231,0.745411598
832,0.558085196,0.469771021,0.268876123,0.745670972
833,0.558081561,0.469853115,0.268777358,0.74561974
834,0.558248024,0.469882857,0.26900565,0.745573686
835,0.558424857,0.469914599,0.269236988,0.745922941
836,0.558565686,0.469901602,0.269504314,0.746152133
837,0.558605809,0.469927676,0.269576767,0.745972241
838,0.558701793,0.469941943,0.269655779,0.745949348
839,0.558750373,0.469829788,0.269854157,0.74610293
840,0.558727698,0.469899348,0.269713634,0.746307793
841,0.558800485,0.469944462,0.269788343,0.746363993
842,0.559005176,0.469974683,0.270037959,0.746788998
843,0.559134468,0.47003274,0.270115898,0.74733006
844,0.559224812,0.470122887,0.27021016,0.747272934
845,0.559307292,0.470106794,0.270323727,0.747280651
846,0.559479289,0.470216088,0.270413543,0.747480853
847,0.559566803,0.470280841,0.270656416,0.747964562
848,0.559759026,0.470310126,0.270564662,0.748160421
849,0.559879657,0.47028519,0.270847051,0.74863046
850,0.559951561,0.470364896,0.271150604,0.748984078
851,0.559964602,0.470388338,0.271238312,0.748933983
852,0.560130281,0.470380803,0.271233592,0.748772506
853,0.560198873,0.470385955,0.27145177,0.748985006
854,0.560279278,0.470425711,0.271700209,0.748684736
855,0.560438483,0.470382135,0.271829585,0.748974977
856,0.560520833,0.470485369,0.27191786,0.749266726
857,0.560557113,0.470497522,0.272109044,0.749163747
858,0.560598364,0.470531462,0.272285287,0.749483334
859,0.56070737,0.470537201,0.272802608,0.749630768
860,0.560819214,0.470552001,0.273091604,0.750068707
861,0.56089054,0.470492616,0.272942934,0.750513013
862,0.560985847,0.470553854,0.273354016,0.750585667
863,0.56112393,0.470560726,0.273426998,0.750854787
864,0.561280937,0.470661742,0.273633566,0.751340119
865,0.561392076,0.470735156,0.273691971,0.751635285
866,0.561481652,0.470826442,0.273696683,0.752006849
867,0.561533492,0.470857253,0.273732952,0.752597169
868,0.561577897,0.470971112,0.273640416,0.752647444
869,0.56162173,0.470960198,0.273669429,0.752980854
870,0.561639044,0.471027388,0.273928737,0.752429497
871,0.561656291,0.471022614,0.274031292,0.752370369
872,0.561815153,0.471113563,0.274497042,0.752524926
873,0.561869725,0.471076858,0.274534307,0.752452387
874,0.56198568,0.47119121,0.274752885,0.752844551
875,0.562062866,0.471191253,0.275179634,0.752889544
876,0.56216872,0.471338084,0.275238394,0.752719305
877,0.562383713,0.471382571,0.275624367,0.752917444
878,0.562488181,0.47143759,0.275497872,0.75286021
879,0.562650488,0.471452255,0.275752255,0.752659878
880,0.56274135,0.471453539,0.275791027,0.752709751
881,0.562765635,0.471519927,0.275824759,0.752344943
882,0.562941288,0.471588096,0.275882482,0.752360896
883,0.562913315,0.47164245,0.275546312,0.752824792
884,0.562927157,0.471777908,0.275550686,0.752769394
885,0.563062186,0.471713842,0.275752467,0.752884529
886,0.563155242,0.471783415,0.275651028,0.753415832
887,0.563250607,0.471826323,0.276034377,0.753351535
888,0.563284077,0.472074867,0.276240474,0.753495564
889,0.563361626,0.472128201,0.276607664,0.753335573
890,0.563564984,0.472202854,0.277014543,0.753027222
891,0.563723217,0.47216203,0.277481887,0.752382023
892,0.563780884,0.472165023,0.277443527,0.752469166
893,0.564014536,0.472240226,0.278420817,0.752507093
894,0.564029952,0.472277319,0.27872443,0.752465459
895,0.56413108,0.472261243,0.278908026,0.752573828
896,0.564326373,0.472373019,0.279125286,0.75289574
897,0.56434811,0.472404318,0.279265338,0.752953195
898,0.564572002,0.472464769,0.279734412,0.753136797
899,0.56462375,0.472479446,0.279819341,0.753259838
900,0.564685295,0.472441936,0.280134799,0.753348393
901,0.564873815,0.47241376,0.280317221,0.753269988
902,0.564852219,0.472483691,0.280121589,0.75335369
903,0.564974389,0.472547577,0.2804247,0.753474389
904,0.564950115,0.472630938,0.280493861,0.753253077
905,0.565132561,0.472762294,0.2810563,0.752704718
906,0.565311964,0.472851967,0.281164985,0.7519961
907,0.565425874,0.47288961,0.281525752,0.751772006
908,0.565602958,0.472919814,0.281850594,0.752421082
909,0.565610047,0.47289297,0.281862805,0.752469575
910,0.565720388,0.472953546,0.281888506,0.752636726
911,0.565820049,0.472971122,0.281912343,0.752760076
912,0.565935136,0.472995437,0.282011624,0.753053067
913,0.565962548,0.47301318,0.28199898,0.753214485
914,0.566039368,0.473044749,0.281819881,0.753461435
915,0.566033009,0.473073651,0.281907192,0.753379905
916,0.566126852,0.473118034,0.282011988,0.753022804
917,0.566208362,0.473129196,0.282036705,0.753233756
918,0.566315824,0.473163142,0.282085178,0.753588906
919,0.566367233,0.473217228,0.282195389,0.753723255
920,0.566474117,0.473292364,0.282137578,0.753379593
921,0.56659856,0.473329409,0.282213672,0.753793809
922,0.566681473,0.473391723,0.282368883,0.753785386
923,0.566638331,0.473378757,0.282356075,0.753654114
924,0.566745011,0.473431249,0.282480266,0.754031375
925,0.566863977,0.473475132,0.282650176,0.754103813
926,0.56692216,0.473506948,0.282906369,0.754273111
927,0.567085601,0.47351721,0.283453052,0.754394976
928,0.567186505,0.473510659,0.283570501,0.754650338
929,0.567240541,0.473509192,0.283761371,0.754662173
930,0.567399065,0.473565208,0.284066631,0.754609588
931,0.567472416,0.473572883,0.284136958,0.754561629
932,0.56746369,0.473690647,0.283784483,0.754724868
933,0.567472996,0.473626023,0.283687507,0.75466896
934,0.567531038,0.473712628,0.28312007,0.755240536
935,0.567554192,0.473651956,0.283150027,0.755094675
936,0.567655353,0.47378381,0.283096824,0.755429776
937,0.567778407,0.473809416,0.283135121,0.755633693
938,0.567830848,0.473935359,0.283053137,0.756048509
939,0.567920141,0.473925502,0.28317312,0.756274851
940,0.568050803,0.47400326,0.283418316,0.756088198
941,0.568087017,0.473956014,0.283407752,0.756378515
942,0.568142571,0.474044448,0.283567271,0.757282011
943,0.568161013,0.474114365,0.283513674,0.757293184
944,0.568247338,0.474250644,0.28386205,0.757869451
945,0.568387092,0.474307776,0.284184661,0.758428859
946,0.568413649,0.474468186,0.284180097,0.758398434
947,0.568502784,0.474447529,0.284352054,0.758499407
948,0.568564713,0.474650612,0.283990549,0.758748836
949,0.568684142,0.474634454,0.283832829,0.759212354
950,0.568781512,0.474654349,0.283815671,0.759327655
951,0.568803499,0.474641742,0.283724827,0.759727201
952,0.568913776,0.474719344,0.283863629,0.758970222
953,0.569052616,0.474697079,0.284087996,0.759194889
954,0.569064272,0.474795629,0.284026288,0.759684777
955,0.569187919,0.474791112,0.284236729,0.759773214
956,0.569254176,0.474772933,0.284385975,0.75991992
957,0.5693374,0.47480651,0.284590144,0.760069775
958,0.569452635,0.474909718,0.284573815,0.760648105
959,0.569541122,0.474936729,0.285029266,0.760569195
960,0.569650767,0.475011936,0.285034087,0.760580743
961,0.569726588,0.475084982,0.285141555,0.76114869
962,0.569784096,0.475177994,0.284925855,0.761741852
963,0.569801858,0.475144908,0.284827665,0.761869888
964,0.569941953,0.475210953,0.285102601,0.762190429
965,0.569980691,0.475161753,0.285309396,0.762606167
966,0.570089445,0.475278687,0.285889142,0.762338305
967,0.570189193,0.475295966,0.285920426,0.762584854
968,0.570278717,0.475380689,0.285880274,0.762805164
969,0.570400426,0.475365004,0.285983746,0.763315114
970,0.570542791,0.475328442,0.286231838,0.763408335
971,0.570648738,0.475354104,0.286411765,0.763497425
972,0.57074453,0.475322803,0.286882765,0.763579741
973,0.570833626,0.475309475,0.286804899,0.763769534
974,0.570856406,0.475388235,0.286857269,0.764123303
975,0.57095188,0.475376547,0.286979619,0.764197519
976,0.57107133,0.475430433,0.286782686,0.764516708
977,0.571038011,0.475441433,0.286762634,0.764471518
978,0.571120027,0.475543983,0.287099718,0.764727792
979,0.571233559,0.475557918,0.288080576,0.764897183
980,0.571325285,0.475617394,0.288141486,0.765316928
981,0.571394169,0.475554981,0.288238011,0.765747267
982,0.571466027,0.475560122,0.288315969,0.765741425
983,0.571488318,0.475607974,0.288349021,0.765861747
984,0.571577715,0.47569859,0.288754969,0.765892443
985,0.571660526,0.475651474,0.28891901,0.766277847
986,0.571714283,0.475773255,0.288940786,0.766292003
987,0.57176581,0.475756145,0.288873783,0.766337742
988,0.571850662,0.475852138,0.28885072,0.76660276
989,0.57182515,0.4758433,0.288951063,0.766502067
990,0.571889359,0.475893396,0.289341853,0.76659001
991,0.572047195,0.475927891,0.289349634,0.767223014
992,0.572054496,0.476005743,0.289230358,0.767732036
993,0.572123387,0.476035709,0.289353472,0.768155286
994,0.572158834,0.475955102,0.289552635,0.768037968
995,0.572303714,0.475962731,0.289608232,0.768235226
996,0.572408424,0.476016636,0.289587519,0.767941444
997,0.572446526,0.476022464,0.289621743,0.768045515
998,0.572485819,0.476022113,0.289655309,0.76845827
999,0.572618125,0.475999704,0.289781134,0.768772514
1000,0.572751146,0.476072421,0.290187498,0.768537856
1001,0.572785336,0.476115381,0.289917219,0.768962632
1002,0.572834476,0.476222924,0.28998171,0.769001262
1003,0.572898383,0.476261079,0.28973004,0.769137826
1004,0.573049936,0.4763373,0.289955896,0.769025012
1005,0.572955486,0.476402283,0.289632662,0.769156892
1006,0.573130706,0.476442099,0.289759986,0.769325966
1007,0.57319856,0.476497153,0.289925133,0.769246066
1008,0.57332209,0.476504866,0.290136267,0.769575498
1009,0.57337927,0.476505915,0.290598653,0.769566194
1010,0.573438448,0.476564799,0.290782374,0.769289587
1011,0.573555582,0.476671098,0.290966554,0.769435537
1012,0.573564808,0.476666868,0.290940064,0.769381676
1013,0.573700606,0.476711669,0.291079931,0.769696144
1014,0.573831403,0.476731755,0.291323645,0.770074499
1015,0.573970061,0.476838651,0.292087036,0.76981923
1016,0.574056753,0.476848243,0.292145374,0.770221025
1017,0.57407525,0.476949144,0.292454,0.770140089
1018,0.574202906,0.476966171,0.292717308,0.769982949
1019,0.574380377,0.477043502,0.292807214,0.769665488
1020,0.574509675,0.477097276,0.29284399,0.769911907
1021,0.57466438,0.477135104,0.293045192,0.770290701
1022,0.574772374,0.477141854,0.293008612,0.770416037
1023,0.574975153,0.477293477,0.293593655,0.770701347
1024,0.575156791,0.477255721,0.293897826,0.771290779
1025,0.575151045,0.477346449,0.293975302,0.771210748
1026,0.575234295,0.477322805,0.294191778,0.77059843
1027,0.575393168,0.477286143,0.294614375,0.770906547
1028,0.575450768,0.477306297,0.294690785,0.771087005
1029,0.575610729,0.477375548,0.29471827,0.771549791
1030,0.575737916,0.47736295,0.294848869,0.772117749
1031,0.575798153,0.477487249,0.29501605,0.772462634
1032,0.575935496,0.4774706,0.295053943,0.773030484
1033,0.576058612,0.47759454,0.295241369,0.773483721
1034,0.576109675,0.477628969,0.295831781,0.773388829
1035,0.576315281,0.477705109,0.296297439,0.77351197
1036,0.576356342,0.477667428,0.296353669,0.773694759
1037,0.576501217,0.477865172,0.296565853,0.773848214
1038,0.576564503,0.477834885,0.296544182,0.774097773
1039,0.576698398,0.477914927,0.297108575,0.774225664
1040,0.576711211,0.477939088,0.297564318,0.774073345
1041,0.57674414,0.478080615,0.297310302,0.773939334
1042,0.57686233,0.478100304,0.29702504,0.774336879
1043,0.577051454,0.478133406,0.2974861,0.774797655
1044,0.577033516,0.478132613,0.29765642,0.774404661
1045,0.577034867,0.478333374,0.297516075,0.77423639
1046,0.577128959,0.478354514,0.297782061,0.774347274
1047,0.577215148,0.478414078,0.297881054,0.774564133
1048,0.577292358,0.478384651,0.297926002,0.774915224
1049,0.577397033,0.478379519,0.298073445,0.775334067
1050,0.577525633,0.478423361,0.298244777,0.775646381
1051,0.577615749,0.478458704,0.298437631,0.77595249
1052,0.577757455,0.478524372,0.298825722,0.776554734
1053,0.577793433,0.47860676,0.298812185,0.776882748
1054,0.577881119,0.478612257,0.298898989,0.777195631
1055,0.577904386,0.478656334,0.298781136,0.777185617
1056,0.577975783,0.478672699,0.299008597,0.776903484
1057,0.578028967,0.478751542,0.299676407,0.776669741
1058,0.578107244,0.478760587,0.29994317,0.776991886
1059,0.578199504,0.478772428,0.299953284,0.777338071
1060,0.578285617,0.478703591,0.300075897,0.77715498
1061,0.578332618,0.478748266,0.300074169,0.777191238
1062,0.578406223,0.478750863,0.300065926,0.777448729
1063,0.57838983,0.478805259,0.299989284,0.777568829
1064,0.578487566,0.478801576,0.299679313,0.777916255
1065,0.578580918,0.47875527,0.300034118,0.77806639
1066,0.578653151,0.478745988,0.300234807,0.777987399
1067,0.578722109,0.478741321,0.300335091,0.778212472
1068,0.578879768,0.478746979,0.300095071,0.778617433
1069,0.578938492,0.478810639,0.300552714,0.779028861
1070,0.579029368,0.478768102,0.300776423,0.779540301
1071,0.579121343,0.478838487,0.300572309,0.780106571
1072,0.579218404,0.478834138,0.300760344,0.780454642
1073,0.579282239,0.47888135,0.300778883,0.780690794
1074,0.579266245,0.478872762,0.300721128,0.780771869
1075,0.579286647,0.478848768,0.300961446,0.780646042
1076,0.57931043,0.478821487,0.300642989,0.78095893
1077,0.579382192,0.478854758,0.300731126,0.781233678
1078,0.579604142,0.478864585,0.301044608,0.781433467
1079,0.579696772,0.479056869,0.301188621,0.781538691
1080,0.579811753,0.479038878,0.301331069,0.781638229
1081,0.579848504,0.479066547,0.301368719,0.781892717
1082,0.579912967,0.479086027,0.301475051,0.781841856
1083,0.579939873,0.479133533,0.301598816,0.781497598
1084,0.580025963,0.479126793,0.30162168,0.780774095
1085,0.580132698,0.479128583,0.301844141,0.781091857
1086,0.580205217,0.479171465,0.302367886,0.781314717
1087,0.580264193,0.479236673,0.302216111,0.781560152
1088,0.58036297,0.479331452,0.302209895,0.781849905
1089,0.580391126,0.479371996,0.302206361,0.782008886
1090,0.58049013,0.479430209,0.302701882,0.782138413
1091,0.580619814,0.479460321,0.303093811,0.782312772
1092,0.580718146,0.479500078,0.303134271,0.782471592
1093,0.580771757,0.479577576,0.303271756,0.782668696
1094,0.580886392,0.479620642,0.303419128,0.783037253
1095,0.580948808,0.47965534,0.303731268,0.783204588
1096,0.581033263,0.479652613,0.303926792,0.783189644
1097,0.581157108,0.479661889,0.304295005,0.783221903
1098,0.581308115,0.4795926,0.304444124,0.783363851
1099,0.581535163,0.479656673,0.304732709,0.783795221
1100,0.581658045,0.479732448,0.305176122,0.784029852
1101,0.581753147,0.479773479,0.305087003,0.784604046
1102,0.581867678,0.479775379,0.305703708,0.784546975
1103,0.581849651,0.479768399,0.305597289,0.78545369
1104,0.581900498,0.479828154,0.305486147,0.785420632
1105,0.581996133,0.479881082,0.305715157,0.785423184
1106,0.582028161,0.479957093,0.305725404,0.785396764
1107,0.582127143,0.47995389,0.305769112,0.785623351
1108,0.582201942,0.479971865,0.305593002,0.785965625
1109,0.582250703,0.479973658,0.305703804,0.786292887
1110,0.582417085,0.479992041,0.305992745,0.786653207
1111,0.582370506,0.480026903,0.305893269,0.786716026
1112,0.582517061,0.480032321,0.306792138,0.786816552
1113,0.582695753,0.479993022,0.307344648,0.78695827
1114,0.582710418,0.480006265,0.307355364,0.786876885
1115,0.582747543,0.480011325,0.307575544,0.787044806
1116,0.582808541,0.480093981,0.307669069,0.787301258
1117,0.582920187,0.480093204,0.307707579,0.787526912
1118,0.583072239,0.480168281,0.307894381,0.787683111
1119,0.583195813,0.480127547,0.308214476,0.787780226
1120,0.583242358,0.480191411,0.308393435,0.78787975
1121,0.583297265,0.480199446,0.308370914,0.788219775
1122,0.583369365,0.480195454,0.308401103,0.788806249
1123,0.583439097,0.480248884,0.308406694,0.788855682
1124,0.58354982,0.480276144,0.30875263,0.789361172
1125,0.583644678,0.480291383,0.308757151,0.789461322
1126,0.583698201,0.480355222,0.309070012,0.78930056
1127,0.583757015,0.480358178,0.308890908,0.789628435
1128,0.583870081,0.480404373,0.309042321,0.790026898
1129,0.583954282,0.480400631,0.309196567,0.790087599
1130,0.583958602,0.480508925,0.308969669,0.789978535
1131,0.5841,0.480501848,0.309136029,0.790182832
1132,0.58419088,0.48063445,0.309636655,0.790416521
1133,0.584356295,0.480611651,0.309915688,0.790631875
1134,0.584428158,0.480654857,0.310181794,0.790829029
1135,0.58457499,0.480646198,0.31100465,0.790953959
1136,0.584597023,0.480649992,0.31111606,0.790939813
1137,0.584616027,0.48060812,0.311074952,0.791256857
1138,0.584688242,0.480754802,0.311235918,0.791430241
1139,0.584837326,0.480761791,0.311626615,0.791622285
1140,0.584796406,0.480876748,0.311273484,0.791594944
1141,0.58482698,0.480827992,0.311364169,0.791219249
1142,0.584917832,0.480843445,0.312188001,0.791192557
1143,0.584965213,0.480862064,0.312279933,0.791428578
1144,0.58499659,0.48096106,0.312306066,0.791842645
1145,0.585144186,0.48097879,0.312808113,0.791916863
1146,0.585169793,0.481051301,0.312830535,0.791950285
1147,0.585280083,0.48102885,0.312982357,0.791940026
1148,0.585422371,0.481030333,0.313379986,0.792070193
1149,0.585619668,0.481029114,0.313816839,0.792486203
1150,0.585655667,0.481040956,0.314155772,0.792564151
1151,0.585802933,0.481047031,0.314354338,0.792718885
1152,0.585887163,0.48116359,0.314558688,0.792944379
1153,0.58599307,0.481172265,0.314737166,0.793001763
1154,0.586064611,0.481275053,0.314747569,0.793280492
1155,0.586157808,0.481333628,0.315021309,0.793342431
1156,0.586253034,0.481450827,0.315244687,0.793737543
1157,0.586317829,0.481435251,0.31547864,0.7938343
1158,0.586357497,0.481524777,0.315518622,0.794027839
1159,0.586400687,0.481557202,0.315434543,0.794328458
1160,0.586401859,0.481704049,0.314815407,0.794312941
1161,0.586488202,0.481661761,0.314719091,0.794399635
1162,0.586562204,0.482022906,0.314793359,0.79470516
1163,0.586587727,0.481960427,0.314925858,0.794437807
1164,0.586671707,0.482053009,0.315189349,0.794341965
1165,0.586708869,0.481982721,0.315123314,0.794226772
1166,0.586788298,0.482086966,0.315405525,0.794172795
1167,0.586731384,0.482099188,0.315013705,0.795170806
1168,0.586866569,0.482183704,0.315910808,0.79528974
1169,0.587010005,0.482103884,0.315917665,0.795683389
1170,0.587110522,0.482208757,0.316016703,0.79577528
1171,0.587215386,0.482139698,0.316735309,0.796029545
1172,0.587342317,0.482165727,0.316984052,0.796000203
1173,0.587514766,0.48212557,0.31719355,0.796480382
1174,0.587558734,0.482340807,0.317148372,0.796883203
1175,0.587710944,0.482322141,0.318029944,0.79678325
1176,0.587779759,0.482478195,0.318160701,0.7970078
1177,0.587864494,0.482484786,0.31839718,0.797028628
1178,0.587982188,0.482477522,0.318560691,0.797675904
1179,0.588156509,0.48241412,0.318545903,0.797830234
1180,0.588268444,0.482542185,0.318723948,0.798034354
1181,0.588371037,0.482519245,0.318728062,0.798059837
1182,0.588518924,0.482614097,0.31889967,0.798628132
1183,0.588572451,0.482589312,0.318611622,0.79890497
1184,0.5885391,0.482757392,0.31868725,0.798585344
1185,0.588604287,0.482709194,0.318754082,0.798335814
1186,0.588584455,0.482797739,0.318692055,0.79837919
1187,0.588659579,0.482806882,0.319115405,0.798368898
1188,0.588793621,0.482793519,0.3195812,0.798771727
1189,0.588808023,0.482830735,0.319497411,0.799026466
1190,0.588900752,0.482866457,0.319729853,0.79921312
1191,0.588920196,0.482879398,0.319661494,0.799280713
1192,0.589019583,0.48282606,0.319292306,0.799777918
1193,0.589048981,0.482858597,0.318630204,0.80002147
1194,0.589102586,0.482798882,0.319164018,0.799761811
1195,0.589177538,0.48280959,0.319449595,0.800113374
1196,0.58929463,0.482768308,0.31966442,0.800405898
1197,0.589270805,0.482800486,0.319817985,0.800514309
1198,0.589421214,0.482745763,0.320548595,0.80073319
1199,0.589558878,0.482751855,0.320504044,0.801368972
1200,0.58962187,0.482766139,0.321065872,0.801250282
1201,0.589768444,0.482821905,0.321245289,0.801903671
1202,0.589829861,0.482768955,0.321490158,0.801790995
1203,0.589858151,0.482871562,0.321459399,0.802067366
1204,0.589934813,0.482845371,0.321527213,0.802346923
1205,0.58995668,0.482868755,0.321756664,0.802272582
1206,0.590090325,0.482830583,0.322347172,0.802593945
1207,0.590177477,0.482920057,0.32251844,0.802548853
1208,0.59021885,0.482947795,0.322644495,0.802781267
1209,0.590307753,0.483103949,0.322387384,0.803198131
1210,0.590403524,0.483076921,0.322181088,0.803656735
1211,0.590511562,0.483165215,0.322734787,0.803818978
1212,0.590634254,0.483132306,0.323331931,0.803668912
1213,0.59063127,0.483238061,0.323499027,0.803481622
1214,0.590754698,0.483118086,0.323716413,0.803752262
1215,0.590749532,0.48318387,0.323793484,0.803705403
1216,0.590808803,0.483144838,0.323784279,0.803945545
1217,0.590816478,0.483268856,0.323458394,0.805257782
1218,0.590864922,0.483269466,0.323794036,0.805239881
1219,0.590943295,0.483383383,0.324465235,0.804998804
1220,0.591012353,0.483372614,0.324805016,0.804940014
1221,0.591153334,0.483458649,0.325146698,0.804851519
1222,0.591266338,0.483439765,0.325335958,0.804966703
1223,0.591318774,0.483549133,0.325072977,0.805140109
1224,0.591476508,0.483501927,0.32521005,0.805582943
1225,0.591470688,0.48357652,0.325212675,0.805829543
1226,0.591534154,0.483561625,0.324912733,0.806061145
1227,0.591600357,0.483636315,0.325124949,0.80620051
1228,0.591598123,0.48363387,0.324914029,0.806224932
1229,0.591678935,0.4835918,0.325028637,0.806747045
1230,0.591780724,0.48359881,0.325464957,0.806917673
1231,0.591820133,0.483660248,0.325626148,0.806890773
1232,0.591919153,0.483668635,0.326134075,0.807011618
1233,0.591962345,0.483762896,0.326266799,0.80684057
1234,0.592038977,0.48373832,0.326600482,0.807015074
1235,0.59207242,0.483755591,0.326904158,0.80696112
1236,0.592213808,0.483706556,0.327228811,0.807059275
1237,0.592181632,0.483633048,0.32697869,0.807383185
1238,0.592155042,0.483650602,0.32701692,0.807482742
1239,0.592170379,0.483671993,0.326651093,0.807770977
1240,0.592225363,0.483704359,0.326838421,0.80805376
1241,0.592260635,0.483645957,0.326895554,0.808328203
1242,0.592267312,0.483672693,0.326969081,0.808251665
1243,0.592335672,0.483739546,0.32711232,0.808257066
1244,0.592407031,0.483671349,0.327123705,0.808853094
1245,0.592526681,0.483695668,0.326975822,0.809177784
1246,0.592542116,0.483696525,0.327108848,0.809171553
1247,0.592560407,0.483831588,0.327187808,0.809213693
1248,0.592596785,0.483835766,0.327146234,0.809401594
1249,0.592675956,0.483983359,0.327396885,0.809591947
1250,0.592886106,0.484008463,0.327443622,0.809802215
1251,0.5929737,0.484050233,0.327182064,0.809871597
1252,0.593111468,0.484091332,0.327279803,0.810196659
1253,0.593130933,0.48410938,0.327021817,0.810406869
1254,0.593221893,0.484151267,0.327184985,0.810945376
1255,0.593218845,0.48425219,0.327393034,0.811012804
1256,0.593273218,0.484232324,0.327361379,0.811135232
1257,0.593373569,0.484236058,0.327851746,0.811383518
1258,0.593488872,0.484270361,0.32784297,0.811655061
1259,0.593538003,0.484258494,0.327860968,0.811808632
1260,0.593626234,0.48426389,0.327993129,0.811843551
1261,0.593718755,0.484355849,0.328168585,0.811866222
1262,0.593663367,0.484383684,0.327718102,0.811612739
1263,0.593856733,0.484536657,0.327845802,0.812094254
1264,0.593882756,0.484503649,0.327740182,0.812602539
1265,0.593989601,0.484624428,0.327617548,0.81267855
1266,0.593977773,0.484657068,0.327362259,0.812819144
1267,0.593998206,0.484687049,0.327366207,0.812630949
1268,0.594096939,0.484677701,0.32782658,0.812639581
1269,0.59417272,0.484713799,0.327745364,0.812827748
1270,0.594229814,0.484691806,0.327703174,0.812843956
1271,0.594231186,0.484820073,0.327767488,0.813133425
1272,0.594321019,0.484839579,0.327777695,0.812222624
1273,0.594403306,0.484979572,0.328191886,0.812193387
1274,0.594496517,0.48496555,0.328178058,0.812401678
1275,0.594518861,0.484991918,0.328442826,0.812205242
1276,0.594538399,0.48497559,0.328188293,0.812385174
1277,0.594680116,0.485103476,0.328649125,0.812601272
1278,0.594791238,0.485080512,0.32890506,0.812496484
1279,0.594863812,0.485214814,0.328973083,0.812634705
1280,0.595020178,0.485188901,0.329384595,0.812971387
1281,0.595068678,0.485354438,0.329186531,0.813161909
1282,0.595228956,0.485299978,0.329598234,0.813549425
1283,0.595283903,0.485483793,0.32966283,0.813620076
1284,0.595386573,0.485441623,0.329621497,0.812678014
1285,0.595443189,0.485640698,0.329772002,0.812579068
1286,0.59552979,0.48557358,0.329811569,0.812035602
1287,0.59566035,0.485576612,0.330144731,0.812102695
1288,0.595694626,0.485528213,0.329951789,0.811003723
1289,0.595744135,0.485539449,0.330271519,0.811068579
1290,0.595840334,0.485417984,0.330518723,0.811095248
1291,0.595915064,0.485566632,0.330875072,0.81131404
1292,0.595916886,0.485551438,0.330794835,0.811199141
1293,0.595968319,0.485695229,0.3313197,0.810869184
1294,0.596033368,0.485690975,0.331469074,0.810723321
1295,0.596075307,0.485773281,0.331610889,0.8110346
1296,0.596238067,0.485705764,0.332268517,0.811292658
1297,0.596261709,0.485791879,0.332133832,0.811286099
1298,0.596335484,0.48579709,0.3323054,0.811258288
1299,0.59649532,0.485890307,0.332235289,0.811720913
1300,0.596607409,0.485858416,0.332240171,0.811848819
1301,0.59672313,0.48595163,0.332567737,0.812309276
1302,0.596744872,0.485889913,0.332741776,0.812405179
1303,0.59678322,0.485962935,0.332768298,0.812652191
1304,0.596847095,0.485915191,0.332762233,0.812669592
1305,0.596936285,0.48598843,0.332875782,0.812640308
1306,0.596999679,0.485953934,0.333071225,0.812330095
1307,0.597059869,0.486038523,0.333203962,0.812709834
1308,0.597188991,0.486044,0.33363789,0.812730301
1309,0.597202167,0.486135356,0.333430046,0.812930476
1310,0.59730203,0.486101166,0.333583013,0.81291861
1311,0.597341754,0.48615523,0.33352451,0.813177319
1312,0.597478871,0.486148107,0.333582664,0.81336203
1313,0.597499402,0.486289344,0.333475996,0.813511807
1314,0.597601462,0.486283359,0.333753071,0.813685262
1315,0.597608367,0.486286343,0.333659547,0.813515674
1316,0.597645833,0.486279489,0.333646389,0.81380374
1317,0.597649192,0.48634507,0.3333851,0.814036712
1318,0.59774525,0.486331135,0.333812245,0.814196772
1319,0.597834515,0.486489386,0.333959446,0.814421119
1320,0.597878621,0.486486614,0.33398971,0.814430547
1321,0.597944731,0.486574135,0.334126323,0.814562213
1322,0.597977888,0.48658584,0.33425777,0.814532958
1323,0.598075801,0.486696435,0.334634034,0.815110606
1324,0.598093491,0.486731578,0.334963688,0.815161987
1325,0.598170464,0.486805582,0.33498109,0.815392445
1326,0.598281398,0.486738346,0.334981847,0.815580957
1327,0.598314977,0.48682059,0.335335991,0.815354547
1328,0.598386811,0.486840706,0.335491656,0.815545419
1329,0.598508022,0.4869825,0.335667897,0.816039865
1330,0.598551178,0.486975154,0.335722192,0.815975691
1331,0.598665517,0.487044186,0.335891776,0.816151611
1332,0.598704022,0.487017079,0.335676249,0.816379333
1333,0.598813912,0.487187735,0.336329196,0.816753485
1334,0.59891884,0.487197152,0.336391872,0.817351485
1335,0.598944099,0.487317011,0.336373084,0.817455153
1336,0.599004033,0.487290423,0.336568028,0.817641944
1337,0.599126337,0.487417982,0.337043542,0.818064542
1338,0.599227465,0.487384664,0.337041405,0.818117095
1339,0.599338111,0.487545982,0.337299098,0.817609767
1340,0.599435212,0.487465435,0.337663685,0.817681949
1341,0.599489119,0.48754473,0.337963866,0.817630037
1342,0.599513241,0.487506367,0.337855363,0.817817981
1343,0.5995448,0.487640583,0.338020349,0.81794375
1344,0.599651687,0.487559436,0.338318859,0.818124471
1345,0.599707783,0.487751257,0.338956564,0.818122858
1346,0.599812669,0.487650928,0.339077805,0.818264279
1347,0.599861945,0.487753084,0.339050853,0.818038929
1348,0.599943714,0.487674253,0.339710931,0.818317013
1349,0.599947886,0.487944425,0.339910081,0.818400292
1350,0.600072637,0.487830203,0.339819421,0.817617872
1351,0.600226606,0.488052975,0.339708524,0.818004028
1352,0.600326703,0.488047192,0.339919837,0.818525895
1353,0.600260383,0.488285292,0.339771122,0.818420798
1354,0.600363432,0.488267087,0.339774767,0.818800898
1355,0.600425299,0.488389547,0.339874783,0.818953056
1356,0.600548482,0.488310616,0.339970847,0.819323983
1357,0.600614602,0.488467112,0.340119474,0.819393994
1358,0.600734836,0.488364384,0.340438466,0.819663936
1359,0.600715443,0.488515789,0.340052216,0.819665366
1360,0.60075876,0.488487493,0.339583389,0.819799608
1361,0.600821959,0.488649814,0.339772972,0.819627768
1362,0.60093492,0.488606578,0.340035994,0.820021933
1363,0.601008065,0.488762327,0.340384433,0.819932263
1364,0.601042073,0.488715669,0.340732114,0.819767604
1365,0.601049876,0.488831611,0.341185905,0.819729285
1366,0.601130275,0.488766841,0.341408366,0.819761498
1367,0.601121387,0.488883366,0.341522186,0.819243058
1368,0.601130052,0.488810848,0.341398239,0.819384797
1369,0.601223354,0.488994341,0.341737208,0.819590188
1370,0.601351427,0.488950254,0.341390746,0.820070483
1371,0.601477531,0.489075361,0.34192636,0.820297996
1372,0.601491463,0.489075486,0.34174896,0.819565334
1373,0.601525241,0.489169648,0.341807702,0.819772642
1374,0.60163821,0.489087133,0.342149679,0.818948213
1375,0.601713801,0.489175799,0.341966785,0.819193057
1376,0.601756863,0.48906002,0.342418535,0.819061228
1377,0.601701264,0.489221666,0.341995853,0.819484885
1378,0.601753258,0.489144113,0.342345428,0.819447198
1379,0.601808177,0.489265492,0.342629843,0.819887312
1380,0.601924561,0.489209661,0.34308401,0.820203637
1381,0.602023125,0.489352732,0.343466901,0.820800725
1382,0.602154992,0.489213727,0.344083376,0.821024942
1383,0.602277895,0.4893845,0.344636248,0.820858749
1384,0.602346782,0.489273202,0.344938089,0.820944461
1385,0.602385756,0.489448973,0.34499954,0.820953142
1386,0.602456332,0.489398123,0.345056489,0.821000181
1387,0.602467556,0.489506981,0.345068108,0.821041907
1388,0.602615722,0.489291053,0.344987741,0.820510212
1389,0.602599418,0.489380881,0.345150789,0.820160453
1390,0.602564871,0.489302563,0.344894743,0.820998943
1391,0.602546386,0.489434776,0.344659673,0.821773254
1392,0.602658638,0.489391033,0.345082882,0.821715324
1393,0.602668135,0.489485025,0.344274718,0.822216753
1394,0.602765892,0.48942974,0.344755039,0.82251048
1395,0.602824895,0.48954604,0.344964656,0.823008928
1396,0.602842391,0.489418545,0.344981563,0.82323374
1397,0.602892493,0.489464006,0.345135451,0.823611865
1398,0.602912327,0.489449072,0.344877906,0.823476893
1399,0.603016739,0.489562903,0.345236462,0.823945646
1400,0.603067201,0.489597167,0.345222575,0.823969661
1401,0.603118184,0.489685748,0.345420323,0.824289153
1402,0.603151588,0.489708237,0.345515944,0.82429844
1403,0.603230891,0.489826607,0.346167138,0.82428528
1404,0.603334224,0.489846974,0.346381645,0.824203549
1405,0.603344452,0.489854978,0.346020136,0.824214883
1406,0.603424313,0.48986254,0.346573392,0.825413093
1407,0.603440941,0.489968344,0.346608869,0.825294746
1408,0.603485833,0.489967434,0.346710895,0.82527943
1409,0.603523085,0.490132925,0.346866803,0.82541379
1410,0.603556169,0.490075895,0.346898321,0.825478692
1411,0.603653356,0.490162258,0.347136572,0.825590525
1412,0.60372714,0.490068979,0.347484256,0.825019441
1413,0.603748667,0.490179597,0.347490406,0.824803532
1414,0.603871979,0.490154446,0.34780483,0.825022561
1415,0.603986767,0.490361339,0.348075016,0.824966797
1416,0.604010068,0.490332229,0.348517746,0.825401129
1417,0.604081683,0.49046467,0.349155212,0.825403299
1418,0.604152029,0.490408195,0.349507593,0.825525084
1419,0.604178513,0.490505181,0.349525586,0.825546012
1420,0.6042814,0.49045635,0.349965554,0.825863708
1421,0.604313811,0.4905063,0.350238064,0.82602739
1422,0.604378065,0.490407925,0.350253002,0.826467265
1423,0.604460872,0.490567022,0.350377329,0.826534982
1424,0.604507696,0.490496176,0.350572704,0.82659159
1425,0.604551376,0.49061431,0.350942633,0.82678446
1426,0.604637697,0.490552219,0.350942449,0.827093131
1427,0.604665363,0.490714955,0.350978276,0.827044277
1428,0.604743145,0.490650472,0.351036273,0.827288658
1429,0.604855971,0.490801758,0.351467418,0.827702901
1430,0.604947001,0.490781832,0.351512932,0.828039829
1431,0.604990562,0.49096839,0.351894819,0.828014333
1432,0.605104206,0.490895911,0.35199577,0.827997812
1433,0.605195827,0.491017889,0.352529367,0.82843116
1434,0.605253953,0.490961411,0.352695533,0.828184449
1435,0.60528895,0.491109237,0.352703638,0.828632609
1436,0.605372347,0.491004876,0.352955624,0.82868179
1437,0.605463947,0.491085364,0.353595075,0.828488882
1438,0.605606263,0.49103206,0.353758947,0.828491849
1439,0.605635902,0.491067242,0.354152871,0.828514317
1440,0.605702469,0.491046517,0.354037708,0.829000782
1441,0.605791259,0.491353583,0.354129632,0.829111977
1442,0.605872649,0.491281769,0.354273981,0.829174692
1443,0.605972853,0.491406445,0.354676576,0.829318347
1444,0.606014454,0.491318176,0.35456803,0.82930132
1445,0.606018258,0.491497652,0.354709161,0.829201229
1446,0.606096721,0.49132225,0.354848678,0.829357117
1447,0.60610586,0.491456224,0.355062794,0.829459807
1448,0.606149406,0.491245846,0.3553841,0.829492103
1449,0.606148819,0.491417651,0.355560833,0.829230706
1450,0.606227651,0.491409161,0.355789017,0.829387831
1451,0.606282996,0.491505626,0.356318024,0.829305023
1452,0.606393151,0.49142204,0.356810116,0.830431639
1453,0.606408732,0.4914806,0.356778581,0.830592007
1454,0.606499331,0.491395743,0.356945294,0.830637181
1455,0.6065005,0.491578081,0.356763066,0.830799079
1456,0.606569757,0.491545936,0.356986435,0.830853313
1457,0.606629267,0.491643259,0.357199862,0.831109468
1458,0.606729769,0.491540439,0.357552142,0.831006304
1459,0.606759726,0.491669793,0.35735807,0.831387571
1460,0.606812238,0.491609458,0.357672914,0.831201848
1461,0.606809646,0.491681658,0.357612822,0.831127037
1462,0.606929924,0.491626847,0.358166977,0.83112274
1463,0.607035113,0.491757395,0.358736123,0.831441378
1464,0.607061549,0.491737198,0.358906596,0.830531205
1465,0.607089333,0.491872596,0.35896396,0.830546642
1466,0.607176871,0.491771219,0.358866974,0.830947759
1467,0.607206123,0.491850605,0.359237492,0.831041161
1468,0.607266409,0.491751136,0.359107176,0.83119178
1469,0.607246557,0.491808747,0.359679397,0.831130025
1470,0.607294634,0.491748245,0.359858111,0.831468756
1471,0.607358658,0.491985537,0.359977446,0.831641235
1472,0.607429791,0.491849471,0.359834807,0.83196915
1473,0.607469592,0.491897312,0.359934287,0.832339095
1474,0.607574959,0.491800223,0.360319483,0.832358956
1475,0.607619336,0.491878154,0.360537435,0.83260115
1476,0.607649923,0.491838556,0.361079124,0.832388277
1477,0.607704424,0.491951173,0.361161967,0.832486262
1478,0.607750916,0.491896683,0.361568678,0.832642174
1479,0.607741213,0.491950952,0.360790781,0.832731905
1480,0.607729782,0.491914773,0.360839888,0.832544378
1481,0.607765336,0.491952404,0.36099621,0.832636282
1482,0.607887953,0.491884755,0.361307538,0.832828498
1483,0.607952265,0.492013104,0.361600306,0.832750525
1484,0.607943009,0.491957356,0.36122486,0.832979298
1485,0.608004163,0.492058992,0.361699993,0.833010959
1486,0.608106349,0.491972383,0.362077597,0.833226129
1487,0.608188133,0.492095606,0.362572846,0.833515256
1488,0.608223758,0.492112129,0.362951489,0.833304433
1489,0.608309512,0.492166491,0.363029509,0.833627984
1490,0.608379042,0.492144183,0.362779258,0.833619011
1491,0.60837945,0.492221052,0.362825196,0.833598824
1492,0.608442679,0.492178856,0.362912939,0.833602574
1493,0.608507698,0.492252572,0.363190454,0.833607199
1494,0.608622891,0.492311636,0.363504967,0.834046964
1495,0.608676217,0.492383358,0.363788803,0.834236957
1496,0.608813732,0.492384207,0.363915211,0.834174712
1497,0.608920183,0.492481727,0.364506303,0.834257441
1498,0.609043757,0.492514718,0.365114511,0.834467717
1499,0.609014491,0.492576222,0.365119352,0.833857155
1500,0.609065852,0.492556999,0.365504798,0.834218556
1501,0.609132271,0.492599137,0.365789752,0.834370222
1502,0.609247014,0.492571577,0.366351493,0.834604011
1503,0.609311203,0.492639389,0.367004078,0.834616215
1504,0.609324082,0.492631731,0.366882039,0.834573574
1505,0.609406906,0.492669246,0.366936426,0.834498905
1506,0.609434457,0.492714963,0.367138633,0.834881052
1507,0.60953024,0.492772958,0.36716268,0.834865172
1508,0.609599515,0.492788313,0.367208218,0.83488861
1509,0.609604504,0.492857417,0.36694585,0.83501916
1510,0.609711923,0.492837589,0.367216415,0.835438826
1511,0.609654921,0.492821155,0.367188377,0.834968619
1512,0.609724225,0.492884501,0.367718793,0.834966649
1513,0.609771683,0.49290528,0.367884025,0.835084037
1514,0.609878036,0.492908293,0.368652185,0.835358261
1515,0.609927252,0.492930031,0.368208247,0.835854702
1516,0.609975167,0.49297479,0.368181422,0.835827211
1517,0.61005987,0.492853052,0.36806882,0.836215147
1518,0.610110776,0.492903886,0.368286219,0.836501725
1519,0.610109034,0.492918605,0.36867647,0.837256603
1520,0.610123323,0.492975189,0.368683685,0.837362239
1521,0.610116841,0.492926827,0.368806117,0.837161308
1522,0.610142181,0.492943755,0.369001284,0.837355157
1523,0.610119125,0.492899641,0.368601664,0.837211942
1524,0.610179978,0.492871058,0.369069702,0.837244792
1525,0.610233204,0.492870762,0.36909795,0.837521464
1526,0.610280664,0.492951639,0.369312358,0.838493905
1527,0.610313047,0.492986368,0.369175817,0.838443016
1528,0.610363387,0.492981995,0.369749431,0.838417941
1529,0.610412814,0.493030949,0.370103022,0.83847084
1530,0.610468031,0.493069544,0.370309877,0.838563973
1531,0.610458015,0.492939123,0.370554421,0.838248694
1532,0.610458163,0.492979545,0.370846155,0.837872209
1533,0.610395874,0.492970661,0.370780598,0.837632735
1534,0.610415147,0.492965416,0.370463144,0.837676081
1535,0.610470169,0.493025005,0.370315575,0.837901618
1536,0.610597901,0.49305614,0.370384604,0.83819222
1537,0.610568874,0.493016485,0.37051702,0.838119819
1538,0.610635771,0.493066524,0.371364147,0.838187225
1539,0.610668984,0.493044264,0.371190783,0.838342743
1540,0.610694502,0.493087601,0.370849446,0.838490152
1541,0.610684399,0.493067277,0.370804523,0.83854779
1542,0.610709546,0.493090273,0.370908641,0.838359382
1543,0.61071415,0.493091612,0.370712749,0.838604016
1544,0.610797949,0.493121759,0.37072798,0.839122285
1545,0.610896396,0.493036513,0.371011258,0.839478765
1546,0.610944298,0.493061882,0.37136831,0.83973371
1547,0.611020965,0.493062093,0.371917714,0.839762797
1548,0.61103119,0.493125532,0.372436436,0.839589258
1549,0.611064203,0.493208929,0.372479939,0.839659702
1550,0.61111402,0.493217666,0.372675841,0.839814412
1551,0.611130092,0.493193527,0.372706186,0.840023631
1552,0.611185406,0.493200368,0.372801244,0.840027803
1553,0.611204645,0.493108652,0.372860246,0.839804608
1554,0.611217778,0.493133933,0.372987123,0.839769547
1555,0.611204072,0.493179715,0.372993712,0.839811481
1556,0.611263637,0.493232996,0.373123511,0.839864851
1557,0.611248219,0.493233602,0.372603331,0.840022819
1558,0.611330322,0.493236067,0.373210142,0.840154669
1559,0.611407561,0.493263656,0.373348504,0.840394542
1560,0.611456259,0.493295747,0.37339203,0.840697681
1561,0.611494909,0.493307484,0.373428109,0.84097164
1562,0.611583959,0.493264216,0.373662209,0.841059798
1563,0.611692262,0.493258586,0.374107607,0.841359273
1564,0.611776629,0.493256073,0.374500629,0.841515324
1565,0.611793391,0.493393316,0.374430318,0.841544061
1566,0.611816049,0.493361043,0.374266103,0.841635092
1567,0.611877043,0.493448828,0.374635627,0.841622349
1568,0.611916157,0.493415065,0.374685289,0.841637644
1569,0.611953834,0.493620672,0.374830678,0.841560807
1570,0.612026981,0.493580198,0.374836742,0.841626861
1571,0.612015018,0.493733941,0.375022017,0.841520338
1572,0.612100793,0.493757761,0.375308111,0.84165303
1573,0.612180389,0.493902867,0.375471916,0.841974047
1574,0.612331802,0.493907921,0.376030779,0.842226152
1575,0.612383069,0.494200733,0.376449247,0.842340667
1576,0.612453257,0.494180899,0.377009143,0.842346878
1577,0.612439058,0.494319301,0.376976845,0.842177786
1578,0.612455151,0.494295003,0.377239454,0.842383467
1579,0.612522738,0.494212668,0.377344724,0.842724945
1580,0.61259005,0.494201177,0.377763353,0.842732962
1581,0.612653018,0.494206627,0.377896535,0.842592955
1582,0.612757513,0.494183949,0.378471188,0.841989382
1583,0.612821674,0.494241045,0.378619782,0.842197949
1584,0.612863761,0.49423464,0.378689858,0.842899579
1585,0.612918852,0.494333534,0.378598908,0.843298201
1586,0.6129524,0.494270723,0.378429008,0.843546287
1587,0.613002321,0.494277203,0.378839346,0.843694868
1588,0.613066545,0.494199596,0.379256704,0.843550919
1589,0.613102273,0.494170201,0.379370373,0.843753285
1590,0.613103678,0.494108721,0.37866837,0.843995355
1591,0.613148854,0.494182799,0.378379411,0.84423302
1592,0.613198889,0.494139343,0.378873898,0.844234663
1593,0.613190176,0.494225833,0.378696325,0.844288743
1594,0.613239533,0.494153876,0.378696796,0.844097789
1595,0.613303218,0.494314289,0.37867995,0.843159483
1596,0.613362766,0.494269171,0.378906779,0.843297734
1597,0.613331919,0.494431268,0.37859597,0.843222111
1598,0.613371678,0.494371469,0.37859934,0.843459899
1599,0.613356314,0.494468086,0.378526158,0.843328083
1600,0.613386187,0.494404809,0.378718611,0.843340955
1601,0.613412121,0.494450097,0.379211873,0.843333516
1602,0.613456685,0.494395753,0.3790183,0.843577643
1603,0.613492689,0.494463543,0.379656414,0.843339768
1604,0.613547013,0.494402912,0.380156356,0.843514845
1605,0.613589871,0.494557704,0.380303282,0.843857098
1606,0.613722583,0.494492592,0.380713991,0.843981842
1607,0.61377498,0.494685679,0.380971837,0.84422015
1608,0.61385641,0.494657954,0.381240891,0.844266117
1609,0.613873348,0.494782544,0.381186048,0.844388146
1610,0.613907434,0.494817683,0.381448708,0.844366115
1611,0.614002122,0.49489698,0.381600018,0.844467215
1612,0.613957333,0.494843357,0.381086665,0.84439811
1613,0.613985614,0.495000841,0.380724965,0.844534747
1614,0.614098966,0.494923564,0.380545055,0.844874602
1615,0.614166433,0.494966549,0.380595155,0.844936234
1616,0.614223202,0.49494363,0.380835572,0.844283997
1617,0.614198072,0.495000644,0.381045931,0.844213017
1618,0.614251339,0.494938626,0.380913633,0.844507874
1619,0.614318818,0.495005207,0.381190238,0.844462231
1620,0.614320048,0.49495032,0.381093482,0.844401945
1621,0.614371883,0.495048114,0.381501846,0.8445862
1622,0.614403896,0.495032721,0.381842661,0.844568704
1623,0.614397528,0.495118711,0.381972732,0.84447799
1624,0.614423987,0.495091834,0.382462121,0.843385881
1625,0.614499949,0.495180368,0.382586724,0.84338478
1626,0.6145098,0.495079413,0.382454113,0.843359205
1627,0.61453387,0.495161664,0.382535593,0.843387847
1628,0.61458782,0.495123778,0.383149271,0.84323432
1629,0.614645878,0.495225282,0.383274995,0.843516475
1630,0.614731713,0.495118556,0.383334133,0.843679892
1631,0.614813023,0.495206438,0.383851519,0.844098099
1632,0.614809602,0.495150433,0.383637581,0.844196724
1633,0.614805557,0.495269336,0.3834172,0.84440318
1634,0.614887809,0.495203925,0.383878892,0.8446996
1635,0.614851116,0.495308931,0.383226564,0.844489106
1636,0.614918956,0.49526039,0.383466551,0.84466249
1637,0.615001728,0.49537032,0.383814871,0.844577691
1638,0.615036931,0.495180049,0.383791066,0.8447166
1639,0.615011757,0.495308616,0.384362975,0.843686796
1640,0.615062189,0.495140747,0.384703985,0.843219638
1641,0.615117661,0.495265534,0.385003305,0.843643931
1642,0.615164847,0.495204641,0.384618276,0.843683102
1643,0.615168562,0.495317453,0.384927172,0.843718207
1644,0.615188664,0.495192986,0.384790573,0.842799008
1645,0.615171253,0.495268054,0.384987091,0.843044127
1646,0.615189968,0.49516332,0.384951757,0.843313316
1647,0.61520981,0.495302019,0.385222728,0.843739177
1648,0.61529032,0.495217793,0.38519571,0.843994339
1649,0.61531162,0.49535328,0.385377435,0.844085092
1650,0.615364051,0.495288122,0.385136474,0.844332376
1651,0.615347717,0.495394693,0.385194958,0.844466767
1652,0.615387358,0.495284817,0.385287782,0.844350773
1653,0.615447192,0.495418079,0.385667705,0.844697556
1654,0.615500835,0.495249791,0.386070506,0.844585117
1655,0.615510929,0.495384035,0.38640077,0.844651031
1656,0.615544903,0.495208099,0.386321272,0.844560987
1657,0.615528725,0.495344058,0.386353582,0.84448419
1658,0.615628544,0.495269987,0.386681781,0.844902301
1659,0.615662781,0.495389364,0.386722121,0.844836434
1660,0.615705285,0.495281919,0.386991224,0.844942937
1661,0.615746255,0.49540728,0.387187636,0.845096407
1662,0.61578401,0.495044044,0.387099675,0.845332532
1663,0.615807356,0.495139981,0.387223025,0.845698276
1664,0.615852508,0.495083652,0.387000634,0.845923834
1665,0.61589004,0.495228996,0.38721137,0.846088207
1666,0.615931117,0.495106895,0.387214112,0.846459725
1667,0.61599462,0.495217981,0.387827632,0.846470782
1668,0.616014033,0.495145967,0.387591745,0.84651728
1669,0.616018184,0.495245845,0.387858259,0.846392606
1670,0.616083364,0.495111602,0.38806124,0.846715713
1671,0.616121872,0.495292913,0.387933631,0.84695281
1672,0.616187393,0.495169244,0.387982873,0.847144099
1673,0.616238828,0.495407951,0.388262997,0.847336034
1674,0.616281144,0.495188481,0.388548646,0.847095532
1675,0.616248405,0.495334123,0.388097881,0.847134596
1676,0.616288983,0.495130937,0.388032226,0.84707954
1677,0.616266274,0.495534543,0.387878605,0.847074097
1678,0.616392759,0.495427894,0.388231522,0.846948159
1679,0.61637928,0.495700554,0.388634391,0.847052935
1680,0.616447395,0.49551651,0.388692889,0.847335023
1681,0.616469844,0.495842391,0.388714578,0.84758915
1682,0.61651947,0.495707985,0.388866183,0.847482217
1683,0.616550639,0.495910953,0.389077675,0.84757153
1684,0.61672544,0.495725214,0.389372692,0.847877568
1685,0.616733237,0.495825204,0.389440434,0.847985672
1686,0.616848395,0.495697512,0.390176918,0.848061799
1687,0.616886632,0.495875506,0.389823865,0.848529666
1688,0.616873975,0.495809345,0.389481748,0.848231233
1689,0.616898935,0.495988778,0.389962371,0.847910883
1690,0.616945453,0.495933569,0.39013598,0.848200071
1691,0.616997371,0.496048375,0.390303168,0.848253956
1692,0.617010384,0.496053312,0.390986125,0.848382349
1693,0.617065532,0.496173446,0.391340435,0.848264697
1694,0.617073451,0.496117408,0.390956101,0.848672376
1695,0.617116849,0.496190773,0.391302003,0.848648201
1696,0.617113968,0.496140954,0.391248249,0.848450056
1697,0.61721754,0.496349846,0.391629025,0.848564832
1698,0.617244755,0.496240766,0.391122753,0.84868823
1699,0.617237821,0.496323518,0.391921894,0.848372553
1700,0.617277593,0.496266803,0.391841397,0.848745268
1701,0.61724778,0.49635816,0.391806444,0.848611344
1702,0.617279535,0.496272254,0.391842098,0.848716347
1703,0.617330941,0.496279113,0.391642596,0.848742589
1704,0.617379054,0.496222429,0.39153056,0.848884703
1705,0.617460801,0.496387431,0.391536849,0.849306929
1706,0.617485022,0.496321756,0.391261675,0.849487096
1707,0.617464812,0.496472437,0.391212913,0.849238156
1708,0.617520376,0.496389079,0.391144703,0.849181601
1709,0.617510749,0.496403845,0.390801828,0.849324565
1710,0.617510842,0.496373727,0.390990889,0.84893081
1711,0.61753144,0.496551171,0.39085985,0.849058496
1712,0.617570889,0.496459667,0.390490074,0.849269907
1713,0.617642084,0.496516961,0.390634632,0.849660402
1714,0.61770069,0.496573829,0.391215018,0.849861469
1715,0.617768178,0.496683224,0.391236968,0.850193018
1716,0.617808376,0.49665937,0.39194474,0.850105334
1717,0.617828145,0.496618915,0.392174006,0.85009997
1718,0.61779787,0.496567409,0.392099576,0.850189958
1719,0.61780245,0.496460255,0.39213974,0.85043266
1720,0.617846726,0.496470762,0.392431361,0.850550775
1721,0.617908963,0.496463493,0.392870011,0.851059708
1722,0.617975626,0.496461959,0.392841025,0.851142752
1723,0.618002231,0.496413389,0.393259447,0.851166883
1724,0.618002995,0.496495155,0.393217274,0.851308498
1725,0.618104153,0.496433814,0.394208158,0.851489729
1726,0.618138165,0.496446474,0.394457923,0.851367549
1727,0.618182504,0.496423586,0.394637115,0.851797271
1728,0.618234906,0.496465337,0.39475417,0.851951341
1729,0.6183384,0.496474479,0.395512886,0.852104595
1730,0.618370949,0.496496504,0.395296993,0.852148298
1731,0.618471063,0.49645176,0.395621978,0.85269522
1732,0.618502289,0.496474573,0.395331108,0.852823382
1733,0.618549989,0.496380567,0.395121559,0.852969349
1734,0.618513043,0.49648802,0.395357611,0.852649479
1735,0.61857039,0.496443105,0.395288514,0.853097159
1736,0.618570956,0.496499307,0.395279166,0.853177027
1737,0.618610552,0.496520226,0.395704997,0.852864185
1738,0.618728836,0.496556839,0.396178281,0.852146258
1739,0.618773001,0.496527505,0.39677179,0.851905596
1740,0.618778203,0.496523469,0.397005033,0.851780192
1741,0.618796,0.496492162,0.396971537,0.851724138
1742,0.618886912,0.496496381,0.397468514,0.851867442
1743,0.618925399,0.496474485,0.397648834,0.851224532
1744,0.618993992,0.496539908,0.398307782,0.850964315
1745,0.619036994,0.496554552,0.398389001,0.849846562
1746,0.619063595,0.496604758,0.398357124,0.849973047
1747,0.619094792,0.496461213,0.39833336,0.849415178
1748,0.619156902,0.496459942,0.398854809,0.849549712
1749,0.619226636,0.496381766,0.399015517,0.848615302
1750,0.61922814,0.496457994,0.399416546,0.848705319
1751,0.61926796,0.496385699,0.399843548,0.848922608
1752,0.619328287,0.496405511,0.400463477,0.848931821
1753,0.619369953,0.49634409,0.400363733,0.849105586
1754,0.619395601,0.496407293,0.400487492,0.848992248
1755,0.61947663,0.49638587,0.40064329,0.849032465
1756,0.619507264,0.496444972,0.400476173,0.849309889
1757,0.619517921,0.496455921,0.400628023,0.849186003
1758,0.61955528,0.496499508,0.401200395,0.849232115
1759,0.619574575,0.496529764,0.401228201,0.849196684
1760,0.619566892,0.49654711,0.401174827,0.84919177
1761,0.619587746,0.496469816,0.401091882,0.84940094
1762,0.619629864,0.496499826,0.401610779,0.849305401
1763,0.619623237,0.496435384,0.401564998,0.849497925
1764,0.61970098,0.496502154,0.402586602,0.849533703
1765,0.619724485,0.496457876,0.402523468,0.849624356
1766,0.619765265,0.496443645,0.403158006,0.849442439
1767,0.619787767,0.496503621,0.403187472,0.849521984
1768,0.619819132,0.496524551,0.403111835,0.849512903
1769,0.61982037,0.496521704,0.403131293,0.849553316
1770,0.61983801,0.496583702,0.403732928,0.849472412
1771,0.619914276,0.496561893,0.403826734,0.849655343
1772,0.619902796,0.496575185,0.403867269,0.849526227
1773,0.619938665,0.496532623,0.403999345,0.849594912
1774,0.619951224,0.496550806,0.40428307,0.848583361
1775,0.619953346,0.49655504,0.404553005,0.848855073
1776,0.620008479,0.496553799,0.405299162,0.8489558
1777,0.619986488,0.496490568,0.405028175,0.848866232
1778,0.619997509,0.49652356,0.404971513,0.849021574
1779,0.619979851,0.496551754,0.404865231,0.849155516
1780,0.619984211,0.496563664,0.404127894,0.849253119
1781,0.620004132,0.496458327,0.404581721,0.84921336
1782,0.620022894,0.496499757,0.404804601,0.84922382
1783,0.620072766,0.496353746,0.404869614,0.849485042
1784,0.62004347,0.496369542,0.405231687,0.850436559
1785,0.620063784,0.496218196,0.405357245,0.850727982
1786,0.620059255,0.496293982,0.405704331,0.851621177
1787,0.620076,0.496429922,0.405536813,0.851923175
1788,0.620069425,0.496502166,0.405687981,0.852851186
1789,0.620050121,0.496530686,0.405684951,0.852873934
1790,0.620113019,0.496578844,0.405719809,0.853260795
1791,0.620167027,0.496490208,0.405875688,0.853201693
1792,0.620225809,0.496507397,0.406211701,0.85350649
1793,0.620248338,0.496456102,0.406212172,0.853697669
1794,0.620233827,0.49643631,0.406276672,0.853816894
1795,0.620230282,0.4963967,0.406264365,0.853641475
1796,0.620219863,0.496389477,0.40620102,0.8536387
1797,0.620253571,0.496299742,0.406327303,0.853858336
1798,0.620301293,0.496301755,0.406085402,0.854233426
1799,0.620334355,0.496304012,0.405871939,0.854228088
1800,0.620295077,0.49630994,0.406025648,0.854346004
1801,0.620314625,0.496336122,0.406300943,0.854311421
1802,0.620343386,0.496375404,0.406373264,0.854496513
1803,0.620391126,0.49642333,0.406644588,0.854663076
1804,0.620455784,0.496470055,0.406930738,0.854681758
1805,0.620489816,0.49653731,0.407131293,0.854657467
1806,0.620533352,0.496565319,0.407120257,0.855198784
1807,0.62051209,0.49674014,0.407104358,0.855087366
1808,0.620586842,0.496783571,0.407263048,0.8554292
1809,0.620584911,0.496823734,0.407294566,0.855518088
1810,0.620614309,0.496816627,0.407648165,0.855705403
1811,0.620644446,0.496800927,0.407910836,0.855720647
1812,0.620657527,0.496822652,0.408021571,0.855863087
1813,0.620660159,0.496786044,0.408120861,0.855856457
1814,0.620693087,0.496784252,0.408228429,0.856087726
1815,0.62074975,0.496861601,0.40868567,0.856260279
1816,0.620857606,0.496888278,0.409088882,0.855260255
1817,0.620887679,0.496956263,0.409384338,0.85514892
1818,0.620896497,0.496959236,0.409416712,0.855128342
1819,0.620897704,0.496862813,0.409334999,0.855134837
1820,0.620926606,0.496891285,0.409858186,0.855263171
1821,0.620935698,0.496939476,0.409750643,0.855398553
1822,0.621011722,0.496922298,0.410262969,0.855749099
1823,0.621012501,0.496924529,0.409907214,0.855766795
1824,0.621081462,0.496965814,0.410071815,0.855773825
1825,0.621104395,0.497021338,0.410200329,0.855754484
1826,0.621122702,0.497073708,0.411119257,0.855717525
1827,0.621116263,0.497134555,0.410890026,0.855696029
1828,0.621156385,0.497128898,0.4110446,0.85567756
1829,0.621066989,0.497086592,0.411174924,0.855279121
1830,0.621147672,0.497090649,0.411902685,0.855657794
1831,0.621173509,0.497059024,0.41204288,0.855571126
1832,0.621212637,0.497101642,0.412157071,0.855638986
1833,0.621243487,0.497085287,0.412087389,0.855605305
1834,0.621238786,0.497081165,0.412077023,0.855635691
1835,0.621275681,0.49704609,0.412734852,0.855649843
1836,0.62131613,0.497103146,0.412855156,0.855638428
1837,0.621337073,0.497094902,0.412938624,0.855756753
1838,0.621392729,0.497107209,0.413603985,0.85608742
1839,0.621388933,0.497198383,0.413399724,0.857014323
1840,0.621458271,0.497241208,0.413084864,0.857255388
1841,0.621513617,0.497371168,0.412957521,0.857387453
1842,0.621609024,0.497381905,0.413491784,0.857241109
1843,0.621648177,0.497459909,0.413401021,0.856996124
1844,0.621712019,0.497476941,0.413821604,0.857129334
1845,0.621776524,0.497573645,0.413496025,0.857479823
1846,0.621850401,0.49758548,0.414072624,0.857503265
1847,0.621845661,0.497683432,0.413973722,0.857534178
1848,0.621900777,0.497700467,0.413635261,0.857549551
1849,0.621965606,0.49761807,0.413721689,0.857594034
1850,0.621954452,0.497621223,0.413798769,0.858492964
1851,0.621969594,0.497519119,0.414286191,0.8586533
1852,0.621958003,0.497510153,0.414519789,0.858578604
1853,0.622074611,0.497492725,0.414779879,0.858939873
1854,0.622069209,0.49749404,0.415347655,0.858567442
1855,0.62207901,0.497571083,0.415546969,0.858638027
1856,0.622145468,0.497524555,0.416267422,0.858645698
1857,0.622171593,0.49751092,0.416353889,0.858813517
1858,0.622179183,0.497550395,0.41634063,0.858876066
1859,0.622229749,0.497592094,0.416744908,0.859060405
1860,0.622317647,0.497632512,0.417236037,0.859035222
1861,0.622309025,0.497662008,0.41781503,0.858871782
1862,0.622358114,0.49764552,0.417344148,0.859008762
1863,0.622367144,0.497688702,0.417440484,0.858801625
1864,0.622387535,0.497680907,0.417479154,0.85879807
1865,0.622416967,0.497780231,0.417260594,0.858807136
1866,0.622480298,0.497777262,0.417561734,0.859034485
1867,0.622562981,0.497846599,0.417700629,0.859524275
1868,0.622660579,0.497842913,0.418386467,0.859547814
1869,0.622633865,0.497947888,0.418217128,0.859439087
1870,0.622693221,0.497937979,0.419140456,0.85958917
1871,0.622710033,0.498011715,0.419220438,0.859745658
1872,0.622690102,0.497978617,0.419177391,0.860601773
1873,0.622760801,0.498050713,0.419515406,0.860977249
1874,0.622756594,0.498006875,0.419294229,0.861941337
1875,0.622737745,0.498107816,0.419031482,0.862072089
1876,0.622798933,0.498111383,0.418859964,0.862304879
1877,0.622876615,0.498099477,0.419235063,0.862286426
1878,0.622932787,0.498130882,0.419150037,0.862812759
1879,0.622916839,0.498177524,0.419357602,0.862722334
1880,0.622948204,0.49818301,0.419209871,0.862836553
1881,0.622953482,0.498168562,0.419382971,0.862588636
1882,0.622967181,0.498171782,0.419288813,0.862604427
1883,0.622975184,0.498203442,0.418943794,0.862762064
1884,0.623042469,0.498182091,0.419639736,0.862997338
1885,0.623063696,0.498197124,0.419525985,0.863189223
1886,0.623086792,0.498141019,0.420034141,0.863187355
1887,0.623104023,0.498181208,0.420018969,0.863427247
1888,0.623128601,0.49815951,0.420609197,0.864355016
1889,0.623163896,0.498240772,0.420054311,0.864938501
1890,0.623247793,0.498216414,0.420148131,0.864945023
1891,0.623242384,0.498296711,0.419836114,0.865009464
1892,0.62327429,0.498265346,0.419654312,0.865158103
1893,0.623345916,0.498359053,0.420016153,0.864220464
1894,0.623378701,0.498294525,0.41955732,0.864378833
1895,0.623404841,0.498412324,0.419571822,0.863427102
1896,0.623479641,0.498385003,0.420286015,0.863449136
1897,0.623509562,0.498518228,0.420345391,0.863335813
1898,0.623577747,0.498505183,0.4212736,0.863343541
1899,0.62354691,0.498546248,0.420983181,0.863219427
1900,0.623620406,0.498494417,0.421477055,0.8634117
1901,0.623671971,0.498564527,0.421757382,0.863550319
1902,0.623761855,0.498501098,0.422037713,0.86384945
1903,0.623792328,0.498507965,0.421990499,0.864164048
1904,0.623810889,0.49844696,0.422288869,0.864161442
1905,0.623834215,0.498587698,0.422921193,0.865050795
1906,0.623775747,0.498534877,0.422673274,0.864868348
1907,0.623792925,0.49856726,0.423128666,0.864103439
1908,0.623803247,0.498521246,0.423167254,0.863991939
1909,0.623822286,0.498638973,0.423225204,0.864052849
1910,0.623914277,0.49863723,0.423894746,0.864217848
1911,0.623899472,0.498682509,0.424018102,0.864332924
1912,0.623908975,0.498733619,0.423980293,0.865087463
1913,0.623953352,0.498810519,0.424175223,0.865551643
1914,0.623956574,0.498778646,0.424087012,0.865536751
1915,0.623979113,0.498706031,0.424302795,0.865961648
1916,0.624067412,0.498718755,0.424316543,0.865767994
1917,0.624041251,0.498793777,0.423973964,0.865830032
1918,0.624076378,0.498743419,0.423696781,0.865816712
1919,0.624169786,0.498836179,0.424085162,0.866006563
1920,0.624224439,0.498851422,0.424006179,0.865803507
1921,0.624251808,0.499062641,0.423972635,0.865813184
1922,0.624345973,0.499067261,0.424586868,0.865808406
1923,0.624398091,0.499097318,0.424798252,0.866061737
1924,0.624437903,0.49906319,0.424812718,0.866281423
1925,0.624462731,0.499190942,0.424536751,0.866458348
1926,0.624537538,0.4991813,0.424685543,0.866615437
1927,0.624568734,0.499257195,0.425019009,0.866705964
1928,0.624582807,0.499270146,0.425144099,0.866403985
1929,0.624540355,0.499210855,0.42509702,0.866311208
1930,0.624590714,0.499232622,0.425306457,0.866615073
1931,0.624581902,0.499154368,0.425273267,0.866830815
1932,0.624646259,0.499182741,0.426130162,0.866982883
1933,0.624692264,0.49921627,0.426119153,0.867090267
1934,0.62471006,0.499260073,0.426339267,0.866960078
1935,0.624799682,0.499295052,0.426448424,0.866941708
1936,0.624841599,0.499318425,0.42643473,0.866952452
1937,0.624874622,0.499375739,0.42596131,0.866225859
1938,0.624871001,0.499356836,0.426154297,0.865933589
1939,0.624909825,0.499453657,0.426308533,0.865238445
1940,0.624977523,0.49939777,0.42673961,0.865178671
1941,0.62505515,0.499262745,0.427528646,0.86541112
1942,0.625132022,0.499282844,0.427818009,0.865480708
1943,0.625114591,0.499325599,0.427741655,0.865290339
1944,0.625140805,0.499297499,0.42830859,0.865253939
1945,0.625174319,0.499334812,0.428030033,0.865494027
1946,0.625245399,0.499342756,0.428421218,0.865648662
1947,0.625315641,0.499385674,0.428700669,0.865845159
1948,0.62541329,0.499382194,0.42879885,0.865929181
1949,0.625474021,0.499410135,0.428873204,0.866270083
1950,0.625514376,0.499391485,0.429402862,0.866029596
1951,0.625496197,0.499568833,0.428948818,0.86620857
1952,0.625521731,0.499577001,0.42918877,0.866170459
1953,0.625568182,0.499675215,0.429543783,0.866073401
1954,0.625593308,0.499694688,0.429468259,0.866073081
1955,0.625668291,0.499637333,0.430265766,0.866126662
1956,0.625713413,0.499667157,0.430297401,0.866238435
1957,0.625721358,0.499801592,0.430709659,0.866077869
1958,0.625778958,0.499807463,0.430747535,0.86524839
1959,0.625786677,0.499844402,0.431139352,0.865067213
1960,0.625816121,0.499819838,0.430910967,0.865267104
1961,0.625866306,0.499913037,0.431530511,0.865355571
1962,0.625908529,0.499878412,0.431645346,0.865383858
1963,0.625922053,0.499966079,0.431678291,0.865413553
1964,0.625934355,0.499965179,0.431815146,0.866301021
1965,0.625980235,0.500051744,0.431765147,0.866505346
1966,0.62601365,0.500048028,0.43188626,0.86640074
1967,0.626016754,0.500165672,0.432057238,0.866464876
1968,0.626087547,0.500153814,0.432059315,0.866710406
1969,0.626142449,0.500358598,0.431556101,0.866919507
1970,0.626214196,0.50036217,0.431605571,0.86695273
1971,0.626218468,0.500345846,0.431646596,0.866834158
1972,0.626278457,0.500372906,0.432025248,0.866886252
1973,0.626335305,0.500503242,0.432664678,0.866769725
1974,0.626332789,0.500507349,0.432703589,0.866330285
1975,0.626316761,0.500660298,0.432536788,0.866428726
1976,0.626405537,0.50063366,0.43221527,0.866687861
1977,0.626466708,0.50070776,0.432588325,0.865742982
1978,0.626530715,0.50071616,0.432201097,0.865571653
1979,0.626562608,0.500883845,0.432610489,0.86557863
1980,0.626643321,0.500802521,0.43297029,0.865784425
1981,0.626686073,0.500904242,0.433092849,0.865640944
1982,0.626713002,0.500953502,0.433059684,0.865730007
1983,0.626760943,0.501108811,0.433310464,0.865791932
1984,0.626843358,0.501065247,0.433713444,0.865881873
1985,0.626837552,0.501329902,0.433537546,0.86598255
1986,0.626858028,0.501302253,0.433431937,0.866002617
1987,0.626870983,0.501540804,0.433410799,0.865799552
1988,0.626938003,0.501506735,0.433503738,0.865971767
1989,0.626910355,0.501574171,0.433406161,0.865768125
1990,0.626928885,0.501595058,0.433696396,0.865923432
1991,0.62698319,0.501771201,0.43393531,0.865927341
1992,0.627023,0.501776273,0.43428287,0.86599903
1993,0.627025399,0.501844113,0.434575448,0.866071353
1994,0.627037055,0.501815456,0.43470173,0.866079892
1995,0.627047234,0.502003,0.434921092,0.866062344
1996,0.627111547,0.501953596,0.435958077,0.866485592
1997,0.62712242,0.50194724,0.43593335,0.866606347
1998,0.627182294,0.50194085,0.435877386,0.86661174
1999,0.627245932,0.502005477,0.436605696,0.866888441
2000,0.627270043,0.502006203,0.436214002,0.867021804
2001,0.627297116,0.502140052,0.436280938,0.867089884
2002,0.627304689,0.502091217,0.43630511,0.867176731
2003,0.62731061,0.50227388,0.435832708,0.866557015
2004,0.627385765,0.502245107,0.436187304,0.866714052
2005,0.627438062,0.5023287,0.436254792,0.866762482
2006,0.62749203,0.502266294,0.436344503,0.865887072
2007,0.627507937,0.502381072,0.436315031,0.866217635
2008,0.627529679,0.50232718,0.436487356,0.866239453
2009,0.62759167,0.502705103,0.436930538,0.866378165
2010,0.627626062,0.502671512,0.437088244,0.866419882
2011,0.627693114,0.50270562,0.437296982,0.866885449
2012,0.627763685,0.502660504,0.437126207,0.867246068
2013,0.627780888,0.502760631,0.437408247,0.867385961
2014,0.627796882,0.502701008,0.437004508,0.8674187
2015,0.627796278,0.502739551,0.437542871,0.867417245
2016,0.627819846,0.502705692,0.437812691,0.867692467
2017,0.627816849,0.502817691,0.438148073,0.867732618
2018,0.62784047,0.502759344,0.438598635,0.867604526
2019,0.627857136,0.502793358,0.438626076,0.867794069
2020,0.627882091,0.502766277,0.438955096,0.867754563
2021,0.627889312,0.502867945,0.439139638,0.867974936
2022,0.627925065,0.502876575,0.439554018,0.867996228
2023,0.627992237,0.50292053,0.440150938,0.868122982
2024,0.627983148,0.502988163,0.439759667,0.868023584
2025,0.627994794,0.503017056,0.440350595,0.868141635
2026,0.628017696,0.503040539,0.440397616,0.868031229
2027,0.62804048,0.503164569,0.440878955,0.868116833
2028,0.628073426,0.503172939,0.440614691,0.868273486
2029,0.628081589,0.50325849,0.440635176,0.868144508
2030,0.628075245,0.50326706,0.440775266,0.868112068
2031,0.628137476,0.503375726,0.441135684,0.868439589
2032,0.62820671,0.503383885,0.441300577,0.868685747
2033,0.628310042,0.503422401,0.44146085,0.868959865
2034,0.62836718,0.5034299,0.442054054,0.869051401
2035,0.628372114,0.503465258,0.442070473,0.869079884
2036,0.628378303,0.503476843,0.442671735,0.869001075
2037,0.628453546,0.503624197,0.44304408,0.869226605
2038,0.628456527,0.503596605,0.442331894,0.869004762
2039,0.628462234,0.503694553,0.443028903,0.868941664
2040,0.628531587,0.503643195,0.443186133,0.868935885
2041,0.628547415,0.503613303,0.443964826,0.869207732
2042,0.62864237,0.5036078,0.444232547,0.869369002
2043,0.628649518,0.503649662,0.444518198,0.869168456
2044,0.628707846,0.503649523,0.444763425,0.869168041
2045,0.628727825,0.503653246,0.44478221,0.869208119
2046,0.628754019,0.503665342,0.444595018,0.869227022
2047,0.62874012,0.503620545,0.44447956,0.869295581
2048,0.628799108,0.503608138,0.444891588,0.869455984
2049,0.628811709,0.50359078,0.444706843,0.869486931
2050,0.62887559,0.50359373,0.445224702,0.869641139
2051,0.628898849,0.503667524,0.445156608,0.869684746
2052,0.628932009,0.503663605,0.445716952,0.869666647
2053,0.628958246,0.50374839,0.446054389,0.869764341
2054,0.62903091,0.503795537,0.446145158,0.869586031
2055,0.629088714,0.503930515,0.446388321,0.869724908
2056,0.629132688,0.503904336,0.446483662,0.869960911
2057,0.62916044,0.503966032,0.446638734,0.870206904
2058,0.629164898,0.504015109,0.445860687,0.870155717
2059,0.629183847,0.50410214,0.446170221,0.870005897
2060,0.629265957,0.504127755,0.446506022,0.87026352
2061,0.629321689,0.504147508,0.4468293,0.87025022
2062,0.629334002,0.50420617,0.447126551,0.870477648
2063,0.629319429,0.504243118,0.447084755,0.870479276
2064,0.629307168,0.504282877,0.447317697,0.870410923
2065,0.629353398,0.504292592,0.447461512,0.870463905
2066,0.629390012,0.504350623,0.448194516,0.87031988
2067,0.629391371,0.504376498,0.448122393,0.870602619
2068,0.629440634,0.504391153,0.448118908,0.870544637
2069,0.629460983,0.504265085,0.447905918,0.870777386
2070,0.629492909,0.504313147,0.448222564,0.870783006
2071,0.629514844,0.504261347,0.448437118,0.870892097
2072,0.629510829,0.504264616,0.448704591,0.870882451
2073,0.629529298,0.504129874,0.449032625,0.870836906
2074,0.629549366,0.504146939,0.448791087,0.871001443
2075,0.629583087,0.503909158,0.449133445,0.871273198
2076,0.629561053,0.503930939,0.449207127,0.871046483
2077,0.629611392,0.503856895,0.449309627,0.871432016
2078,0.629631656,0.503905987,0.449096258,0.871429742
2079,0.629652315,0.503898711,0.449172087,0.871445658
2080,0.62965971,0.503917368,0.449264945,0.871582474
2081,0.629655567,0.50396629,0.449394947,0.87158465
2082,0.629619513,0.503989696,0.449245542,0.872684366
2083,0.629605836,0.503972487,0.449260856,0.872679545
2084,0.629652552,0.503980275,0.449911967,0.872930503
2085,0.629659881,0.503992433,0.450201367,0.872859124
2086,0.629698424,0.504026248,0.45030044,0.872862315
2087,0.629704631,0.504044731,0.450435429,0.872838755
2088,0.629696786,0.504110458,0.45036979,0.872549059
2089,0.629743329,0.504152579,0.450489138,0.871601214
2090,0.629770603,0.504172121,0.451423529,0.871321097
2091,0.629746691,0.504191093,0.451689356,0.871295847
2092,0.629747129,0.504200055,0.451661223,0.871292292
2093,0.629790768,0.50417726,0.452096367,0.87144569
2094,0.629824473,0.504222096,0.452304705,0.871630703
2095,0.629842807,0.504124561,0.452115955,0.872780307
2096,0.629820747,0.504161336,0.452340942,0.872581804
2097,0.629852071,0.504056134,0.452090908,0.872822513
2098,0.629880676,0.504145791,0.452511859,0.872524632
2099,0.62995257,0.504095705,0.453391368,0.872673601
2100,0.629941725,0.504143845,0.453341997,0.872683787
2101,0.629938553,0.50417817,0.453369892,0.872633034
2102,0.62995587,0.504226921,0.453360647,0.872778553
2103,0.629974865,0.504220182,0.453217387,0.87278888
2104,0.630030961,0.504269388,0.453141783,0.873017386
2105,0.630029277,0.504152345,0.45328204,0.872940519
2106,0.62999756,0.504191122,0.453673684,0.872953233
2107,0.630019107,0.504064281,0.453953869,0.872071871
2108,0.629982747,0.504116297,0.453510726,0.871922569
2109,0.630051949,0.504032534,0.453940204,0.871944595
2110,0.630050735,0.504038518,0.453390342,0.872172998
2111,0.630065997,0.503976107,0.453481549,0.872287646
2112,0.630109574,0.504051135,0.453784068,0.872359223
2113,0.630141669,0.503983206,0.454132072,0.872497434
2114,0.630169486,0.504015034,0.455069166,0.872420153
2115,0.630180242,0.504018342,0.454975439,0.8726271
2116,0.630187305,0.504030151,0.454609333,0.873583472
2117,0.630211357,0.504060558,0.454761848,0.873345541
2118,0.630249741,0.50408018,0.455144258,0.873362649
2119,0.630240852,0.504050508,0.45497466,0.873388495
2120,0.63025972,0.504078577,0.455371442,0.873582622
2121,0.630252379,0.504052748,0.455390736,0.873479207
2122,0.63024761,0.504089373,0.455007692,0.87230004
2123,0.630326363,0.504022079,0.455267169,0.871628665
2124,0.630326406,0.50400343,0.454910843,0.872698675
2125,0.630308268,0.503974801,0.455276773,0.872737866
2126,0.630379565,0.50403604,0.455866828,0.872968867
2127,0.630408544,0.503944665,0.456352537,0.872914999
2128,0.630408221,0.504002936,0.456310774,0.873078402
2129,0.630432567,0.503970333,0.456411271,0.873038256
2130,0.630442435,0.504064211,0.456893999,0.873214985
2131,0.630448794,0.503989229,0.456884306,0.873109958
2132,0.630484079,0.504037052,0.456951343,0.872214416
2133,0.630487252,0.503991842,0.457434718,0.8717892
2134,0.630469245,0.504008777,0.457432516,0.871759822
2135,0.630488491,0.50394036,0.457529106,0.871865507
2136,0.630483099,0.503949676,0.457740982,0.870924243
2137,0.630499765,0.503925958,0.457673585,0.870928965
2138,0.630532564,0.504002788,0.45786219,0.871022408
2139,0.630552407,0.503973183,0.457656324,0.872209881
2140,0.630549331,0.50403783,0.457670397,0.872612372
2141,0.630566432,0.504013401,0.457564382,0.872540543
2142,0.630587915,0.504073527,0.457585017,0.872689616
2143,0.63060495,0.50399806,0.457472246,0.872796539
2144,0.630613368,0.504015206,0.45791946,0.873718225
2145,0.630621125,0.504010533,0.457680063,0.873584389
2146,0.630668385,0.504049423,0.458322174,0.873480852
2147,0.630675524,0.503997207,0.458319246,0.873375081
2148,0.630663884,0.504009114,0.458765507,0.873365769
2149,0.630669966,0.503947057,0.458542083,0.873385929
2150,0.630703368,0.504005036,0.45896361,0.873230028
2151,0.630721546,0.503953006,0.459220551,0.87320303
2152,0.63074376,0.504012486,0.459440156,0.873533627
2153,0.630736505,0.503927125,0.459785185,0.873489488
2154,0.63074357,0.5039781,0.459980939,0.873546149
2155,0.630777353,0.503931405,0.459961202,0.873882048
2156,0.63077366,0.503988422,0.460195981,0.873942266
2157,0.630813288,0.50393224,0.460209053,0.873735332
2158,0.630746886,0.503997253,0.459762311,0.873743074
2159,0.630791944,0.503929783,0.459845662,0.873846007
2160,0.63086065,0.503991865,0.460143227,0.873998347
2161,0.630835623,0.503976903,0.460448825,0.873879718
2162,0.630850114,0.503999672,0.460633365,0.87382329
2163,0.63088114,0.503983392,0.460795504,0.873975781
2164,0.630865701,0.504000574,0.460798209,0.873995568
2165,0.630919425,0.503978655,0.461007168,0.874145327
2166,0.630961658,0.504030879,0.461139719,0.874049766
2167,0.630967193,0.503988482,0.46052601,0.874283722
2168,0.630954528,0.504013943,0.460098527,0.874407189
2169,0.630978606,0.504069069,0.45988852,0.874484447
2170,0.631001447,0.504090589,0.460283009,0.874655684
2171,0.631017922,0.50403907,0.460434708,0.874601749
2172,0.63105615,0.504067902,0.461096211,0.874883866
2173,0.631022451,0.503889624,0.460770512,0.874878019
2174,0.631056004,0.504001656,0.460953106,0.875210515
2175,0.631113461,0.50390449,0.460777776,0.874331264
2176,0.631142633,0.504021423,0.461473278,0.874272152
2177,0.631158073,0.503728603,0.461478131,0.874118671
2178,0.631153277,0.503824659,0.461835522,0.873264042
2179,0.631176637,0.503610337,0.462169269,0.873187697
2180,0.631164703,0.503716187,0.462428408,0.873177565
2181,0.631151967,0.503373746,0.462347898,0.873238203
2182,0.631136835,0.503538369,0.462758773,0.873341685
2183,0.631142351,0.503400961,0.463026338,0.873190034
2184,0.631116465,0.503501903,0.463617038,0.873208767
2185,0.631161007,0.503435136,0.464074203,0.873083037
2186,0.631153268,0.503574864,0.463883554,0.872259641
2187,0.631163543,0.50339036,0.463821263,0.871976522
2188,0.631219587,0.503553326,0.464333969,0.872313198
2189,0.631287304,0.503375574,0.464542581,0.872450214
2190,0.631299936,0.503763551,0.465094597,0.872464132
2191,0.631350931,0.503642622,0.465027901,0.872476429
2192,0.631362555,0.503855551,0.464883578,0.871541584
2193,0.631433617,0.503665562,0.465179935,0.871632418
2194,0.631479269,0.503758717,0.465104601,0.870668001
2195,0.631486311,0.503693776,0.465127887,0.870439549
2196,0.631481503,0.503840585,0.464986273,0.870724388
2197,0.631544702,0.503641339,0.46532635,0.870685307
2198,0.631564988,0.503938103,0.465527823,0.870837737
2199,0.631621031,0.503859657,0.465243055,0.871134423
2200,0.631596044,0.503996044,0.464931341,0.871182034
2201,0.631674256,0.503879974,0.465990338,0.871165238
2202,0.63168038,0.504015317,0.465970761,0.871456551
2203,0.631723844,0.503969746,0.466316629,0.871588855
2204,0.631726338,0.504112437,0.466938519,0.871606884
2205,0.631747726,0.50394227,0.467088198,0.870706989
2206,0.631702275,0.504068496,0.467189666,0.87058591
2207,0.631725855,0.503879427,0.467417658,0.870555758
2208,0.631729476,0.504008025,0.467869267,0.870595296
2209,0.631782552,0.503913166,0.468343609,0.870602692
2210,0.631818284,0.504065398,0.46861554,0.87096754
2211,0.631810226,0.50388422,0.468612949,0.870879174
2212,0.631835412,0.504072631,0.46879897,0.87105815
2213,0.631868074,0.503990505,0.469074094,0.870811383
2214,0.631862523,0.504057219,0.468815167,0.870864084
2215,0.631896626,0.503918458,0.469494525,0.870599347
2216,0.631882245,0.503957509,0.468843898,0.870940337
2217,0.631920543,0.503915645,0.46937183,0.870840138
2218,0.631979198,0.503985548,0.469717209,0.870967965
2219,0.631985239,0.503958882,0.469483017,0.87100567
2220,0.631968849,0.503993107,0.469373576,0.871185489
2221,0.631997022,0.503958676,0.469529058,0.871076037
2222,0.631983188,0.504000066,0.469966842,0.871276422
2223,0.632018812,0.503946303,0.470194047,0.871285884
2224,0.632048517,0.504014024,0.470671606,0.871362842
2225,0.632080331,0.503999926,0.470343718,0.871485529
2226,0.632092524,0.504053547,0.470756621,0.871623028
2227,0.632104489,0.504005653,0.470663386,0.871650308
2228,0.632132436,0.504155724,0.470921461,0.87171773
2229,0.632138413,0.504100148,0.470529039,0.871729736
2230,0.632167392,0.504159068,0.471058601,0.871826514
2231,0.632193874,0.504100986,0.471322083,0.871705375
2232,0.632165708,0.504235662,0.471649606,0.87142456
2233,0.632204014,0.504181797,0.472177718,0.871552615
2234,0.632218666,0.50418741,0.472102849,0.871768299
2235,0.63221993,0.504149835,0.472624544,0.871512478
2236,0.632208335,0.504181285,0.472821692,0.87154903
2237,0.632248609,0.504102488,0.472464716,0.8717609
2238,0.632254357,0.504156514,0.472262698,0.872750932
2239,0.632297501,0.504116672,0.471963774,0.872856758
2240,0.632344328,0.504322582,0.471921802,0.872133061
2241,0.632432111,0.504297908,0.472429805,0.872025275
2242,0.632435462,0.504555834,0.472107453,0.87124232
2243,0.632469159,0.504498313,0.472219214,0.872155881
2244,0.632489825,0.504777918,0.47241258,0.871470788
2245,0.632555079,0.504697676,0.472959331,0.872382709
2246,0.632605694,0.504836788,0.473307048,0.872587168
2247,0.632690816,0.504841148,0.473819358,0.873677345
2248,0.632684877,0.504968127,0.473553908,0.873861115
2249,0.632687341,0.50490568,0.474030167,0.874828993
2250,0.632702811,0.504977629,0.473878664,0.874980215
2251,0.632738846,0.504919634,0.474767708,0.87496637
2252,0.632702174,0.505043456,0.474656128,0.874770464
2253,0.632737837,0.504992204,0.474969987,0.873910336
2254,0.632726168,0.50496196,0.474939283,0.874064604
2255,0.632712081,0.504890605,0.475332349,0.874022789
2256,0.632728948,0.50496127,0.475540408,0.87404514
2257,0.63274997,0.504898673,0.475019966,0.874015092
2258,0.632734371,0.505099881,0.474532641,0.87399005
2259,0.632796807,0.505036469,0.475152758,0.8740432
2260,0.632860378,0.505165992,0.475817318,0.874257304
2261,0.632924444,0.505071334,0.476176506,0.874252393
2262,0.632934849,0.505278108,0.47604259,0.874612244
2263,0.63302531,0.505217023,0.476483657,0.874553452
2264,0.63301864,0.505441437,0.475968661,0.874583919
2265,0.633096529,0.505304739,0.476713469,0.874657422
2266,0.633106908,0.505400071,0.476901079,0.874797038
2267,0.633190361,0.505220178,0.477596763,0.874937627
2268,0.633168384,0.505302528,0.477548209,0.874976533
2269,0.633209433,0.505171858,0.477779236,0.875258613
2270,0.633175077,0.505271563,0.477744179,0.875319365
2271,0.633215413,0.505126414,0.477543791,0.875323421
2272,0.633245676,0.50519475,0.47758399,0.876488328
2273,0.63325173,0.505098762,0.477573411,0.876728362
2274,0.633221876,0.505153291,0.478086288,0.877698059
2275,0.63328523,0.505081393,0.477880328,0.877764453
2276,0.633303137,0.505244947,0.477385736,0.877783439
2277,0.633370708,0.505176272,0.477450011,0.877922495
2278,0.633365771,0.505224687,0.477944444,0.877834184
2279,0.633439609,0.505020828,0.478403087,0.877797573
2280,0.633463226,0.505183376,0.478956354,0.877769716
2281,0.633519463,0.505143354,0.479176345,0.877705958
2282,0.633483,0.505297635,0.478780719,0.876678582
2283,0.633506818,0.505245738,0.479298769,0.875467219
2284,0.633551047,0.505350131,0.479191322,0.875606233
2285,0.633561951,0.50524622,0.479356265,0.875419924
2286,0.633545202,0.505357866,0.479187458,0.875407648
2287,0.633583323,0.505194266,0.479490342,0.875397764
2288,0.63359795,0.505281474,0.479673589,0.875523625
2289,0.633644786,0.505214447,0.48017238,0.875356933
2290,0.633648821,0.505431093,0.480351947,0.875363144
2291,0.633675804,0.505308793,0.480706826,0.875602323
2292,0.633675872,0.505527367,0.480604467,0.875653181
2293,0.633723994,0.505418917,0.480820288,0.875714014
2294,0.633734715,0.505542859,0.480605097,0.875736323
2295,0.633809805,0.50542819,0.481218655,0.875987434
2296,0.633825441,0.505610526,0.481275933,0.876158822
2297,0.633892785,0.505599673,0.481581236,0.876141584
2298,0.633874618,0.505887155,0.481492871,0.876135042
2299,0.633934412,0.505746658,0.481652751,0.876125882
2300,0.633952527,0.505989168,0.48186195,0.876187376
2301,0.634010148,0.505793585,0.481195873,0.87626436
2302,0.633992049,0.505956152,0.481200539,0.876276851
2303,0.634039197,0.505800614,0.481546874,0.87631921
2304,0.634003341,0.505929515,0.481455375,0.876321388
2305,0.63402498,0.505767028,0.482029093,0.876269133
2306,0.634020508,0.505872041,0.481972488,0.876245384
2307,0.634079865,0.505600759,0.482349928,0.876172738
2308,0.634072685,0.505723703,0.482109291,0.875372383
2309,0.634112171,0.505645835,0.48238085,0.875179294
2310,0.634119557,0.505839113,0.482149981,0.874397868
2311,0.634141168,0.505767958,0.482116134,0.874335694
2312,0.634088609,0.505906581,0.482253731,0.874284474
2313,0.634132352,0.505816498,0.482738031,0.874127811
2314,0.634126764,0.505943476,0.482920764,0.873017401
2315,0.634159197,0.505835009,0.482650665,0.873087344
2316,0.634150548,0.505999854,0.483382294,0.874219864
2317,0.634187214,0.505866207,0.483407078,0.874309299
2318,0.634180049,0.506072998,0.483667036,0.874306613
2319,0.634248456,0.506006193,0.484152844,0.874359949
2320,0.634196714,0.506125932,0.483459554,0.873414881
2321,0.634274552,0.505987819,0.48399535,0.872542997
2322,0.634275263,0.506228509,0.484144693,0.872393662
2323,0.63432804,0.506070266,0.485128409,0.872445591
2324,0.634306584,0.506104001,0.484745638,0.872413208
2325,0.634327067,0.5060047,0.485364151,0.871410939
2326,0.634302383,0.50608602,0.484929439,0.871312137
2327,0.634352621,0.505968469,0.48552633,0.871565217
2328,0.634341335,0.506007198,0.485188006,0.871427861
2329,0.634439322,0.5058841,0.485382784,0.870873705
2330,0.634389804,0.505938889,0.485122039,0.870670408
2331,0.634393044,0.505856607,0.485550097,0.870719853
2332,0.63438065,0.505892556,0.485838216,0.870534816
2333,0.634385215,0.505733864,0.48611041,0.870530427
2334,0.634391155,0.505761487,0.486571388,0.870459556
2335,0.634390201,0.505698136,0.486095514,0.870296854
2336,0.634398766,0.505729703,0.486283129,0.870525634
2337,0.634426218,0.505690453,0.485778513,0.870386516
2338,0.634398273,0.505769045,0.485211753,0.870403419
2339,0.634446463,0.505648983,0.485265047,0.87042361
2340,0.634413655,0.505723191,0.485323429,0.870486133
2341,0.634443493,0.505527654,0.486136313,0.870683127
2342,0.63441232,0.505588265,0.486038134,0.870862324
2343,0.63443904,0.505461936,0.486059606,0.87091011
2344,0.634362166,0.505483943,0.485626724,0.870854069
2345,0.634355389,0.505389603,0.485633464,0.870769475
2346,0.634282409,0.50543355,0.485358352,0.870661017
2347,0.634318444,0.505344574,0.48584677,0.870867723
2348,0.634301983,0.505357283,0.486068166,0.87088052
2349,0.634328136,0.505318242,0.486360767,0.870003458
2350,0.634317798,0.505331028,0.486595064,0.869951675
2351,0.634314619,0.505328034,0.486414147,0.870073165
2352,0.634337167,0.505360218,0.486996602,0.870140492
2353,0.634334938,0.505265894,0.486863465,0.870183127
2354,0.634350249,0.505300262,0.486392996,0.870544337
2355,0.634359986,0.50520423,0.486145884,0.870535447
2356,0.634310737,0.505247009,0.485700285,0.870554655
2357,0.634287008,0.505135411,0.485597885,0.870576071
2358,0.634305915,0.505168526,0.486084818,0.869568911
2359,0.634291079,0.505075838,0.486086877,0.869522636
2360,0.634237872,0.505129017,0.486546676,0.869228368
2361,0.634312073,0.505039944,0.486590443,0.868661804
2362,0.634303612,0.505101028,0.487320888,0.868624593
2363,0.634337928,0.505021131,0.486941729,0.868848242
2364,0.634369307,0.505078854,0.486936161,0.869054532
2365,0.634393432,0.504944622,0.487646484,0.869281898
2366,0.634386621,0.504988572,0.487663881,0.869250134
2367,0.63439456,0.504865104,0.48772297,0.869329349
2368,0.634376999,0.504908623,0.487721382,0.869301135
2369,0.634411797,0.504735467,0.487849633,0.869475739
2370,0.634367297,0.504751251,0.487545077,0.86941313
2371,0.634388416,0.504577663,0.487170273,0.869656875
2372,0.634444205,0.504617869,0.487441721,0.869763264
2373,0.634455607,0.504560803,0.487442525,0.869716814
2374,0.634458391,0.504639414,0.487412898,0.869656028
2375,0.634463842,0.504522454,0.487833055,0.86960635
2376,0.634452506,0.504535697,0.487752651,0.869662457
2377,0.63444313,0.504449782,0.487456681,0.869686152
2378,0.634449283,0.504472065,0.487931458,0.869673171
2379,0.634487428,0.504409789,0.488019751,0.869917099
2380,0.634492298,0.504450213,0.488537783,0.86985487
2381,0.634499008,0.504419333,0.488407859,0.870058993
2382,0.634513729,0.504481614,0.488245963,0.87011507
2383,0.634556667,0.504384843,0.488293121,0.87020353
2384,0.634524018,0.504463661,0.487712302,0.870064879
2385,0.634567087,0.504394377,0.488317201,0.870085821
2386,0.634535853,0.50444335,0.487870437,0.86911446
2387,0.634499452,0.504332844,0.487962858,0.86883922
2388,0.634545174,0.504409132,0.487876405,0.867916814
2389,0.634568052,0.504296586,0.488339804,0.867910376
2390,0.63455337,0.504354624,0.488770826,0.867912795
2391,0.634579248,0.504242252,0.489369508,0.867984483
2392,0.634589468,0.504313379,0.489242791,0.868145205
2393,0.634596216,0.504190229,0.489221613,0.869039572
2394,0.634577492,0.504310822,0.489383548,0.869003955
2395,0.63459389,0.50416621,0.489117124,0.869958845
2396,0.634565935,0.504277236,0.489066744,0.869841192
2397,0.634571491,0.504162335,0.489116217,0.869911906
2398,0.63455092,0.504188532,0.489043028,0.869950364
2399,0.634589553,0.504053861,0.489120729,0.870173867
2400,0.634574062,0.504106474,0.488475291,0.870249038
2401,0.634575413,0.504039489,0.48803289,0.870076626
2402,0.634576342,0.504128883,0.488310176,0.870238417
2403,0.634579102,0.504014459,0.487801058,0.870343635
2404,0.634608591,0.504085251,0.487502325,0.870677595
2405,0.634634923,0.50393981,0.487132356,0.870892735
2406,0.634673624,0.504051511,0.487386137,0.871073315
2407,0.634716827,0.503924525,0.487326205,0.872167502
2408,0.634710956,0.504081925,0.487626907,0.872285113
2409,0.634722062,0.503810785,0.487578032,0.872314003
2410,0.63470618,0.50399242,0.48719931,0.872380714
2411,0.634784522,0.503919986,0.487355355,0.872392102
2412,0.634798122,0.504078776,0.487216588,0.872582279
2413,0.634845215,0.503942687,0.487190421,0.872511741
2414,0.634798857,0.504072456,0.48719453,0.872385517
2415,0.63478996,0.503937871,0.487226093,0.872222465
2416,0.634737541,0.504020997,0.486990895,0.872402447
2417,0.634799035,0.503887006,0.487171602,0.872513361
2418,0.634787098,0.504022753,0.487403104,0.872536619
2419,0.634786703,0.503866737,0.487619974,0.872208477
2420,0.634758464,0.503957641,0.487668071,0.871511311
2421,0.634769862,0.503721049,0.487914326,0.871420035
2422,0.634693504,0.503867735,0.487257581,0.871405892
2423,0.634721394,0.503749923,0.487708065,0.871385833
2424,0.634730694,0.503878886,0.487859468,0.871450335
2425,0.634757603,0.503667745,0.488248375,0.871480655
2426,0.634732988,0.503824031,0.488604161,0.87149355
2427,0.634760492,0.503595571,0.487835669,0.871722911
2428,0.634753462,0.503766265,0.488236319,0.871983388
2429,0.634834349,0.503697622,0.48810383,0.872207931
2430,0.634797528,0.50384975,0.487826513,0.871903251
2431,0.634887064,0.503753626,0.488370752,0.871167364
2432,0.634852072,0.503837814,0.48776315,0.871077293
2433,0.634882415,0.503682221,0.487380901,0.871227292
2434,0.634885054,0.50383524,0.487514475,0.871566233
2435,0.634899516,0.503708234,0.488094151,0.871577727
2436,0.634872172,0.503780162,0.488769515,0.871657417
2437,0.634853382,0.503639423,0.489107866,0.87224533
2438,0.634827748,0.503717152,0.489715274,0.872480232
2439,0.634840941,0.503534611,0.489270717,0.873441271
2440,0.634797834,0.503682138,0.48859689,0.873436811
2441,0.634836698,0.503576314,0.488464108,0.872489007
2442,0.634814758,0.503665354,0.488377618,0.87262849
2443,0.634882729,0.50353387,0.488923182,0.872884537
2444,0.634874226,0.503592436,0.488690452,0.872938424
2445,0.634876936,0.503432654,0.48878286,0.872762204
2446,0.634873402,0.503478816,0.489275159,0.872885808
2447,0.634867942,0.503414204,0.489232436,0.8728654
2448,0.634843143,0.503463774,0.489434973,0.872915414
2449,0.63483317,0.503315919,0.489579068,0.872768549
2450,0.634810621,0.50339204,0.489602434,0.873005093
2451,0.634919209,0.503140955,0.490407039,0.873222888
2452,0.634910731,0.503233603,0.489925291,0.873278531
2453,0.634937605,0.503032409,0.490405028,0.873407592
2454,0.634951965,0.503116655,0.490647135,0.873403514
2455,0.634967831,0.503029671,0.49043209,0.873589063
2456,0.634902913,0.503068488,0.490601189,0.873382245
2457,0.63492256,0.502886548,0.490690308,0.873406543
2458,0.634888334,0.50293529,0.490676719,0.874310751
2459,0.634870417,0.502799378,0.490114854,0.874470893
2460,0.634841998,0.502864577,0.490035943,0.874421277
2461,0.634876236,0.502701822,0.490111725,0.874484212
2462,0.634838094,0.502746764,0.489790322,0.874432541
2463,0.634876036,0.502611155,0.490306931,0.874563313
2464,0.634864821,0.502664027,0.490099001,0.874536689
2465,0.634864012,0.502508752,0.490785322,0.874318575
2466,0.634837676,0.50255692,0.490356601,0.874379549
2467,0.634872562,0.502436724,0.489848637,0.874438485
2468,0.634860383,0.502473673,0.489954202,0.874380708
2469,0.634884774,0.502283462,0.490186283,0.874433388
2470,0.634875496,0.502358843,0.49005586,0.874409639
2471,0.634914867,0.50220734,0.49043254,0.874627245
2472,0.634890092,0.502303818,0.490132516,0.874575504
2473,0.634925497,0.50220342,0.48992863,0.874791446
2474,0.634956495,0.502268069,0.489841878,0.875100302
2475,0.635008787,0.502063458,0.490230007,0.875114438
2476,0.634991268,0.502101562,0.490778137,0.875131749
2477,0.634979127,0.501934656,0.490669703,0.875147758
2478,0.634974273,0.501997664,0.49107441,0.875334524
2479,0.635016791,0.501790934,0.490804807,0.87435029
2480,0.635011331,0.501856549,0.490521426,0.874482173
2481,0.635060815,0.501720712,0.490632721,0.874660088
2482,0.635042793,0.501760662,0.491235455,0.874622969
2483,0.635067666,0.501546576,0.491056565,0.874661588
2484,0.635036701,0.501620936,0.491544762,0.874691022
2485,0.635053534,0.501304992,0.491443092,0.874728294
2486,0.635043984,0.501386443,0.49196203,0.874664885
2487,0.635087418,0.501091628,0.492236511,0.874878045
2488,0.635050474,0.501149226,0.492502173,0.874738708
2489,0.635108174,0.501062027,0.492830306,0.87495255
2490,0.635057959,0.501117519,0.493099051,0.874823785
2491,0.635071405,0.500871699,0.49348945,0.874624191
2492,0.635078252,0.500929255,0.49392084,0.874665053
2493,0.635109836,0.500804509,0.493632212,0.87468605
2494,0.635074146,0.500860255,0.493317598,0.874652179
2495,0.635068162,0.500612758,0.492989977,0.87465774
2496,0.635030569,0.500640424,0.49284567,0.874656708
2497,0.635062829,0.500591227,0.492664052,0.874697542
2498,0.635051916,0.50066796,0.493018431,0.874641489
2499,0.635067586,0.500523059,0.492568602,0.874911603
2500,0.635083219,0.500584812,0.493106175,0.875035319
2501,0.635108597,0.500424775,0.493265638,0.87497486
2502,0.635095428,0.500548436,0.493005068,0.874956
2503,0.635119177,0.50022467,0.4935176,0.875898178
2504,0.635068211,0.500319411,0.493422461,0.875826342
2505,0.635118804,0.500128756,0.493893395,0.876017025
2506,0.635083922,0.500220774,0.49371188,0.876960901
2507,0.635106279,0.499976182,0.493624002,0.87681244
2508,0.63510483,0.500122041,0.49332734,0.877098891
2509,0.635115391,0.499630465,0.493343876,0.87704039
2510,0.635097138,0.49978541,0.493267846,0.877066612
2511,0.635117746,0.499676676,0.493788701,0.87705283
2512,0.635085067,0.499775223,0.493664059,0.876025745
2513,0.63509824,0.499551783,0.493413725,0.875990415
2514,0.63506521,0.499768104,0.493393095,0.875928105
2515,0.63511282,0.499625368,0.493083572,0.874982149
2516,0.635101045,0.499828224,0.493286483,0.87487063
2517,0.635129047,0.499643897,0.492897717,0.874822553
2518,0.635086448,0.499733146,0.492116517,0.874805258
2519,0.635150814,0.499589637,0.492656893,0.873860803
2520,0.635157739,0.499668032,0.492421976,0.873586064
2521,0.635157072,0.499479913,0.49202676,0.873614966
2522,0.635133817,0.499567708,0.492018945,0.873509959
2523,0.635108522,0.499495768,0.491590383,0.873510294
2524,0.635118315,0.499575917,0.491959763,0.873641366
2525,0.635144203,0.499476424,0.491859801,0.873631708
2526,0.635119178,0.499498776,0.491813459,0.873689129
2527,0.635157343,0.499335015,0.491937082,0.873922277
2528,0.63512366,0.499359628,0.491967274,0.873601968
2529,0.635121657,0.499196545,0.491878252,0.872681356
2530,0.63514356,0.499244206,0.491948968,0.872553735
2531,0.63514349,0.499180159,0.491736238,0.872543613
2532,0.63512814,0.499255251,0.491681863,0.872740539
2533,0.635145715,0.499159146,0.492195533,0.87271952
2534,0.635137809,0.499223318,0.49170021,0.872815752
2535,0.635160168,0.499132021,0.49224081,0.872556541
2536,0.635173756,0.499167006,0.492123129,0.871695036
2537,0.635159008,0.498932327,0.491825626,0.871677071
2538,0.635139388,0.498994323,0.492376334,0.871896905
2539,0.635177167,0.498855345,0.491935339,0.872160011
2540,0.635141636,0.498956134,0.492499518,0.872069246
2541,0.6351863,0.498925789,0.492305647,0.872108393
2542,0.635146748,0.499009067,0.492387197,0.872069607
2543,0.635189997,0.498886247,0.492665448,0.872248997
2544,0.635149827,0.498948201,0.492843465,0.872221785
2545,0.635154499,0.498843574,0.493021845,0.872145995
2546,0.635149246,0.498903368,0.493275487,0.87223491
2547,0.635188053,0.49886335,0.493442366,0.872208354
2548,0.635168404,0.49894069,0.492956904,0.872247382
2549,0.635217752,0.4988689,0.493709209,0.872231874
2550,0.635192854,0.498897792,0.493309235,0.872241922
2551,0.635228437,0.498831993,0.493604351,0.872250164
2552,0.635201374,0.498844475,0.493270146,0.872220411
2553,0.635241782,0.498729834,0.493171447,0.872344874
2554,0.635219956,0.49876487,0.494151903,0.872443605
2555,0.635251879,0.498559343,0.494151476,0.87244601
2556,0.6352246,0.498662071,0.494727089,0.872320207
2557,0.635287655,0.498571234,0.494957219,0.872383783
2558,0.635264219,0.498593155,0.495340621,0.87242703
2559,0.635294194,0.49843585,0.495655238,0.872623142
2560,0.635257333,0.49847776,0.495815342,0.872539699
2561,0.635272919,0.498355579,0.496297683,0.872509702
2562,0.635254022,0.498410125,0.49632413,0.87248574
2563,0.635288232,0.498264247,0.49623953,0.872525399
2564,0.6352707,0.498326186,0.496234057,0.872706093
2565,0.635270964,0.498196403,0.496695494,0.872683428
2566,0.635271612,0.498260044,0.496605156,0.872834558
2567,0.635293876,0.498103807,0.496551559,0.872828335
2568,0.635276928,0.498169884,0.497432947,0.873029726
2569,0.63530016,0.49806769,0.497594389,0.87207435
2570,0.635267966,0.498131364,0.497902457,0.871884728
2571,0.635308276,0.497996552,0.498277442,0.871902046
2572,0.635305865,0.498085191,0.497901993,0.87194233
2573,0.635344376,0.497996633,0.49802814,0.872095169
2574,0.635320691,0.498084124,0.497870909,0.872145119
2575,0.635349284,0.498047066,0.497785123,0.87212688
2576,0.635332764,0.498136058,0.497974349,0.872278129
2577,0.635376962,0.498054403,0.497708857,0.87229718
2578,0.635370278,0.498099155,0.497666756,0.87230671
2579,0.635396345,0.498000133,0.497715883,0.872183082
2580,0.635413083,0.49809011,0.49809113,0.871345244
2581,0.635521899,0.498031817,0.498419814,0.870599445
2582,0.635527401,0.498151626,0.498736326,0.87038534
2583,0.63554848,0.49804679,0.498601168,0.870231693
2584,0.635522929,0.498166981,0.497953968,0.870189099
2585,0.635592748,0.498044195,0.498089523,0.870276716
2586,0.635587799,0.498192451,0.49785829,0.870306896
2587,0.635660891,0.498139794,0.497549472,0.870324673
2588,0.635682203,0.498208238,0.497683465,0.870794272
2589,0.635701162,0.498130352,0.497893789,0.871733995
2590,0.635701425,0.498256756,0.497162512,0.87184369
2591,0.635753992,0.498156235,0.497108047,0.871789473
2592,0.635758508,0.498311913,0.497219162,0.871795893
2593,0.63581631,0.498188467,0.497379709,0.871707926
2594,0.635789702,0.498350495,0.497619553,0.871650854
2595,0.63580493,0.49828631,0.49816086,0.871514449
2596,0.635832642,0.498363917,0.497893753,0.871719041
2597,0.635920099,0.498297917,0.498369029,0.871539478
2598,0.635923857,0.4983751,0.498518239,0.871801081
2599,0.635936486,0.498295778,0.49843677,0.87165934
2600,0.635931551,0.498374578,0.498083928,0.870802826
2601,0.636000767,0.498273899,0.498316594,0.870881811
2602,0.636007549,0.498350398,0.498798196,0.871050579
2603,0.636064187,0.498265286,0.498585477,0.871180649
2604,0.63603234,0.498395449,0.498670126,0.871140707
2605,0.636084081,0.498303141,0.498856153,0.871137811
2606,0.636096902,0.498396924,0.498606089,0.871304963
2607,0.636119547,0.498285862,0.498513209,0.872190312
2608,0.636145067,0.498347788,0.499419773,0.871477132
2609,0.636179973,0.498236609,0.49975714,0.871357754
2610,0.636174838,0.498336176,0.500323595,0.871450625
2611,0.636241603,0.498220149,0.500637236,0.871231777
2612,0.636240561,0.498308872,0.500970767,0.871367303
2613,0.63626626,0.498221573,0.501056157,0.87123732
2614,0.636284321,0.498336601,0.501326255,0.871353391
2615,0.636348879,0.498269401,0.501020571,0.871228551
2616,0.636361442,0.498363796,0.501846838,0.871208497
2617,0.636437249,0.49821381,0.501335108,0.871688829
2618,0.636404447,0.498377855,0.501775194,0.87152663
2619,0.636484055,0.498327449,0.501647148,0.871460991
2620,0.636485895,0.498459613,0.501598968,0.871485879
2621,0.636554626,0.498424659,0.501475862,0.871550618
2622,0.63656075,0.498482402,0.501785475,0.872783652
2623,0.636543895,0.498442374,0.50188716,0.873491722
2624,0.636559205,0.498572482,0.501922828,0.873611127
2625,0.636591689,0.498549884,0.501655786,0.873342105
2626,0.63658488,0.498614085,0.501444053,0.872275633
2627,0.636651221,0.498613658,0.50150703,0.872269584
2628,0.636680569,0.498677076,0.501184252,0.871306662
2629,0.636766575,0.498629935,0.501550058,0.871398947
2630,0.636776255,0.498630716,0.500993202,0.871418013
2631,0.636807181,0.49863947,0.500642447,0.871530729
2632,0.636785543,0.498638901,0.501277474,0.872443982
2633,0.636831184,0.498589608,0.50123921,0.872817618
2634,0.636856919,0.498655943,0.501391019,0.87190095
2635,0.636928385,0.498658096,0.501543384,0.871939073
2636,0.636941396,0.498729814,0.501718206,0.87193609
2637,0.637010821,0.498740277,0.501996974,0.871958502
2638,0.637038654,0.498772397,0.502658536,0.872023718
2639,0.637084761,0.49873388,0.502037191,0.872016332
2640,0.637096284,0.49876193,0.501904486,0.871865362
2641,0.637145265,0.498733908,0.502052811,0.87194173
2642,0.637159365,0.498744873,0.502318311,0.871961726
2643,0.637201157,0.498746564,0.502385646,0.871104456
2644,0.637213749,0.498786192,0.502357441,0.871060728
2645,0.637253848,0.498767506,0.502756699,0.871282026
2646,0.637262992,0.49883471,0.502445486,0.87142269
2647,0.637310291,0.498793806,0.502804567,0.871584271
2648,0.63736105,0.498911896,0.502786727,0.87164313
2649,0.637393454,0.498887881,0.503119432,0.871646354
2650,0.637390446,0.498938472,0.503174978,0.871688821
2651,0.637406552,0.498904962,0.503369495,0.871633724
2652,0.637375284,0.498945181,0.503374671,0.871586265
2653,0.637414751,0.498952649,0.503333233,0.871560256
2654,0.637429947,0.498975289,0.503112263,0.871643449
2655,0.637443853,0.498904026,0.503300761,0.871672278
2656,0.637453693,0.498969809,0.503436627,0.871537327
2657,0.63748943,0.498963311,0.504126394,0.871823333
2658,0.637519008,0.498982801,0.504591968,0.871743698
2659,0.63752457,0.498966314,0.504480349,0.871765894
2660,0.637518806,0.49898661,0.504532375,0.871783188
2661,0.637613831,0.498937263,0.50489887,0.871958209
2662,0.637629256,0.499011397,0.505285578,0.871914509
2663,0.637651942,0.498958866,0.505291432,0.871768043
2664,0.637671024,0.499091696,0.505964844,0.871720811
2665,0.637694822,0.499029098,0.506050081,0.871539376
2666,0.637699724,0.499115036,0.506001554,0.871670116
2667,0.637736458,0.499067621,0.506312068,0.871609558
2668,0.637749845,0.499141319,0.5066835,0.871610399
2669,0.637797208,0.499063279,0.507289827,0.871573823
2670,0.637811381,0.499143189,0.507376332,0.871605085
2671,0.637868397,0.499086387,0.50777951,0.871584042
2672,0.637846346,0.499171398,0.506931167,0.871593269
2673,0.637910973,0.499147215,0.50732894,0.871530371
2674,0.637903042,0.49912468,0.506853348,0.871577984
2675,0.637897509,0.499137472,0.507446785,0.872501257
2676,0.637903292,0.499128004,0.507618975,0.872630778
2677,0.637931756,0.499111656,0.507680658,0.872744299
2678,0.637947666,0.499122151,0.507466282,0.872709709
2679,0.637968934,0.499139487,0.5073298,0.872790551
2680,0.637984241,0.49911238,0.507484652,0.872735103
2681,0.638012073,0.499169763,0.507672326,0.872798148
2682,0.638032066,0.499123532,0.507238488,0.87276415
2683,0.638048061,0.49912993,0.50703338,0.873010299
2684,0.63802158,0.499166228,0.506542901,0.872923676
2685,0.638029455,0.499186474,0.506388265,0.873164344
2686,0.638011972,0.499199737,0.506870482,0.873917447
2687,0.638044144,0.499236246,0.506882041,0.874187961
2688,0.638032907,0.499259985,0.506915139,0.874021308
2689,0.638039173,0.499257258,0.506457045,0.874213415
2690,0.638031799,0.498998313,0.505589841,0.874209266
2691,0.638034076,0.499008839,0.50594925,0.874120453
2692,0.638004737,0.498942244,0.506134784,0.87489744
2693,0.637996011,0.498967901,0.506256227,0.874109533
2694,0.638005568,0.498999814,0.506818145,0.875050961
2695,0.638030087,0.49898418,0.50699694,0.874281276
2696,0.638062701,0.498983537,0.507469222,0.874301583
2697,0.638031972,0.499011355,0.507023605,0.874142249
2698,0.638049996,0.49888941,0.506985623,0.873931075
2699,0.638057245,0.498876583,0.507014842,0.87391978
2700,0.63808213,0.498850128,0.506948564,0.873881261
2701,0.638085899,0.498853819,0.506158684,0.873957712
2702,0.638126253,0.498828733,0.506279162,0.874026934
2703,0.638151432,0.498830461,0.50625699,0.874063522
2704,0.638187507,0.498816866,0.506327357,0.874302193
2705,0.63821005,0.498807336,0.506249556,0.875199866
2706,0.638242695,0.498816396,0.505875877,0.87525693
2707,0.638302811,0.498824718,0.505907079,0.874510808
2708,0.638313961,0.498787411,0.505701013,0.874570923
2709,0.638310779,0.498819962,0.505254423,0.874385965
2710,0.638329095,0.498781421,0.505064036,0.874410703
2711,0.63837262,0.498730816,0.505094268,0.874508549
2712,0.63837149,0.498767081,0.505732711,0.874523896
2713,0.638410609,0.49877345,0.505399446,0.874792215
2714,0.638434281,0.498829817,0.505702018,0.874737542
2715,0.638475047,0.498826513,0.505265969,0.874974962
2716,0.638475834,0.498864654,0.50598177,0.874816457
2717,0.638528011,0.498901042,0.505750078,0.873970993
2718,0.638515216,0.498929319,0.505350648,0.873625195
2719,0.638542079,0.498936335,0.505410255,0.872681354
2720,0.638563647,0.498942212,0.505067214,0.87258946
2721,0.638558234,0.498941646,0.504699656,0.872647853
2722,0.638611771,0.498958638,0.504781935,0.872659126
2723,0.638640218,0.498999089,0.504613094,0.872774377
2724,0.638655557,0.498954908,0.504866824,0.872768725
2725,0.638636945,0.49899882,0.504211385,0.872797236
2726,0.638639611,0.499024666,0.504457302,0.87258922
2727,0.638676231,0.499057556,0.50439296,0.872558861
2728,0.638665879,0.498975209,0.50406073,0.872544657
2729,0.638688813,0.499002941,0.50378795,0.872534101
2730,0.638691613,0.498983666,0.503484603,0.872481931
2731,0.63870364,0.499055331,0.502958453,0.872655159
2732,0.638752829,0.498969209,0.503117324,0.872930871
2733,0.638774422,0.499039178,0.502782754,0.873065673
2734,0.638807237,0.499020707,0.502954897,0.873105513
2735,0.638852511,0.499083316,0.502330595,0.873388993
2736,0.638885299,0.499063688,0.502070427,0.873405777
2737,0.638885544,0.499151375,0.502184434,0.873520781
2738,0.63887534,0.499104779,0.502730762,0.873473035
2739,0.638857187,0.499163906,0.502867654,0.873544437
2740,0.638865088,0.499040895,0.503260803,0.874520415
2741,0.638833659,0.499061894,0.502887621,0.874694106
2742,0.638865982,0.498881492,0.50348636,0.875701233
2743,0.638867766,0.498903188,0.503157535,0.875795266
2744,0.638843667,0.498657063,0.502821724,0.87658135
2745,0.638825933,0.498712978,0.502545662,0.875853025
2746,0.638830584,0.498579891,0.502902404,0.875697473
2747,0.638812041,0.498621556,0.502567493,0.875705832
2748,0.638826004,0.498498655,0.502537966,0.875748316
2749,0.638844554,0.498546174,0.502317163,0.875791193
2750,0.638877773,0.498470013,0.503116322,0.875649114
2751,0.638892012,0.498526811,0.502420994,0.874727393
2752,0.638911234,0.498419264,0.502685646,0.874644861
2753,0.638895166,0.498483586,0.502265101,0.874557193
2754,0.638935776,0.498494327,0.502662542,0.874559455
2755,0.638942875,0.498528614,0.502085295,0.874705304
2756,0.638978143,0.498484425,0.502784451,0.87463219
2757,0.638972924,0.498502258,0.502825556,0.87390659
2758,0.638991963,0.498311127,0.50320129,0.873811009
2759,0.638984152,0.498313205,0.502944042,0.872859988
2760,0.638995825,0.498276822,0.502902346,0.872820113
2761,0.63900137,0.498334547,0.503125515,0.872829864
2762,0.63903764,0.498180185,0.502778694,0.872685589
2763,0.639014496,0.498220127,0.502796228,0.872768464
2764,0.639048839,0.498036373,0.502878976,0.872770494
2765,0.639011768,0.498089526,0.502520488,0.872794962
2766,0.63903001,0.498053641,0.502213149,0.872838418
2767,0.639011802,0.498118763,0.502227606,0.872651908
2768,0.639051033,0.498100061,0.5023193,0.871703151
2769,0.639074576,0.498174787,0.502671681,0.871549226
2770,0.63910658,0.498111724,0.50207838,0.870608001
2771,0.639082479,0.498139496,0.502543674,0.870376843
2772,0.63907942,0.498107781,0.502795415,0.87037599
2773,0.639089332,0.498132842,0.503252351,0.870371045
2774,0.639110787,0.498136516,0.502980522,0.870453217
2775,0.639118741,0.498189864,0.50363948,0.870437453
2776,0.639102748,0.498110724,0.503976528,0.870432669
2777,0.639082916,0.498151422,0.504284448,0.870464399
2778,0.639124002,0.498136163,0.503916442,0.87056831
2779,0.639140844,0.498180004,0.503857419,0.870630094
2780,0.639135564,0.498083527,0.504123161,0.870590432
2781,0.639119332,0.498086477,0.503742003,0.870669139
2782,0.639146113,0.49794155,0.503918258,0.871661579
2783,0.639157387,0.497977879,0.503705025,0.872866763
2784,0.639159317,0.497918861,0.504440523,0.872920611
2785,0.639201292,0.497973644,0.50465534,0.873117193
2786,0.639242692,0.49790669,0.504668988,0.872289893
2787,0.639262133,0.497990916,0.504753651,0.872153927
2788,0.639261394,0.497921607,0.505032504,0.872136328
2789,0.639281147,0.497959936,0.504848813,0.872455208
2790,0.639245823,0.497796327,0.504676629,0.872417148
2791,0.639222853,0.497869886,0.504569017,0.872329136
2792,0.639233805,0.497722105,0.504756779,0.871384986
2793,0.63922501,0.497724156,0.504916862,0.871391577
2794,0.639224893,0.497685284,0.505168833,0.871353484
2795,0.639209669,0.497733488,0.504380731,0.871335998
2796,0.639199987,0.497650095,0.504123882,0.871239035
2797,0.639185934,0.497682863,0.504419491,0.871242821
2798,0.639199859,0.497471573,0.504464471,0.871239539
2799,0.639159183,0.497520503,0.504919517,0.871076106
2800,0.639146781,0.497338127,0.504895865,0.871054927
2801,0.639130834,0.497434283,0.506113268,0.871229722
2802,0.639157569,0.497356157,0.505939636,0.871217041
2803,0.639149165,0.497355143,0.50587876,0.871095872
2804,0.639170787,0.497309819,0.505887495,0.870000906
2805,0.639190885,0.49737089,0.505629942,0.87024246
2806,0.639189679,0.497322063,0.505619129,0.870053332
2807,0.639180045,0.497369989,0.505245844,0.870204039
2808,0.639178462,0.497316291,0.505109737,0.871010776
2809,0.639176325,0.497321324,0.505275966,0.871081435
2810,0.639176949,0.497237697,0.50540982,0.871058294
2811,0.639188116,0.497230981,0.505277743,0.871089762
2812,0.639229164,0.497171728,0.505333124,0.871266219
2813,0.639218493,0.49713434,0.50508734,0.871436548
2814,0.639201753,0.497038788,0.505379576,0.872576715
2815,0.639198749,0.497033157,0.505767449,0.872567004
2816,0.639185151,0.496889922,0.505303319,0.872595594
2817,0.639197,0.496926828,0.505728207,0.87257816
2818,0.639228162,0.496766774,0.505931427,0.872652474
2819,0.63924006,0.49678854,0.505966008,0.872691543
2820,0.639289921,0.496724029,0.50636819,0.873749465
2821,0.639292197,0.496758679,0.506269982,0.874768132
2822,0.63928034,0.496579054,0.506419664,0.874900553
2823,0.639280593,0.49665701,0.505436028,0.874820136
2824,0.639294181,0.496673382,0.505439734,0.873962443
2825,0.63930323,0.496673767,0.504813578,0.874896857
2826,0.639309554,0.496668291,0.504727974,0.875254481
2827,0.639340105,0.49670141,0.504906283,0.875196678
2828,0.639363392,0.496713973,0.505458862,0.875421091
2829,0.639358008,0.496758151,0.505799953,0.876371798
2830,0.639381064,0.496749904,0.505900608,0.87647167
2831,0.639398213,0.496778809,0.505382673,0.876413529
2832,0.63942929,0.496818624,0.505185716,0.876605174
2833,0.639470756,0.496926521,0.505083147,0.876621609
2834,0.639465969,0.496961383,0.504916968,0.875527316
2835,0.639479031,0.496991155,0.505579837,0.874410325
2836,0.639490534,0.497014752,0.505658644,0.874261116
2837,0.639502195,0.497037791,0.505916135,0.874148585
2838,0.639488013,0.497032451,0.506183564,0.87418538
2839,0.639482177,0.497081967,0.506503736,0.873948871
2840,0.63947948,0.497075197,0.506921254,0.873940504
2841,0.639492897,0.497161828,0.506699997,0.873935921
2842,0.639486074,0.497198343,0.50716988,0.873895801
2843,0.639528866,0.497275991,0.507365913,0.874066033
2844,0.639581871,0.497344865,0.507415506,0.874273629
2845,0.639599115,0.497359981,0.50769213,0.874352743
2846,0.639649862,0.497411079,0.507949641,0.874580221
2847,0.639691667,0.497446054,0.507748774,0.874584134
2848,0.63970873,0.497507785,0.507921352,0.874713673
2849,0.639697757,0.497539107,0.507699778,0.875717354
2850,0.639735096,0.497588565,0.507523529,0.87585923
2851,0.639755151,0.497557167,0.507824541,0.875853928
2852,0.639754699,0.497582154,0.507600653,0.875873352
2853,0.639780965,0.497570641,0.507859762,0.875876989
2854,0.639774258,0.497590161,0.508544667,0.875819725
2855,0.639806166,0.497549575,0.509087652,0.875846828
2856,0.639802423,0.497595507,0.509313795,0.875779414
2857,0.639861714,0.497651877,0.509916927,0.875852838
2858,0.639845829,0.497678609,0.509668037,0.876700288
2859,0.6398881,0.49768465,0.509635224,0.876673331
2860,0.639913817,0.497716233,0.509698336,0.876759719
2861,0.639944359,0.49772334,0.509361863,0.87675943
2862,0.639922472,0.497716435,0.509153714,0.876510677
2863,0.639944418,0.497755861,0.509667561,0.875751844
2864,0.639942361,0.497774575,0.510031191,0.875594325
2865,0.639960339,0.497757936,0.509257968,0.875609536
2866,0.639960108,0.497797724,0.509191203,0.875611452
2867,0.639991261,0.49782214,0.509642863,0.875619309
2868,0.639993157,0.497843335,0.5099224,0.875547963
2869,0.639997866,0.497816,0.510215279,0.875524364
2870,0.639993018,0.497885854,0.510286297,0.875385693
2871,0.640004392,0.497958714,0.510975298,0.875259509
2872,0.640001551,0.49796438,0.51107583,0.875232731
2873,0.640015474,0.497940668,0.511130434,0.875262359
2874,0.640017082,0.497950611,0.511536575,0.87550295
2875,0.640058596,0.497950032,0.51172949,0.875642116
2876,0.640062407,0.497962136,0.5122003,0.875657116
2877,0.640086306,0.498015041,0.512601174,0.875650514
2878,0.640085088,0.498054508,0.512634364,0.875476244
2879,0.640110039,0.498048195,0.512112988,0.875451168
2880,0.64009872,0.498127331,0.51164763,0.875357934
2881,0.640142961,0.49810665,0.511629337,0.874461743
2882,0.640132587,0.498118559,0.512015997,0.874416471
2883,0.640183325,0.498079517,0.512947077,0.873647447
2884,0.640197506,0.498121368,0.513047051,0.87351323
2885,0.640225985,0.498125846,0.512677573,0.872683564
2886,0.640266415,0.498150046,0.513007496,0.873498071
2887,0.640337925,0.498150424,0.513314759,0.873829862
2888,0.640321295,0.498136875,0.512978857,0.874779135
2889,0.640341579,0.498161421,0.512847887,0.874795614
2890,0.640363573,0.498157048,0.512974532,0.87493163
2891,0.640430773,0.498188071,0.51296251,0.875036793
2892,0.640422515,0.498202198,0.513559221,0.874968306
2893,0.640432051,0.498185083,0.513838674,0.875015349
2894,0.640454389,0.498192654,0.514048521,0.875299697
2895,0.64045954,0.498185563,0.514580359,0.875186593
2896,0.640469369,0.498244162,0.514175868,0.875397966
2897,0.640498806,0.498211886,0.5140624,0.875284489
2898,0.640502191,0.498297826,0.513023965,0.875420712
2899,0.640565879,0.498330993,0.513589502,0.875227265
2900,0.640576403,0.498354405,0.514173913,0.874290878
2901,0.640605726,0.49831231,0.514780928,0.874319464
2902,0.640619639,0.498355905,0.514593657,0.872411067
2903,0.640673031,0.498368184,0.515128091,0.872025864
2904,0.640665841,0.498396704,0.515273303,0.871052264
2905,0.640688036,0.498388302,0.515396218,0.870999769
2906,0.640695843,0.498379841,0.514785285,0.870997047
2907,0.640734761,0.498410732,0.51460968,0.871192554
2908,0.640740556,0.498394954,0.51431668,0.871206607
2909,0.640832541,0.498449395,0.514607056,0.871216396
2910,0.640859451,0.498401166,0.515381551,0.871301181
2911,0.640882752,0.498354789,0.515509784,0.871479777
2912,0.640881108,0.498310402,0.515624301,0.871377188
2913,0.640910832,0.498261606,0.516098822,0.871475964
2914,0.640921458,0.498294745,0.516002755,0.871626655
2915,0.640982376,0.498305856,0.516477336,0.871806066
2916,0.640991294,0.49834065,0.516514499,0.871733004
2917,0.641008327,0.49832309,0.516189157,0.871803523
2918,0.640998699,0.498366229,0.516120408,0.871723728
2919,0.641034891,0.498361589,0.516747514,0.872067229
2920,0.641034527,0.498380338,0.516933336,0.873010527
2921,0.641061529,0.498346654,0.517041765,0.873108035
2922,0.641110618,0.498352606,0.517430313,0.873060234
2923,0.641133389,0.498334435,0.517621734,0.872950844
2924,0.641123851,0.498343676,0.51743357,0.872902647
2925,0.641172389,0.498341627,0.517991039,0.872984619
2926,0.641154369,0.498331763,0.517683656,0.872761885
2927,0.641164386,0.498361608,0.518136157,0.872854283
2928,0.641182959,0.498326587,0.517979641,0.872894649
2929,0.641176766,0.498313454,0.518055344,0.872887717
2930,0.641202929,0.498268537,0.518734965,0.873135159
2931,0.641186088,0.498291943,0.517983717,0.87396979
2932,0.641193482,0.498322524,0.518647837,0.874065585
2933,0.641203373,0.498363773,0.519261104,0.874050063
2934,0.641206661,0.498281934,0.518925818,0.874135848
2935,0.641215532,0.498215206,0.518812783,0.87413331
2936,0.641225173,0.498236056,0.51821528,0.874193158
2937,0.641292958,0.498233179,0.518693696,0.874443092
2938,0.641315651,0.498280217,0.518269026,0.874504
2939,0.641323982,0.498299462,0.518908882,0.874369402
2940,0.641308894,0.49825764,0.519683994,0.873510614
2941,0.641306762,0.498298788,0.519073065,0.874388631
2942,0.641319207,0.498323949,0.519233081,0.874451682
2943,0.641337979,0.498326126,0.518863417,0.874443543
2944,0.641343643,0.498406659,0.51886825,0.873495321
2945,0.641403432,0.498450772,0.519083507,0.8732253
2946,0.641417868,0.498527106,0.518349273,0.873255556
2947,0.641471985,0.498538322,0.518048321,0.87319571
2948,0.64148597,0.498604589,0.518124484,0.87324245
2949,0.641517366,0.498593634,0.518099587,0.873246092
2950,0.641515834,0.498628322,0.518398291,0.873264523
2951,0.641535066,0.498609767,0.518184148,0.873220753
2952,0.641550142,0.498677209,0.518359226,0.873236027
2953,0.641573419,0.498700519,0.517934405,0.873234858
2954,0.641588819,0.498781519,0.518192137,0.873271224
2955,0.641624358,0.498744399,0.517935419,0.87325354
2956,0.641682743,0.498870434,0.518044502,0.873559217
2957,0.641735087,0.498793764,0.517818714,0.873688294
2958,0.641710229,0.498919319,0.518404012,0.873754698
2959,0.641810585,0.498882819,0.518991597,0.873803358
2960,0.641841613,0.499018663,0.519778107,0.873845604
2961,0.641872895,0.498961044,0.519604254,0.873824729
2962,0.641894273,0.499109601,0.52005802,0.873849715
2963,0.641930956,0.499028978,0.51931226,0.873865148
2964,0.64194698,0.499170244,0.519246086,0.873943303
2965,0.642003563,0.499122347,0.518587984,0.874150306
2966,0.641982997,0.499284507,0.518578638,0.874187127
2967,0.64203267,0.499159525,0.519097247,0.874242722
2968,0.642029178,0.499319035,0.518853735,0.874382278
2969,0.642076948,0.499238073,0.518988719,0.874314885
2970,0.642044075,0.499367401,0.519159827,0.874130427
2971,0.642094198,0.499291081,0.51893705,0.874129273
2972,0.64209213,0.499416646,0.518816264,0.874179979
2973,0.642128459,0.499357889,0.51872918,0.874178539
2974,0.642096693,0.499480452,0.518578162,0.874056774
2975,0.642161719,0.499465878,0.518969359,0.874039229
2976,0.642156331,0.499651417,0.518567961,0.874260616
2977,0.642217014,0.499580895,0.518970249,0.875352259
2978,0.642198271,0.499724191,0.518844499,0.875435251
2979,0.642239041,0.499701314,0.519652949,0.875461994
2980,0.64218843,0.499882314,0.519624539,0.875262306
2981,0.642202092,0.499825036,0.519549417,0.875263935
2982,0.642171253,0.499920229,0.518885436,0.87532091
2983,0.642186462,0.4998664,0.519436086,0.875302761
2984,0.642172631,0.500012319,0.518705745,0.875285117
2985,0.64221536,0.499942765,0.519189583,0.875294011
2986,0.642197284,0.500088845,0.518400206,0.875247932
2987,0.642219994,0.500053373,0.518779677,0.87524647
2988,0.642242644,0.500175274,0.517995024,0.875503234
2989,0.642287138,0.500140088,0.518207913,0.875521154
2990,0.642320661,0.500225348,0.518084719,0.87565072
2991,0.642356747,0.500201638,0.518073747,0.875867036
2992,0.642344592,0.500297734,0.517461279,0.875919634
2993,0.642375663,0.500225812,0.517910743,0.875906788
2994,0.642402059,0.500353581,0.518094194,0.875941534
2995,0.642468294,0.500304849,0.518498527,0.875950593
2996,0.642472694,0.500447557,0.517507656,0.875960509
2997,0.642503904,0.500381462,0.517763558,0.875963119
2998,0.642495718,0.500458875,0.517347877,0.876013198
2999,0.642561725,0.500399463,0.517797748,0.876054204
3000,0.642537085,0.500502467,0.516892633,0.876058391
3001,0.642540017,0.500423445,0.516964915,0.876064663
3002,0.642537783,0.500445675,0.517687534,0.876105464
3003,0.64256595,0.50047747,0.517428029,0.876098991
3004,0.642595757,0.500519324,0.517906651,0.876218466
3005,0.642600145,0.500462833,0.518353102,0.876156438
3006,0.642577128,0.500598918,0.518492298,0.876145811
3007,0.642617592,0.500599661,0.519198688,0.876312854
3008,0.642621437,0.500646387,0.51937835,0.87632076
3009,0.64266435,0.500621818,0.519269881,0.876380775
3010,0.64265798,0.500658682,0.518975487,0.876325924
3011,0.642682062,0.500664912,0.518397105,0.876336366
3012,0.642694563,0.500754808,0.518997813,0.877367189
3013,0.642743569,0.500758159,0.518682431,0.877344972
3014,0.642752238,0.500742094,0.518290107,0.877408109
3015,0.642769814,0.500741792,0.518630073,0.878308996
3016,0.642774113,0.500723722,0.518711623,0.878437066
3017,0.642840302,0.500754989,0.518970346,0.878484193
3018,0.642869699,0.500826322,0.518712301,0.878478271
3019,0.642884566,0.500817206,0.518128151,0.879337276
3020,0.642872818,0.500910245,0.518303182,0.879645184
3021,0.642940705,0.500884207,0.518497345,0.879618366
3022,0.642951093,0.501013984,0.518916297,0.879712488
3023,0.643032216,0.50095313,0.519034064,0.879706171
3024,0.643044607,0.5010169,0.518971947,0.879713738
3025,0.643089471,0.500947048,0.518740619,0.879621259
3026,0.643107612,0.501105109,0.517939497,0.878640181
3027,0.643153862,0.501035441,0.517621554,0.878523979
3028,0.643177004,0.501271405,0.51806825,0.878617303
3029,0.643263389,0.501210096,0.518104008,0.878718022
3030,0.643265412,0.501367427,0.518125587,0.878727337
3031,0.643336899,0.501285475,0.518195388,0.878733777
3032,0.643351151,0.50144665,0.518346392,0.87874789
3033,0.643420575,0.501366209,0.518188251,0.878922503
3034,0.643423528,0.501558507,0.518415598,0.878921393
3035,0.643473752,0.501459083,0.517780808,0.87916462
3036,0.643402998,0.501682261,0.517628263,0.87976078
3037,0.643478594,0.50161763,0.518427039,0.877879434
3038,0.643499627,0.501934687,0.518293085,0.877675161
3039,0.643526622,0.501840475,0.51847576,0.876736297
3040,0.643549175,0.502062585,0.518194204,0.876685488
3041,0.643616519,0.501955845,0.518509531,0.876727736
3042,0.643605476,0.502182888,0.518370681,0.876703927
3043,0.64365019,0.502113447,0.517934568,0.875769355
3044,0.643653393,0.502320758,0.517799846,0.875534668
3045,0.643741996,0.502289956,0.517293274,0.874723294
3046,0.643745901,0.502563457,0.517339836,0.874548564
3047,0.643816811,0.502509479,0.51738319,0.873674839
3048,0.643836089,0.502619648,0.517691882,0.873529868
3049,0.643870865,0.502550269,0.517375238,0.872590809
3050,0.643851692,0.502816622,0.517883188,0.872155886
3051,0.643907652,0.502703951,0.517886607,0.871196274
3052,0.643894608,0.502866516,0.51781377,0.870949927
3053,0.643905181,0.502797738,0.517898531,0.8699728
3054,0.643911335,0.502925068,0.517232448,0.870026967
3055,0.643968908,0.50287407,0.51739805,0.869970517
3056,0.643966274,0.502965369,0.516869476,0.870004863
3057,0.643991709,0.502882005,0.516682811,0.86894984
3058,0.64400235,0.503015889,0.516881452,0.868855833
3059,0.644041007,0.503002942,0.516609783,0.868827353
3060,0.644075719,0.50319807,0.516687511,0.868811016
3061,0.644129687,0.503163841,0.516306022,0.868860047
3062,0.644159773,0.503306003,0.516958921,0.868906472
3063,0.6441877,0.503278159,0.516946309,0.868721462
3064,0.644218246,0.503459635,0.517604393,0.868770163
3065,0.644274543,0.503419792,0.517329915,0.868701432
3066,0.644293673,0.503576081,0.517098354,0.867769781
3067,0.64434057,0.503542683,0.517016319,0.867728141
3068,0.644353596,0.503678146,0.517060683,0.866836005
3069,0.644363929,0.503656558,0.517025545,0.867719161
3070,0.644360469,0.503722385,0.516283431,0.867959113
3071,0.644382291,0.503712455,0.515977281,0.8678931
3072,0.6443951,0.503862921,0.516209356,0.867874812
3073,0.64441212,0.503820266,0.515972648,0.867843507
3074,0.644427659,0.503893789,0.516571046,0.867754957
3075,0.644450932,0.503840133,0.51647445,0.86771309
3076,0.644478769,0.503973066,0.515946816,0.86781236
3077,0.644470182,0.503943431,0.516547986,0.867783087
3078,0.644441221,0.50404327,0.516807773,0.867738415
3079,0.6444852,0.504051002,0.516906557,0.867864934
3080,0.644474789,0.504166565,0.516475378,0.86882538
3081,0.644467742,0.50413676,0.516461824,0.869771355
3082,0.644504115,0.504240815,0.516105169,0.870024474
3083,0.644557546,0.504209854,0.516237001,0.870296603
3084,0.644588078,0.504245638,0.516536666,0.870305176
3085,0.644585319,0.504236617,0.516615021,0.870230281
3086,0.644584399,0.504238544,0.516530598,0.87022585
3087,0.644551363,0.504224779,0.516422716,0.870103492
3088,0.644555481,0.504352822,0.516133954,0.870107018
3089,0.644594526,0.50433146,0.516449102,0.870053817
3090,0.644630114,0.504428279,0.516515408,0.870287922
3091,0.644672352,0.504398797,0.516658925,0.870269863
3092,0.644659308,0.504452837,0.516276162,0.870333088
3093,0.644664818,0.504471078,0.515958308,0.86945227
3094,0.644713284,0.504498114,0.516432622,0.869420747
3095,0.644741639,0.50447806,0.516491091,0.869560699
3096,0.644725029,0.504554452,0.516341635,0.869395847
3097,0.644717858,0.504552766,0.516765105,0.868624276
3098,0.644734685,0.504525304,0.516760056,0.86863349
3099,0.644720285,0.504560058,0.516488251,0.868766188
3100,0.644734748,0.504606555,0.516859486,0.869709211
3101,0.644720335,0.504608149,0.516675775,0.869707128
3102,0.644718563,0.504600706,0.51652258,0.869686511
3103,0.64473014,0.504590755,0.516878074,0.869963471
3104,0.644767229,0.504616449,0.51706116,0.869960956
3105,0.644775348,0.504642392,0.517132872,0.870043062
3106,0.644785323,0.50466427,0.517055994,0.870063027
3107,0.644794264,0.504660348,0.517111213,0.870127325
3108,0.644775761,0.504734209,0.51662961,0.871032616
3109,0.644761773,0.504742974,0.516374394,0.871075496
3110,0.64476996,0.504744904,0.516750787,0.871019752
3111,0.644765829,0.504758227,0.516816692,0.871242768
3112,0.644785838,0.504804024,0.516734487,0.871257848
3113,0.644803166,0.504805248,0.516964556,0.871384321
3114,0.644793392,0.504793675,0.516678521,0.87137931
3115,0.644775063,0.504820861,0.517288988,0.871508891
3116,0.64477882,0.504815729,0.517155826,0.871551033
3117,0.644763895,0.504866634,0.51780232,0.871268092
3118,0.644770959,0.504797543,0.517304537,0.87048831
3119,0.644748212,0.504783378,0.517237951,0.870494626
3120,0.644771671,0.504757074,0.517497945,0.869551354
3121,0.644767168,0.504750234,0.517183947,0.869426117
3122,0.644797795,0.504848053,0.517826306,0.869419015
3123,0.644850861,0.504856551,0.517472458,0.869559166
3124,0.644842639,0.504885978,0.517388076,0.869547283
3125,0.644906173,0.50488393,0.517418142,0.869926307
3126,0.644919587,0.504926497,0.517796773,0.871019999
3127,0.644914262,0.504928337,0.51804931,0.870965909
3128,0.644906041,0.504920957,0.517947101,0.871965691
3129,0.644876336,0.504935905,0.517959463,0.872047898
3130,0.64483521,0.504984845,0.518365433,0.871981198
3131,0.644846342,0.504975807,0.518035863,0.871985122
3132,0.644866849,0.505039488,0.517664658,0.871846961
3133,0.644877984,0.505032086,0.517796335,0.870993467
3134,0.644891649,0.505097356,0.517856695,0.871862045
3135,0.644871136,0.505072934,0.518356447,0.871977548
3136,0.644861095,0.505108006,0.518052678,0.872740741
3137,0.644832491,0.505077659,0.517687177,0.872823288
3138,0.644858768,0.505127538,0.517584657,0.87278723
3139,0.64485849,0.505131874,0.51752542,0.87282597
3140,0.644890801,0.505188395,0.51807532,0.872998687
3141,0.644881764,0.505171047,0.518510068,0.872947968
3142,0.644900973,0.505218101,0.518693674,0.872928576
3143,0.644918581,0.505213158,0.518967196,0.873957769
3144,0.644953639,0.505282469,0.5189608,0.873994742
3145,0.644973772,0.50523648,0.519190072,0.874052492
3146,0.644995505,0.505261219,0.519426779,0.874053614
3147,0.645008442,0.505249325,0.519542071,0.873093999
3148,0.645005999,0.505214241,0.519472253,0.872972254
3149,0.645021373,0.505207878,0.519678367,0.872018754
3150,0.645046336,0.505199593,0.519766797,0.872027692
3151,0.645063921,0.505210277,0.519635609,0.872077427
3152,0.645113794,0.505239607,0.519612499,0.872130847
3153,0.645092638,0.505230726,0.519169055,0.872114763
3154,0.645091184,0.50525899,0.519610897,0.872119676
3155,0.645110744,0.505259658,0.519433648,0.872087448
3156,0.645122081,0.505235719,0.519287251,0.872118109
3157,0.645153948,0.505228082,0.519025076,0.872134324
3158,0.645184547,0.505286044,0.519494515,0.872047559
3159,0.645160857,0.505314043,0.520064019,0.87187766
3160,0.645157642,0.505340592,0.519910183,0.871958457
3161,0.645145665,0.505331991,0.519656527,0.871966998
3162,0.645136382,0.505378249,0.519899731,0.871851034
3163,0.645148421,0.505402619,0.519748046,0.871940918
3164,0.645148802,0.505377442,0.519875213,0.871836784
3165,0.645174511,0.505386586,0.52017357,0.871084217
3166,0.64519903,0.505386883,0.520654969,0.871003474
3167,0.645213224,0.505400251,0.521277188,0.870965858
3168,0.645234024,0.505408726,0.521588313,0.870959549
3169,0.645232829,0.505407407,0.521859983,0.87106887
3170,0.64523852,0.505448078,0.521575503,0.871006312
3171,0.645195313,0.505421778,0.521179575,0.87106012
3172,0.645198387,0.50542195,0.521822294,0.870778927
3173,0.645201742,0.505440782,0.522113438,0.869897827
3174,0.645214399,0.505468826,0.522280067,0.869762108
3175,0.645223868,0.505448481,0.522213469,0.868910913
3176,0.645215984,0.505498188,0.521731538,0.868631833
3177,0.645220111,0.505483491,0.522110342,0.867860008
3178,0.645234579,0.505502387,0.522016231,0.868838661
3179,0.645246028,0.505515299,0.52182501,0.86796841
3180,0.645283848,0.505567188,0.521486326,0.86799003
3181,0.645320467,0.505581103,0.521725579,0.867034983
3182,0.645325378,0.505576681,0.522215763,0.867023998
3183,0.645305882,0.505587005,0.522346978,0.867078777
3184,0.645346419,0.505538147,0.522576645,0.867143981
3185,0.645350231,0.505546592,0.522470632,0.866231806
3186,0.645381395,0.505528241,0.522254745,0.866335778
3187,0.645371702,0.505525405,0.522065874,0.865405017
3188,0.64538126,0.505474423,0.521468229,0.865421032
3189,0.645355247,0.505474935,0.522116301,0.865213092
3190,0.645376971,0.505480658,0.522151204,0.864245642
3191,0.645384489,0.505496641,0.52197504,0.86438941
3192,0.645418773,0.505429088,0.521488249,0.863604984
3193,0.645429922,0.505503157,0.520990532,0.86457687
3194,0.645422236,0.505481373,0.521046703,0.864589087
3195,0.64539934,0.505530729,0.520395548,0.865560712
3196,0.645415932,0.505507554,0.519685324,0.865579003
3197,0.645448889,0.505556074,0.519409584,0.865775504
3198,0.645456402,0.505534348,0.519508693,0.865993033
3199,0.64546961,0.505569682,0.519164549,0.866001739
3200,0.64549068,0.505554738,0.518943849,0.866068967
3201,0.645486338,0.505597595,0.518914356,0.865939411
3202,0.645495946,0.505613875,0.519368354,0.864004516
3203,0.645516097,0.505671039,0.519929665,0.863880355
3204,0.645512441,0.505658803,0.519831368,0.862794961
3205,0.645503087,0.505710569,0.520089269,0.862561543
3206,0.645543564,0.505698328,0.520229542,0.861670668
3207,0.645564485,0.505757475,0.520415599,0.862615989
3208,0.645601194,0.505779685,0.520188554,0.862698405
3209,0.645612075,0.505778924,0.520417313,0.862879453
3210,0.645621186,0.505777947,0.520569109,0.862928764
3211,0.645627201,0.505828942,0.521065519,0.86291018
3212,0.645630145,0.50579485,0.520347082,0.862906303
3213,0.645618882,0.505796522,0.520608017,0.86288339
3214,0.645625033,0.505801935,0.520313734,0.862930883
3215,0.645627962,0.505833831,0.520580527,0.862931645
3216,0.645663495,0.505859553,0.520326822,0.863104697
3217,0.645650001,0.505836374,0.520323089,0.864045232
3218,0.64563286,0.505842426,0.521077622,0.864087994
3219,0.6456453,0.505888832,0.521404784,0.865066835
3220,0.645675959,0.50595702,0.521941996,0.865002748
3221,0.645699919,0.505998096,0.522285806,0.864070428
3222,0.645708033,0.506051203,0.522383551,0.864092262
3223,0.645685598,0.506024603,0.522621691,0.864114123
3224,0.645704737,0.506099395,0.522539851,0.864118778
3225,0.645730336,0.506127914,0.523365243,0.864071956
3226,0.645774576,0.50620562,0.523297579,0.864279459
3227,0.645756693,0.506213468,0.523871233,0.864316395
3228,0.645798729,0.506254875,0.52388063,0.864364405
3229,0.645801436,0.506245982,0.524768141,0.864369779
3230,0.645801802,0.50632758,0.524466214,0.864420517
3231,0.645816477,0.506301659,0.525052755,0.86441359
3232,0.645834382,0.50637692,0.525094775,0.86448325
3233,0.645821071,0.506378625,0.525685339,0.864434196
3234,0.64585507,0.506462526,0.525731329,0.864490802
3235,0.645836663,0.506459105,0.525870371,0.864440824
3236,0.645847555,0.506525683,0.526457798,0.864505968
3237,0.64587729,0.50651865,0.526986633,0.86442547
3238,0.645891107,0.506592067,0.526376359,0.864451019
3239,0.645925141,0.5065752,0.52639966,0.864510991
3240,0.645930436,0.506627039,0.526131491,0.864492163
3241,0.645945076,0.506612237,0.526926655,0.864373485
3242,0.645959624,0.506657689,0.52665811,0.8643484
3243,0.645969396,0.506670925,0.527349051,0.864348031
3244,0.646009336,0.506722284,0.527464564,0.864505823
3245,0.645999824,0.506687027,0.527507444,0.865458794
3246,0.646000085,0.506723189,0.527000752,0.86560333
3247,0.646001972,0.506674706,0.526986491,0.86559155
3248,0.646026364,0.506734058,0.52665669,0.865558915
3249,0.64603539,0.50673356,0.526761312,0.864454181
3250,0.646037491,0.50681258,0.526434447,0.864564579
3251,0.646068478,0.506830762,0.526825686,0.864489311
3252,0.646102994,0.506920708,0.527022958,0.864524948
3253,0.646129608,0.506910253,0.527083297,0.864533126
3254,0.646126176,0.507000459,0.527249415,0.864367614
3255,0.646183155,0.507023979,0.527226629,0.864365461
3256,0.64618047,0.507075363,0.526356537,0.864425749
3257,0.646220688,0.507104468,0.526638006,0.865414337
3258,0.646249724,0.507117592,0.526421695,0.865511317
3259,0.646268916,0.507151746,0.526734991,0.866543231
3260,0.646284774,0.507138859,0.526803035,0.866491738
3261,0.646284078,0.507167995,0.526848922,0.866462873
3262,0.646310194,0.507152586,0.52736304,0.866477217
3263,0.646294486,0.507176949,0.527234426,0.866421133
3264,0.646321553,0.507172562,0.527279526,0.866444299
3265,0.646333925,0.507211615,0.527237596,0.866436786
3266,0.646350555,0.507225678,0.527013435,0.866218123
3267,0.646373543,0.507264001,0.526983489,0.865558502
3268,0.646401854,0.507245207,0.527258654,0.866260005
3269,0.646404563,0.507235802,0.526842997,0.865493382
3270,0.64645125,0.507215968,0.52703972,0.866357066
3271,0.646462471,0.507261614,0.527536522,0.866544288
3272,0.646509696,0.507250003,0.527381373,0.866538514
3273,0.646524936,0.507301863,0.527559694,0.866549346
3274,0.646582068,0.507297208,0.527625255,0.866477322
3275,0.646577553,0.507368074,0.527014225,0.86645789
3276,0.646602918,0.507319716,0.526897002,0.866498702
3277,0.646626369,0.507381957,0.527034941,0.866487417
3278,0.646644071,0.507346341,0.527378439,0.866470233
3279,0.646645583,0.50741369,0.527399407,0.866467149
3280,0.646689743,0.507376066,0.527433231,0.866632958
3281,0.646678106,0.507525077,0.527539737,0.866639761
3282,0.646733395,0.507523336,0.527681536,0.866674386
3283,0.646722694,0.507607248,0.527470858,0.866700996
3284,0.646765225,0.507584628,0.526981816,0.866660355
3285,0.646737848,0.507675014,0.526649454,0.866722994
3286,0.646769846,0.507644334,0.526547896,0.867713021
3287,0.646744506,0.507697617,0.526548961,0.86776193
3288,0.646787455,0.507697764,0.525666512,0.867830055
3289,0.646799961,0.507773709,0.525448808,0.867806901
3290,0.646866631,0.50777129,0.525569995,0.867844969
3291,0.646882745,0.507837835,0.525130493,0.867928189
3292,0.646901069,0.507806938,0.525473127,0.868858664
3293,0.646870412,0.50786459,0.524726962,0.868974343
3294,0.64688539,0.507830164,0.525355889,0.868975618
3295,0.64686734,0.507873426,0.525918857,0.868955484
3296,0.646904432,0.507876966,0.526459059,0.869049457
3297,0.646923663,0.507922007,0.525761387,0.869017898
3298,0.646949751,0.507932413,0.525844879,0.86903544
3299,0.646968137,0.507916467,0.526136995,0.869214017
3300,0.646984712,0.507916823,0.526197484,0.869232099
3301,0.646991273,0.507908173,0.525446613,0.869166421
3302,0.647010346,0.507891613,0.525718215,0.868137128
3303,0.647002447,0.507933379,0.525825256,0.867219519
3304,0.647028792,0.507915348,0.52570212,0.86723134
3305,0.647035967,0.507937725,0.52567507,0.866100988
3306,0.647100534,0.507919025,0.526069901,0.865215081
3307,0.647134913,0.507934795,0.526885501,0.864056856
3308,0.647141334,0.507883334,0.527176912,0.863160796
3309,0.647168583,0.507921134,0.526454622,0.863272697
3310,0.64720378,0.507923313,0.526671112,0.863271299
3311,0.647203166,0.507983768,0.527141295,0.863115077
3312,0.647230339,0.5079296,0.527694597,0.863109353
3313,0.647243195,0.508023235,0.527884624,0.863137148
3314,0.647281527,0.508047769,0.527883126,0.863051464
3315,0.647296976,0.508091359,0.527786879,0.862121507
3316,0.647302336,0.508110359,0.527469177,0.861962842
3317,0.647281059,0.508088993,0.526967379,0.861972424
3318,0.647287785,0.508119632,0.52643914,0.861941746
3319,0.647295425,0.508101073,0.526363093,0.861946031
3320,0.647333917,0.508124534,0.526674909,0.861961869
3321,0.647335226,0.508099799,0.526909126,0.861879071
3322,0.647360518,0.508120663,0.526811043,0.861858937
3323,0.647362215,0.508087925,0.527312185,0.861937214
3324,0.647378256,0.508092443,0.527318675,0.862884893
3325,0.647379006,0.508078143,0.527787002,0.862955542
3326,0.647419764,0.508084768,0.527625222,0.862971129
3327,0.64740558,0.508105113,0.527397432,0.863021082
3328,0.647425834,0.508120268,0.527063186,0.862993293
3329,0.647428489,0.508124299,0.526305745,0.863039334
3330,0.647450266,0.508147579,0.526531665,0.863158067
3331,0.647474689,0.508174314,0.526711559,0.863292298
3332,0.647474401,0.508133018,0.527053468,0.863286683
3333,0.647457489,0.508089933,0.526710366,0.863314984
3334,0.647482785,0.508043132,0.526902436,0.864546451
3335,0.647490637,0.508042514,0.526617163,0.865837493
3336,0.647484122,0.508014039,0.526048936,0.865997299
3337,0.647472208,0.507992315,0.526284408,0.866255045
3338,0.64750011,0.5079771,0.526793383,0.866195867
3339,0.647492124,0.507946216,0.526556604,0.866459222
3340,0.647508882,0.507945094,0.526955523,0.866468657
3341,0.64751401,0.507894183,0.52674347,0.86651075
3342,0.647512192,0.507854901,0.526698651,0.866528969
3343,0.647522111,0.507780541,0.52662524,0.866573168
3344,0.647504357,0.507735578,0.527028104,0.86642998
3345,0.647504948,0.507654373,0.526355989,0.866464798
3346,0.647505024,0.507633797,0.526726574,0.866412047
3347,0.647508822,0.507596696,0.526874768,0.866432183
3348,0.647510629,0.507605098,0.527274494,0.866336451
3349,0.647535163,0.507523835,0.527218943,0.865397244
3350,0.647545212,0.507540097,0.527766186,0.865398191
3351,0.647562069,0.507504096,0.527900092,0.865378909
3352,0.647575482,0.50754503,0.527988226,0.865385653
3353,0.647573025,0.507499417,0.527795634,0.865284124
3354,0.647565528,0.507548132,0.526864333,0.864391822
3355,0.647577889,0.507561785,0.527099038,0.864312014
3356,0.647605,0.50761068,0.527124103,0.863432552
3357,0.647609223,0.507604925,0.526673277,0.863208236
3358,0.647623034,0.50766415,0.526772429,0.862343887
3359,0.64763578,0.507619708,0.526820136,0.862348535
3360,0.64762702,0.507594668,0.526855284,0.862522392
3361,0.64762954,0.50757127,0.527226308,0.863469708
3362,0.647639747,0.507637184,0.52719506,0.86365007
3363,0.647669872,0.507570277,0.527640062,0.86456594
3364,0.647665142,0.507619672,0.52702923,0.864720719
3365,0.647678238,0.507610068,0.528122982,0.864732657
3366,0.64771071,0.507654311,0.52817358,0.864749202
3367,0.647692975,0.507616414,0.528210555,0.864464162
3368,0.647702075,0.507622242,0.52779343,0.863548168
3369,0.647721883,0.507596813,0.528285821,0.863489844
3370,0.64775178,0.507636228,0.528009581,0.862681981
3371,0.647795843,0.507544116,0.52769061,0.861783397
3372,0.647804396,0.507618213,0.52766916,0.860613992
3373,0.647810989,0.507586318,0.527597786,0.860569959
3374,0.647835979,0.507641752,0.527461102,0.859620498
3375,0.647848069,0.507640666,0.527696211,0.859559711
3376,0.647861157,0.507711225,0.527807976,0.859625307
3377,0.647870761,0.507649376,0.527736935,0.859454266
3378,0.647900403,0.507666752,0.5274602,0.859646796
3379,0.647892178,0.507649549,0.527762757,0.859585843
3380,0.647906387,0.507622686,0.527834959,0.859726515
3381,0.647922433,0.507608058,0.528171899,0.860687425
3382,0.647944025,0.507603463,0.528017756,0.860717805
3383,0.647934182,0.507612027,0.527856701,0.861657865
3384,0.647933838,0.507593307,0.527788446,0.861930708
3385,0.647928679,0.507564085,0.528004938,0.862866608
3386,0.647937998,0.507608999,0.527953884,0.863021397
3387,0.647952966,0.507639338,0.527552879,0.863016486
3388,0.647973369,0.507693587,0.527804365,0.863022219
3389,0.647976053,0.507678609,0.527703902,0.86302771
3390,0.64796669,0.507702137,0.527303115,0.862968839
3391,0.647936303,0.507672101,0.527392389,0.862812588
3392,0.647972931,0.507679905,0.527167869,0.861953914
3393,0.64798325,0.507687051,0.526630181,0.861685329
3394,0.647993995,0.50767084,0.526129466,0.85978758
3395,0.648006757,0.507646626,0.52605472,0.859730543
3396,0.648003984,0.507587359,0.526282831,0.858796762
3397,0.648026979,0.507627418,0.5259736,0.858784592
3398,0.648062927,0.507559929,0.526850008,0.856835042
3399,0.648038471,0.507582453,0.526719566,0.856688968
3400,0.648040628,0.507588372,0.526773034,0.857654883
3401,0.64802298,0.50765535,0.526663465,0.85762965
3402,0.648033384,0.507581539,0.526657554,0.858603109
3403,0.648002169,0.507646816,0.52635588,0.858920015
3404,0.648019264,0.507584516,0.526336489,0.859885254
3405,0.64802189,0.50763023,0.526043443,0.859957369
3406,0.64804634,0.507617737,0.526294944,0.859979203
3407,0.648016753,0.507632305,0.526299464,0.859781038
3408,0.648043041,0.50756396,0.526690511,0.859784245
3409,0.647995449,0.507571524,0.527028344,0.85964401
3410,0.64797198,0.507505946,0.526148851,0.859633711
3411,0.647949215,0.507547684,0.526434693,0.859618434
3412,0.64796422,0.507508489,0.526643597,0.859653206
3413,0.647922573,0.507558746,0.526373625,0.859602624
3414,0.647948341,0.507492474,0.526719472,0.859632232
3415,0.647941595,0.507519031,0.5260895,0.859558207
3416,0.647980136,0.50752749,0.526601986,0.859562883
3417,0.647967481,0.507554929,0.526889565,0.859293305
3418,0.648015347,0.507530499,0.527372733,0.858412418
3419,0.648004056,0.507532913,0.526369545,0.858239779
3420,0.648037048,0.507520021,0.526729917,0.857109958
3421,0.648045022,0.507544875,0.526421608,0.857061917
3422,0.648059117,0.507543556,0.526303477,0.857121982
3423,0.648053357,0.507548456,0.52532419,0.857279994
3424,0.648096278,0.507538443,0.525812994,0.85726361
3425,0.648092499,0.507546546,0.525010664,0.857269073
3426,0.648116285,0.507538577,0.525122432,0.857319732
3427,0.648140332,0.507538372,0.524987264,0.856337037
3428,0.648155279,0.507505209,0.525231513,0.856321548
3429,0.648155151,0.507525757,0.525160392,0.855355304
3430,0.648164148,0.507503765,0.525098107,0.85535292
3431,0.648158698,0.507505897,0.525283706,0.85452395
3432,0.648185234,0.507483982,0.524595549,0.854451251
3433,0.648197995,0.507467095,0.524308802,0.853515443
3434,0.648226941,0.507504824,0.524781343,0.853462332
3435,0.648244344,0.507539974,0.524892952,0.852541949
3436,0.648260497,0.507562274,0.524844132,0.85236428
3437,0.648268563,0.507567415,0.524385141,0.852496133
3438,0.648279906,0.507606974,0.524393151,0.852411559
3439,0.64829218,0.507634129,0.524392983,0.851585634
3440,0.648324949,0.507694023,0.524416239,0.852461532
3441,0.648317278,0.507673828,0.525321628,0.85254643
3442,0.648301887,0.50764485,0.525336693,0.852495562
3443,0.648293879,0.507604647,0.525513851,0.852419408
3444,0.648304254,0.507604309,0.525120798,0.853392631
3445,0.648304473,0.507547852,0.525604392,0.853840955
3446,0.648295562,0.507497997,0.52598201,0.853820446
3447,0.648270351,0.507466077,0.526676239,0.853710723
3448,0.648281107,0.507477586,0.526564509,0.852722965
3449,0.648282964,0.507461099,0.527088498,0.852789397
3450,0.648278972,0.507485233,0.526468702,0.851825307
3451,0.648280213,0.507476481,0.527146911,0.851719579
3452,0.648305258,0.507501275,0.52706446,0.850776506
3453,0.648311556,0.507469466,0.526945428,0.8507607
3454,0.6483123,0.507450269,0.526773154,0.850759048
3455,0.648298808,0.507426398,0.526987733,0.850747894
3456,0.648286586,0.507413894,0.526633632,0.850749236
3457,0.648281599,0.507430301,0.526534298,0.850612692
3458,0.64828856,0.507406973,0.525939761,0.850556077
3459,0.648260629,0.507379045,0.525760725,0.850558134
3460,0.648274803,0.507374498,0.525422166,0.850551125
3461,0.648252572,0.507402512,0.524816077,0.850569142
3462,0.648243009,0.507330397,0.524610829,0.850575231
3463,0.648217629,0.507358043,0.52462607,0.850495963
3464,0.648223331,0.507254554,0.525050537,0.850523101
3465,0.648222871,0.507288246,0.524838266,0.850505098
3466,0.648258631,0.507169529,0.525863798,0.850527401
3467,0.648219347,0.507271069,0.52572126,0.850420292
3468,0.648236828,0.507162105,0.52620313,0.850418367
3469,0.648203279,0.507220644,0.526276114,0.850434111
3470,0.648244637,0.507110212,0.526427587,0.850639963
3471,0.648220513,0.507203039,0.526619967,0.850556658
3472,0.648251137,0.507125271,0.527005788,0.850554747
3473,0.648224372,0.507159874,0.527240386,0.850461772
3474,0.648282623,0.507070172,0.527772022,0.849736861
3475,0.64826127,0.507148326,0.527203504,0.849628339
3476,0.648290628,0.507085299,0.527220879,0.848724012
3477,0.648257556,0.507163493,0.526904634,0.848556733
3478,0.64829488,0.507089851,0.526465858,0.84865722
3479,0.648262425,0.507147485,0.526016547,0.849540008
3480,0.64833074,0.507099899,0.526272836,0.848873728
3481,0.648312865,0.507211346,0.526643659,0.848711136
3482,0.648374256,0.507152865,0.527225158,0.847786576
3483,0.648346426,0.507209712,0.526668259,0.847672729
3484,0.648405466,0.507167897,0.52739907,0.846748962
3485,0.648395599,0.507246286,0.526834853,0.846570752
3486,0.648407733,0.507243867,0.526973915,0.846678872
3487,0.648396757,0.507242074,0.526729736,0.846678021
3488,0.64843485,0.507225844,0.527027854,0.846685163
3489,0.648405828,0.507256389,0.527053905,0.846667001
3490,0.648435817,0.507232557,0.527119717,0.846677029
3491,0.648437107,0.507289046,0.527234688,0.846702211
3492,0.64847438,0.507254431,0.527521278,0.846680824
3493,0.6484549,0.507322724,0.526946924,0.846564416
3494,0.648488802,0.507314423,0.527302,0.846561847
3495,0.648484366,0.507346876,0.527207753,0.846573016
3496,0.648522034,0.507320249,0.527534158,0.846572485
3497,0.648517403,0.507383013,0.528072546,0.846432273
3498,0.648554094,0.507409718,0.528407587,0.84643958
3499,0.64853442,0.507454054,0.528405554,0.846433573
3500,0.648555854,0.507510054,0.528836118,0.846437964
3501,0.648566461,0.507535518,0.529167336,0.84647894
3502,0.648587593,0.507616125,0.528725799,0.846450906
3503,0.648584055,0.50763763,0.529058387,0.846333784
3504,0.64861329,0.507698465,0.528968024,0.846339997
3505,0.64863662,0.507733089,0.528740011,0.846480311
3506,0.64868484,0.507661964,0.529096383,0.846505789
3507,0.648670576,0.507687355,0.529220471,0.84655044
3508,0.648701045,0.507662737,0.529633712,0.846551624
3509,0.648686212,0.507697771,0.529585732,0.846376778
3510,0.648705929,0.507694589,0.529668801,0.845461317
3511,0.648714235,0.507697656,0.529699588,0.845301126
3512,0.648706295,0.50765242,0.528988982,0.845287368
3513,0.648699574,0.507647033,0.530010556,0.845359491
3514,0.64871856,0.507609693,0.530219392,0.84535261
3515,0.648710393,0.507655098,0.530321382,0.845428371
3516,0.648736443,0.50760732,0.530088078,0.845469693
3517,0.648700375,0.507658063,0.530520688,0.84545524
3518,0.648714022,0.507639582,0.531199395,0.845658591
3519,0.648676208,0.507695842,0.530861364,0.84572904
3520,0.648707078,0.507654793,0.531347076,0.845752947
3521,0.648685775,0.507691963,0.531149815,0.845754894
3522,0.64869667,0.507637037,0.530761946,0.845754225
3523,0.648672565,0.507669182,0.53120573,0.845660888
3524,0.648672311,0.507617374,0.5311612,0.844738408
3525,0.648665729,0.507701668,0.53124838,0.844814038
3526,0.648676614,0.507580175,0.532211737,0.84488007
3527,0.648641792,0.507632884,0.53233396,0.84478531
3528,0.648664559,0.507484663,0.532052165,0.84406041
3529,0.648625245,0.507540299,0.532056505,0.844889272
3530,0.64861382,0.507436884,0.532037402,0.844902207
3531,0.648578558,0.507481247,0.53178972,0.843957716
3532,0.648593635,0.507380784,0.532097993,0.843877772
3533,0.648524844,0.507419478,0.531925487,0.843799482
3534,0.648538968,0.507327734,0.531530468,0.842842211
3535,0.648521412,0.507385763,0.532096129,0.842795295
3536,0.648587068,0.50728057,0.531844405,0.842173116
3537,0.648556767,0.507338089,0.53152259,0.843951786
3538,0.648558261,0.507155523,0.531099328,0.843223813
3539,0.648552026,0.507204121,0.530544452,0.844092658
3540,0.648571411,0.507024352,0.53050872,0.844374151
3541,0.64851172,0.507093721,0.530212088,0.844218011
3542,0.648534008,0.506935583,0.530312867,0.844317289
3543,0.648503663,0.507000984,0.530249447,0.845228529
3544,0.648522348,0.506929774,0.530791422,0.845513812
3545,0.648501714,0.506962662,0.531341426,0.846335988
3546,0.648480024,0.506734427,0.531863739,0.846478742
3547,0.648451116,0.506803842,0.531756367,0.847387282
3548,0.648470264,0.50681687,0.53237043,0.847566499
3549,0.648470067,0.506865481,0.532283576,0.848500856
3550,0.648499188,0.506786415,0.532248283,0.848947202
3551,0.648463681,0.506840584,0.532322041,0.849760516
3552,0.648485739,0.506887575,0.532522409,0.850047956
3553,0.648529964,0.506962214,0.532883817,0.85102842
3554,0.648551334,0.506904355,0.53249748,0.851094424
3555,0.648535526,0.506974356,0.532868772,0.851120401
3556,0.648571069,0.506946261,0.53276024,0.851264983
3557,0.648556815,0.506985214,0.532876547,0.852315586
3558,0.648563429,0.506943669,0.533002027,0.852408313
3559,0.648553523,0.506981675,0.533129719,0.852416373
3560,0.648563197,0.506845231,0.53358201,0.852481827
3561,0.648548626,0.506897727,0.533602576,0.852484322
3562,0.648557602,0.506785689,0.532618696,0.852489005
3563,0.648547336,0.506817663,0.532601502,0.852570464
3564,0.648544543,0.506620771,0.532025629,0.852540114
3565,0.648512325,0.50668094,0.532223208,0.852551988
3566,0.648519393,0.506543407,0.532480337,0.853474618
3567,0.648470611,0.50657344,0.532894979,0.853491446
3568,0.648493571,0.506453286,0.532096082,0.854503016
3569,0.648474353,0.506509501,0.531981885,0.854540424
3570,0.648518655,0.506440244,0.53237196,0.854615453
3571,0.648494219,0.506470121,0.532129834,0.85467936
3572,0.648509304,0.506314648,0.532049566,0.854652767
3573,0.648493013,0.506411266,0.531819448,0.854714889
3574,0.648518207,0.506331191,0.531993349,0.854799176
3575,0.648499991,0.506405384,0.531972057,0.854871113
3576,0.648509324,0.506278981,0.53241699,0.854688735
3577,0.648493388,0.506327711,0.531681112,0.853745463
3578,0.648547489,0.506239348,0.531545911,0.853829113
3579,0.648509091,0.506279866,0.531429205,0.852823961
3580,0.648521714,0.506175049,0.531498981,0.852705988
3581,0.648490035,0.506241081,0.531453618,0.852699764
3582,0.648505626,0.506100044,0.531670876,0.85271282
3583,0.648474478,0.506150196,0.532013916,0.852710272
3584,0.64849747,0.506083628,0.532373355,0.852768339
3585,0.648485204,0.506128803,0.532560326,0.8528285
3586,0.648517176,0.5060783,0.533219905,0.85287159
3587,0.648519058,0.506159744,0.533808056,0.852977477
3588,0.64854776,0.50602862,0.534336658,0.853018668
3589,0.64848663,0.506095626,0.533928241,0.852817475
3590,0.648493911,0.505974234,0.534300786,0.851874935
3591,0.648456108,0.506059177,0.534414747,0.851876601
3592,0.648511006,0.505980476,0.534453068,0.852039059
3593,0.648493118,0.506049783,0.534566247,0.852982507
3594,0.648468869,0.505983483,0.534217992,0.85303589
3595,0.648436513,0.506035606,0.533709835,0.853014774
3596,0.648483935,0.506021596,0.534194082,0.853180222
3597,0.648483945,0.506088382,0.534360226,0.854137561
3598,0.648500132,0.506138687,0.534443624,0.854179491
3599,0.648525836,0.506210611,0.534357971,0.854188178
3600,0.648554272,0.506206862,0.534323842,0.854160344
3601,0.648552943,0.506269956,0.534162553,0.854109108
3602,0.648594446,0.50629032,0.534225633,0.85413639
3603,0.648588488,0.506362266,0.534218221,0.854046374
3604,0.648605277,0.506319372,0.534456547,0.853110215
3605,0.648607648,0.506401373,0.534372785,0.853071298
3606,0.648636976,0.506358141,0.534666194,0.852122778
3607,0.648635963,0.506409645,0.534839243,0.852101229
3608,0.64867779,0.506373746,0.535540053,0.851081992
3609,0.648681185,0.506490408,0.535580066,0.851102385
3610,0.648728379,0.506478937,0.535630381,0.851107178
3611,0.648706531,0.506566961,0.535687494,0.851105843
3612,0.648733461,0.506510411,0.535850493,0.851106148
3613,0.648721603,0.506569241,0.535806496,0.851107901
3614,0.648735708,0.506552721,0.535780303,0.851127819
3615,0.648735081,0.50665814,0.535498683,0.851205083
3616,0.648744774,0.506642608,0.535737499,0.851164958
3617,0.648744589,0.50667044,0.535426974,0.851483841
3618,0.648778462,0.506659345,0.536066129,0.852277008
3619,0.648769771,0.506733394,0.536316384,0.851549471
3620,0.648799637,0.506690645,0.53611884,0.852323946
3621,0.648787844,0.506775089,0.536606149,0.852502072
3622,0.648795584,0.506685858,0.536196647,0.852482021
3623,0.648772758,0.506753485,0.53679562,0.852601939
3624,0.648771681,0.506674703,0.537072707,0.852417903
3625,0.648748512,0.506750975,0.537070215,0.852449255
3626,0.648752575,0.506653004,0.536694807,0.852372811
3627,0.648722486,0.506724449,0.536343385,0.852343267
3628,0.648744381,0.506697126,0.536355901,0.851343329
3629,0.648734619,0.506752258,0.535983747,0.851342447
3630,0.648794494,0.506693912,0.535641236,0.850440208
3631,0.648784769,0.506750312,0.535901009,0.850325599
3632,0.648815884,0.506711585,0.535577121,0.850514232
3633,0.648822634,0.506792819,0.535175043,0.851471249
3634,0.648840824,0.506748431,0.534357949,0.851484111
3635,0.648872702,0.506859676,0.533918974,0.851496062
3636,0.64893123,0.506792551,0.534082508,0.851635365
3637,0.648944685,0.506850047,0.534121299,0.851618015
3638,0.648957627,0.506831734,0.533730131,0.851642544
3639,0.648962554,0.506855902,0.534341128,0.851600797
3640,0.64897188,0.506808239,0.53390053,0.851687089
3641,0.648976844,0.506840653,0.533539305,0.851725145
3642,0.648978513,0.506805771,0.533703321,0.851745805
3643,0.648978044,0.506868204,0.533488952,0.85173284
3644,0.648991144,0.506827623,0.533639069,0.851771483
3645,0.648979085,0.506889779,0.533295595,0.851747884
3646,0.648973788,0.506835075,0.533117701,0.851709087
3647,0.648956977,0.506868512,0.533168475,0.852657601
3648,0.648964854,0.506890936,0.533162433,0.852746557
3649,0.648969264,0.50695889,0.53334543,0.853717625
3650,0.648997332,0.506970757,0.533409904,0.853815953
3651,0.6490033,0.507030237,0.533467359,0.853881356
3652,0.649007604,0.506989676,0.533265887,0.85383372
3653,0.649005771,0.507031056,0.533738683,0.853894625
3654,0.649058686,0.506986343,0.533761716,0.853878436
3655,0.649062901,0.507054873,0.533701015,0.853931766
3656,0.649089527,0.507001706,0.533487628,0.854018185
3657,0.649080426,0.507062924,0.533394259,0.854050185
3658,0.649106682,0.506959368,0.532666186,0.854036843
3659,0.649127946,0.506983773,0.532204827,0.854218747
3660,0.649146433,0.506901129,0.532349563,0.854192445
3661,0.649155716,0.506993814,0.532525786,0.854246567
3662,0.649216999,0.506922093,0.532576107,0.85448544
3663,0.6491906,0.506969069,0.532723196,0.854517668
3664,0.649223278,0.50687438,0.532765879,0.854663802
3665,0.649175899,0.506942125,0.532385004,0.855620765
3666,0.649182756,0.506854496,0.531612371,0.855580877
3667,0.649186489,0.506934581,0.53120412,0.855699066
3668,0.649191365,0.506833042,0.531241749,0.855691981
3669,0.649171059,0.506918647,0.530833283,0.855702802
3670,0.649195628,0.506811244,0.530780419,0.855720639
3671,0.64920735,0.506904428,0.530906967,0.855749474
3672,0.64925497,0.506850446,0.531068699,0.856009713
3673,0.649237524,0.506921324,0.530796839,0.856991748
3674,0.649271882,0.50689772,0.53104072,0.857077611
3675,0.649267894,0.506977198,0.530852175,0.858024052
3676,0.649275396,0.506891798,0.53131531,0.858257781
3677,0.649283569,0.506935763,0.530878204,0.859221315
3678,0.649276666,0.506879936,0.531192121,0.859168107
3679,0.649280153,0.506903071,0.531247359,0.860160846
3680,0.649281106,0.506844622,0.531626792,0.860082482
3681,0.649278221,0.506888039,0.53146825,0.859978128
3682,0.649309372,0.506858283,0.531310872,0.859014785
3683,0.649326853,0.506908535,0.530887033,0.857886225
3684,0.649351779,0.506878253,0.531018915,0.856886705
3685,0.649367645,0.506929526,0.531410853,0.856804398
3686,0.649375406,0.506847146,0.531290267,0.855689161
3687,0.649386461,0.506927364,0.531836332,0.856563541
3688,0.649421713,0.506855343,0.532755697,0.856695503
3689,0.649444218,0.5069311,0.532463276,0.856910785
3690,0.649447087,0.506858571,0.533480868,0.857745829
3691,0.64945066,0.506920306,0.53362692,0.856713034
3692,0.649486409,0.506862293,0.53424062,0.857643017
3693,0.649486634,0.506897507,0.534461565,0.856702094
3694,0.649525971,0.506838151,0.534268647,0.856687486
3695,0.649539702,0.506867941,0.534634045,0.855771755
3696,0.649550628,0.506793854,0.535063237,0.855698071
3697,0.649535644,0.506795969,0.535571229,0.855710505
3698,0.649551151,0.50672922,0.535477526,0.855693279
3699,0.649545751,0.506789851,0.535596785,0.855614394
3700,0.649564122,0.506705658,0.535902268,0.855597633
3701,0.649564709,0.506743866,0.535840837,0.855796044
3702,0.649569427,0.506681104,0.535667534,0.857594287
3703,0.649537402,0.506681777,0.535670481,0.85772241
3704,0.64958321,0.50661533,0.535630406,0.85879085
3705,0.649585743,0.506661166,0.535882563,0.859043728
3706,0.649592233,0.506590738,0.536211633,0.860022587
3707,0.649557684,0.506615476,0.53598198,0.860168756
3708,0.64957349,0.506548218,0.53626333,0.860187642
3709,0.649581806,0.50662579,0.536002588,0.860188507
3710,0.64961433,0.506559671,0.535671413,0.860172548
3711,0.649594569,0.506642601,0.535014956,0.860176626
3712,0.649610702,0.506553038,0.53545634,0.860179676
3713,0.649615044,0.506622202,0.535588136,0.860192268
3714,0.649613341,0.50653828,0.535929903,0.860020694
3715,0.649602009,0.506586731,0.535723885,0.859107356
3716,0.649632678,0.50652801,0.535892114,0.859016994
3717,0.649627375,0.506600794,0.53611265,0.859030175
3718,0.649695785,0.506533383,0.536042685,0.859217856
3719,0.649709182,0.50655212,0.535819103,0.858247869
3720,0.649713973,0.506459406,0.536142448,0.858273645
3721,0.649704888,0.506462506,0.536127112,0.859196689
3722,0.649702252,0.50639157,0.535692123,0.859195276
3723,0.649720593,0.50642688,0.535658166,0.859206988
3724,0.649734087,0.506353186,0.535724971,0.859189951
3725,0.649748275,0.506342499,0.535567676,0.858271521
3726,0.649732531,0.50621725,0.535899327,0.858028188
3727,0.649744114,0.506253432,0.535446024,0.858028067
3728,0.649741691,0.506170689,0.536121203,0.858012808
3729,0.649744153,0.506200488,0.535359796,0.858033146
3730,0.649751912,0.506131903,0.535336462,0.857868152
3731,0.649759071,0.506165654,0.534981034,0.856917662
3732,0.649761186,0.506110248,0.534727046,0.856824616
3733,0.64979102,0.506128701,0.534441988,0.856906596
3734,0.64981578,0.506054727,0.534372053,0.856763352
3735,0.649832772,0.506087798,0.533969932,0.856806774
3736,0.64986538,0.506025456,0.533769662,0.856671123
3737,0.649860791,0.506065455,0.533608421,0.856757187
3738,0.649888159,0.505980191,0.533657379,0.856659173
3739,0.649877744,0.506047502,0.534147684,0.855668933
3740,0.6499048,0.505960668,0.534551995,0.855568004
3741,0.649912704,0.506006726,0.534515448,0.854761115
3742,0.649892771,0.505925188,0.534532701,0.854552391
3743,0.649911741,0.505993863,0.534333333,0.853602681
3744,0.649923507,0.505883372,0.534681342,0.85353122
3745,0.649930617,0.505966176,0.534815174,0.85257168
3746,0.64996949,0.505897636,0.535028973,0.852550715
3747,0.649965211,0.505986385,0.53498889,0.851605375
3748,0.650008844,0.505920339,0.535516947,0.851638935
3749,0.649999858,0.505992222,0.53534687,0.85180071
3750,0.650012091,0.505876546,0.535250465,0.851764198
3751,0.649960558,0.505911943,0.534899146,0.851843232
3752,0.64995943,0.505816638,0.534169822,0.851913073
3753,0.649948671,0.505894596,0.534475973,0.851991379
3754,0.649990684,0.505766496,0.534065653,0.852114559
3755,0.649964196,0.505835309,0.534531527,0.852100944
3756,0.649975925,0.505761647,0.534850422,0.852040773
3757,0.649946315,0.505839643,0.535155874,0.851986751
3758,0.649963848,0.50577061,0.535353224,0.852041906
3759,0.649945504,0.505863541,0.535296052,0.852033152
3760,0.649955665,0.505801533,0.535036764,0.85202262
3761,0.64996735,0.50590586,0.535383695,0.852059093
3762,0.650008549,0.505866056,0.535425357,0.852201035
3763,0.650021513,0.50593368,0.535959845,0.852255261
3764,0.650043358,0.505862315,0.53589997,0.852228375
3765,0.65005591,0.505941307,0.536706077,0.852331942
3766,0.650101744,0.50588984,0.536993152,0.852535987
3767,0.650110476,0.505946542,0.536998312,0.853512594
3768,0.650124357,0.505881145,0.536862869,0.853733151
3769,0.650089753,0.505989546,0.537468032,0.854585091
3770,0.650124651,0.505953815,0.537562138,0.854680963
3771,0.650137873,0.506015033,0.537685253,0.85472989
3772,0.650158669,0.50597048,0.537975639,0.854763036
3773,0.650150886,0.50604299,0.537886771,0.85475449
3774,0.650160722,0.50600014,0.537697362,0.854819095
3775,0.650165422,0.506042123,0.538137165,0.854782233
3776,0.650220423,0.506008101,0.538328682,0.854799778
3777,0.650218446,0.506042073,0.538519383,0.854796304
3778,0.650261871,0.50601636,0.538474967,0.854815728
3779,0.650265261,0.506141076,0.539192607,0.854812773
3780,0.650321998,0.506125338,0.539088605,0.854824845
3781,0.65035084,0.506126654,0.539831968,0.85482381
3782,0.650360081,0.506122361,0.539785631,0.85485152
3783,0.650382004,0.506223871,0.540677605,0.854845384
3784,0.650408156,0.506206936,0.540606898,0.85487875
3785,0.650430832,0.506325498,0.540608788,0.854896622
3786,0.650484124,0.506286085,0.541125676,0.854890313
3787,0.650517338,0.506375065,0.541333052,0.855007685
3788,0.650572812,0.50632777,0.541968912,0.855025932
3789,0.65057299,0.506405826,0.542254782,0.85502304
3790,0.650615565,0.506347628,0.542633216,0.854989906
3791,0.650619947,0.506438315,0.543013976,0.855076955
3792,0.650674289,0.506383418,0.542906905,0.855073388
3793,0.65070421,0.506529013,0.543467571,0.855047331
3794,0.650783994,0.506496249,0.543203701,0.855065578
3795,0.650787143,0.50664415,0.543286559,0.855130258
3796,0.650835612,0.506565934,0.542623045,0.855132234
3797,0.650826273,0.506735749,0.543229534,0.855081832
3798,0.650900349,0.506644751,0.543691068,0.855077597
3799,0.650895416,0.506891255,0.543465808,0.854977206
3800,0.650961491,0.506814069,0.543937682,0.854980569
3801,0.650951098,0.506950252,0.54399828,0.85504404
3802,0.650981645,0.506879258,0.544191293,0.856090673
3803,0.650959024,0.507028433,0.543543481,0.857073356
3804,0.65101748,0.506960476,0.544451077,0.85625874
3805,0.6509999,0.507117907,0.544130825,0.857154476
3806,0.65101907,0.507054576,0.544832368,0.857312724
3807,0.651001935,0.507180759,0.544186897,0.858401425
3808,0.651053008,0.507170228,0.544586789,0.858481935
3809,0.651022072,0.507240498,0.544950406,0.858478099
3810,0.651049646,0.507169535,0.545488089,0.85943775
3811,0.651048218,0.5072662,0.545232489,0.859632565
3812,0.651108555,0.507245038,0.545563487,0.859667558
3813,0.651099598,0.507301321,0.545377465,0.859639013
3814,0.651115041,0.507253204,0.545276395,0.85975457
3815,0.65110232,0.507346546,0.545057659,0.860695315
3816,0.651122866,0.507309046,0.545860635,0.860824986
3817,0.651129341,0.507449273,0.545732969,0.860830841
3818,0.651156384,0.507375399,0.545504708,0.859761211
3819,0.651135318,0.507540431,0.545361622,0.859712877
3820,0.651149504,0.507445635,0.545165054,0.859606268
3821,0.651124127,0.507564748,0.544658122,0.859663894
3822,0.651172069,0.507484367,0.545102003,0.858722917
3823,0.651162651,0.507618513,0.544875689,0.858501665
3824,0.651202673,0.507554197,0.545633674,0.858527671
3825,0.651185817,0.507708918,0.545299259,0.858524226
3826,0.651221647,0.507604609,0.545514883,0.858577604
3827,0.651207728,0.507650674,0.545344962,0.858573265
3828,0.651245865,0.50757236,0.545469781,0.858645874
3829,0.651238433,0.507661433,0.545851342,0.858630422
3830,0.651260508,0.507606842,0.545920277,0.858634336
3831,0.651255447,0.507675632,0.545977082,0.858649689
3832,0.65127962,0.507615991,0.546081848,0.85770504
3833,0.651300058,0.507715555,0.546596711,0.857573433
3834,0.651341833,0.507685052,0.546478139,0.856603487
3835,0.651351021,0.507753927,0.546612508,0.856509907
3836,0.651406467,0.507725845,0.547195069,0.855584131
3837,0.651423347,0.507810432,0.547094282,0.855415856
3838,0.651463198,0.507748265,0.547317848,0.85550187
3839,0.651469637,0.507841186,0.547523201,0.855346081
3840,0.651496854,0.507775976,0.54744238,0.855387081
3841,0.651491593,0.507851792,0.547354504,0.855295736
3842,0.651533231,0.507815001,0.547420207,0.854385914
3843,0.651514071,0.507897493,0.547358665,0.854300015
3844,0.651575121,0.507880279,0.547696948,0.853528724
3845,0.651588977,0.508004899,0.54832099,0.853348439
3846,0.651606725,0.507973231,0.54761582,0.853411809
3847,0.651591733,0.508058724,0.547723198,0.853389752
3848,0.651653133,0.507995658,0.546991702,0.85356403
3849,0.651636935,0.508096106,0.546920692,0.854503959
3850,0.651677847,0.508043196,0.546206256,0.854619248
3851,0.65166608,0.508157219,0.545924457,0.854619128
3852,0.651690921,0.508088474,0.545314302,0.85462339
3853,0.651703046,0.508194155,0.545644116,0.854711828
3854,0.651756035,0.508141069,0.545937323,0.855713951
3855,0.651732865,0.508215036,0.545663092,0.855638715
3856,0.651755344,0.508135287,0.545554708,0.855631527
3857,0.651752045,0.50819074,0.545787055,0.855485297
3858,0.651785417,0.508116277,0.545996132,0.856546428
3859,0.651761948,0.508220427,0.545764509,0.856630476
3860,0.651791673,0.508177386,0.545258748,0.856718054
3861,0.651774378,0.508263051,0.544808759,0.85666485
3862,0.651784667,0.508165244,0.544919168,0.856781604
3863,0.651764164,0.508212416,0.544566676,0.856764812
3864,0.651790971,0.50813623,0.545095379,0.856781177
3865,0.651792439,0.50821486,0.544165329,0.85677605
3866,0.651805846,0.508118321,0.544544762,0.856769786
3867,0.651817767,0.508219113,0.54404517,0.857049037
3868,0.651823758,0.508177595,0.544106803,0.858072176
3869,0.651827956,0.508277479,0.54342709,0.858136355
3870,0.651855304,0.508186534,0.543970154,0.859131727
3871,0.651846571,0.508287635,0.543844454,0.860159384
3872,0.651834422,0.508216284,0.543713632,0.861359633
3873,0.651855044,0.508287617,0.544229453,0.861400821
3874,0.65185544,0.508205587,0.544335266,0.862304627
3875,0.651864388,0.508278265,0.543985991,0.862379385
3876,0.651898594,0.50823057,0.543628227,0.862339334
3877,0.651903131,0.508309052,0.543837351,0.862535695
3878,0.651907857,0.508257851,0.543819304,0.862536229
3879,0.651921173,0.508293391,0.543986036,0.862597634
3880,0.651937626,0.508257635,0.544341239,0.862452934
3881,0.651919836,0.508280064,0.54429661,0.862434727
3882,0.65192418,0.508257475,0.544428191,0.862377182
3883,0.651915548,0.508270173,0.544033155,0.861265946
3884,0.651942407,0.508207575,0.544316918,0.860238997
3885,0.651926677,0.508247534,0.544157525,0.860120384
3886,0.651915182,0.508166445,0.544428774,0.86006283
3887,0.651914844,0.508219256,0.5448147,0.860010288
3888,0.651922543,0.50814588,0.545208693,0.85998662
3889,0.65191,0.508161256,0.54578879,0.859972313
3890,0.651927837,0.50810559,0.545704713,0.860017072
3891,0.651958392,0.508163297,0.545741642,0.860189606
3892,0.651948892,0.508113127,0.546027892,0.861104839
3893,0.651937267,0.508164984,0.546333669,0.861382261
3894,0.651949374,0.50812791,0.546432761,0.863267529
3895,0.651956525,0.508212663,0.546441285,0.863441712
3896,0.651990712,0.50818779,0.546049688,0.864378456
3897,0.651997047,0.508246157,0.546815657,0.864566521
3898,0.65200019,0.508218407,0.546196797,0.866455898
3899,0.651993864,0.508264583,0.545920955,0.866780796
3900,0.652027439,0.508221038,0.546134028,0.866749627
3901,0.652027442,0.508254038,0.545966298,0.866911029
3902,0.652034592,0.50824151,0.546320926,0.867830312
3903,0.652036654,0.508284065,0.546442172,0.867898235
3904,0.652053556,0.508264694,0.546311567,0.867893246
3905,0.652027589,0.508337991,0.546464447,0.867797417
3906,0.652036408,0.508281636,0.546955099,0.867780417
3907,0.652042,0.508346179,0.547116872,0.867971435
3908,0.65206215,0.50833785,0.546939951,0.867967708
3909,0.652060528,0.508422879,0.546600627,0.868023912
3910,0.652100856,0.508402485,0.54681117,0.868060909
3911,0.65210921,0.508445844,0.546439312,0.867977828
3912,0.652136313,0.508417886,0.546434696,0.868088866
3913,0.652148633,0.508472235,0.546361442,0.868018891
3914,0.652177057,0.508425305,0.546401403,0.867077167
3915,0.652171248,0.508514161,0.546645983,0.867035148
3916,0.652199241,0.50841264,0.54645744,0.86711413
3917,0.652196801,0.508526187,0.546697017,0.867335313
3918,0.652214802,0.508450563,0.546502,0.868302231
3919,0.652218644,0.508568149,0.546923568,0.868456158
3920,0.65222811,0.508501449,0.546694867,0.869583503
3921,0.652216202,0.508617541,0.547262807,0.869635158
3922,0.652250515,0.508541213,0.547529371,0.869590274
3923,0.652251346,0.508663198,0.548220339,0.868616022
3924,0.65227998,0.508572638,0.548199692,0.868515632
3925,0.652276762,0.508694735,0.548609451,0.867543434
3926,0.652322212,0.508599656,0.548762079,0.867685428
3927,0.652306742,0.508701649,0.548941655,0.86864538
3928,0.652328435,0.508643097,0.548772095,0.868660362
3929,0.652349045,0.508759873,0.549062746,0.869622229
3930,0.652387291,0.508691688,0.548889476,0.869679511
3931,0.652384542,0.508815764,0.549086284,0.870503456
3932,0.65240646,0.508738208,0.549357609,0.870572975
3933,0.652389296,0.508849704,0.549521484,0.871484686
3934,0.652434972,0.508753918,0.549562742,0.871520774
3935,0.65240049,0.508878764,0.549366986,0.872362775
3936,0.652438555,0.508800894,0.549939865,0.872534138
3937,0.652419387,0.508909838,0.550032212,0.872466235
3938,0.652466579,0.508820705,0.550310753,0.87255614
3939,0.652481753,0.508930097,0.549976803,0.873495907
3940,0.652494322,0.508836021,0.550038058,0.873573542
3941,0.652482552,0.508872216,0.549425117,0.873553775
3942,0.652492734,0.508831196,0.549306595,0.873547195
3943,0.652505919,0.508880892,0.549203503,0.873643846
3944,0.652532283,0.508812433,0.549554378,0.873610653
3945,0.652541893,0.508876235,0.54905349,0.87360019
3946,0.652558639,0.508855233,0.548845623,0.873583347
3947,0.652573933,0.508880397,0.54854351,0.873739158
3948,0.652568377,0.508812571,0.548427436,0.874590788
3949,0.652602667,0.508892374,0.548001477,0.873672512
3950,0.652660302,0.508811876,0.548137525,0.874551139
3951,0.652645197,0.508882356,0.547396246,0.874683352
3952,0.652649814,0.508781123,0.547670192,0.875627423
3953,0.652636031,0.508871914,0.547822535,0.875585078
3954,0.652652624,0.508786498,0.54815507,0.875566395
3955,0.652667052,0.508893273,0.548206977,0.875589189
3956,0.652701844,0.508807214,0.548460389,0.875551192
3957,0.652687357,0.508888343,0.548511654,0.875690154
3958,0.652739029,0.508807647,0.548973457,0.875749168
3959,0.652744421,0.508908199,0.548866191,0.87576754
3960,0.652768492,0.508794848,0.549090895,0.875766402
3961,0.652764927,0.508871304,0.549415753,0.875791645
3962,0.652809938,0.508825762,0.549148108,0.875787495
3963,0.652806397,0.508898527,0.549248467,0.875771438
3964,0.652826817,0.508866253,0.549386792,0.875757778
3965,0.652820165,0.508921332,0.549649743,0.875773479
3966,0.652841434,0.508911022,0.549306822,0.875774086
3967,0.652861719,0.508900404,0.549251526,0.875877154
3968,0.652868859,0.508883753,0.54937762,0.875878714
3969,0.652876067,0.508895578,0.549114403,0.875904241
3970,0.652884933,0.50889591,0.549151695,0.875895208
3971,0.652900863,0.508895035,0.549064655,0.876000066
3972,0.652913145,0.508865241,0.549097776,0.87598568
3973,0.652947166,0.508894259,0.548979423,0.876111749
3974,0.652934737,0.508884611,0.548658146,0.876880384
3975,0.652927471,0.508864878,0.548753799,0.877004411
3976,0.652930107,0.508814014,0.548819278,0.877815685
3977,0.652965921,0.508832278,0.549057388,0.87803922
3978,0.652949987,0.50877638,0.549379109,0.877841486
3979,0.652961281,0.508789746,0.549362264,0.876982002
3980,0.652981002,0.508698996,0.54931907,0.877771437
3981,0.652993896,0.508679821,0.5491742,0.87699717
3982,0.652975134,0.508649874,0.549006413,0.877815765
3983,0.653004943,0.508642089,0.549253584,0.877016577
3984,0.653005055,0.508565465,0.54922767,0.877729732
3985,0.653005588,0.508578521,0.54950153,0.877901298
3986,0.653032167,0.508479498,0.550004072,0.877910651
3987,0.653027869,0.508539322,0.549623511,0.877913806
3988,0.653040015,0.508473249,0.550173056,0.877873467
3989,0.653045055,0.508476753,0.550097592,0.87792101
3990,0.653045432,0.508425954,0.550254058,0.877903307
3991,0.653073624,0.508462976,0.550038175,0.877946396
3992,0.653077325,0.508434339,0.550078233,0.877939251
3993,0.653096536,0.508446878,0.550257352,0.878115139
3994,0.653090242,0.508368418,0.550259497,0.878098998
3995,0.653076627,0.508394666,0.550216935,0.878108029
3996,0.653084636,0.508303643,0.550811871,0.878113984
3997,0.653077282,0.508323886,0.550046785,0.87824414
3998,0.653076716,0.508216737,0.550150589,0.878187412
3999,0.653080046,0.50825379,0.549709825,0.878194036
4000,0.653114927,0.508107373,0.550079669,0.878173049
4001,0.653122014,0.508177297,0.549517033,0.878203922
4002,0.653157049,0.508045418,0.549526659,0.878200733
4003,0.653178025,0.508094619,0.549200872,0.878372907
4004,0.653207907,0.507971808,0.549162254,0.878267286
4005,0.653214012,0.507990973,0.548946068,0.877332798
4006,0.653219818,0.507940394,0.548768556,0.877227057
4007,0.65322582,0.507963248,0.548458687,0.876306076
4008,0.653241063,0.507941162,0.548233573,0.875994607
4009,0.653273252,0.507983132,0.548522322,0.8742857
4010,0.653271967,0.507927798,0.548626633,0.875031576
4011,0.653278148,0.507957284,0.548650176,0.874255486
4012,0.653311843,0.507935086,0.548892232,0.873950031
4013,0.65333516,0.507993948,0.54840938,0.872040767
4014,0.653368633,0.507969146,0.548461726,0.871847461
4015,0.653366193,0.50797268,0.548217074,0.871836882
4016,0.653361259,0.507972353,0.548065586,0.871811845
4017,0.653381036,0.507969472,0.547906918,0.870893587
4018,0.653388402,0.507964845,0.547766104,0.870809063
4019,0.653420649,0.50796245,0.548417151,0.870855095
4020,0.653438689,0.507925931,0.547955246,0.870823801
4021,0.653458132,0.507956113,0.548561388,0.870849961
4022,0.653487087,0.507897088,0.548300093,0.870812064
4023,0.653496884,0.507922688,0.548250777,0.86995942
4024,0.653517599,0.507915439,0.548071922,0.87087812
4025,0.653515856,0.507932618,0.548368878,0.86972921
4026,0.653503419,0.507932047,0.548012434,0.870419242
4027,0.653534484,0.507959862,0.548328852,0.869641629
4028,0.653511844,0.507917234,0.547972452,0.870540855
4029,0.653504747,0.507932596,0.548196248,0.869716353
4030,0.653553829,0.50790194,0.547796868,0.869768081
4031,0.653591974,0.507953446,0.548224803,0.86977345
4032,0.653587849,0.507908397,0.547567582,0.869673224
4033,0.653612291,0.507941453,0.547749895,0.86968259
4034,0.653609374,0.507884493,0.547985751,0.870567323
4035,0.653618902,0.507920975,0.54825799,0.870637138
4036,0.653611247,0.507842874,0.548426643,0.871546844
4037,0.65361905,0.507877413,0.548526525,0.870661431
4038,0.653621077,0.507803724,0.54865347,0.871478086
4039,0.653632019,0.507815256,0.549379404,0.870459661
4040,0.653643351,0.507811564,0.549439415,0.870327608
4041,0.653689931,0.507841618,0.549870176,0.870470668
4042,0.653716976,0.507804902,0.550130787,0.870461877
4043,0.653737436,0.507793523,0.550722508,0.870416306
4044,0.653753492,0.507707669,0.550369298,0.87033832
4045,0.653765614,0.507733852,0.550786555,0.869496401
4046,0.65379658,0.507712976,0.550264334,0.869285314
4047,0.653802541,0.507709431,0.550427304,0.868359405
4048,0.653805418,0.507577225,0.549684516,0.868299502
4049,0.653798702,0.507613168,0.549901128,0.86724677
4050,0.653813657,0.507500974,0.549560841,0.867212082
4051,0.653840745,0.507536472,0.549820239,0.8663334
4052,0.653870717,0.507417012,0.549647422,0.866259009
4053,0.653844333,0.507423396,0.549342504,0.865167449
4054,0.653845007,0.507360909,0.549627739,0.865122584
4055,0.653832136,0.5073499,0.549386827,0.86395232
4056,0.65381472,0.507286182,0.549446129,0.863841868
4057,0.653836031,0.507318456,0.54954807,0.862902219
4058,0.65384478,0.507261625,0.54925024,0.862752125
4059,0.653866011,0.507271219,0.549196514,0.86273614
4060,0.653871412,0.50723778,0.548660589,0.861819224
4061,0.653859667,0.507247323,0.548602974,0.861781747
4062,0.653891736,0.507255892,0.549167042,0.861786488
4063,0.653903587,0.507287365,0.549294157,0.861738746
4064,0.653927514,0.507304926,0.549320782,0.860797132
4065,0.653904216,0.507291027,0.549183873,0.86064255
4066,0.653914073,0.507301059,0.549141456,0.859709844
4067,0.653910964,0.507365635,0.548950985,0.859362434
4068,0.653919366,0.507373549,0.549341492,0.858421533
4069,0.653949098,0.507366393,0.549637208,0.858322018
4070,0.653946885,0.507373568,0.549565239,0.858332804
4071,0.653953619,0.507398617,0.550025632,0.858326961
4072,0.653968208,0.507438862,0.550028196,0.858382929
4073,0.653997937,0.507449039,0.550616078,0.858324266
4074,0.654000251,0.507468991,0.55018239,0.858322978
4075,0.654029895,0.507495558,0.550267681,0.858320884
4076,0.654060782,0.507503442,0.550000732,0.85847161
4077,0.654062546,0.507534665,0.550465551,0.85942675
4078,0.654069184,0.50756567,0.550585473,0.859430985
4079,0.654110652,0.50758005,0.551012757,0.860424595
4080,0.654121273,0.507552872,0.550881479,0.860536671
4081,0.654137502,0.507580287,0.550887999,0.86053345
4082,0.654144703,0.507575506,0.550860022,0.860524945
4083,0.654150337,0.507612325,0.550786717,0.860488594
4084,0.654165738,0.507595468,0.550645158,0.859540598
4085,0.654186516,0.507611788,0.550488802,0.859410806
4086,0.65420723,0.507586773,0.55041964,0.858453156
4087,0.654221748,0.507587292,0.550311694,0.858328542
4088,0.654219116,0.507573225,0.55015328,0.857370816
4089,0.654253071,0.507577271,0.550360604,0.857434295
4090,0.654243772,0.507532382,0.550501918,0.857420492
4091,0.654259772,0.507540453,0.550607107,0.857330097
4092,0.654249007,0.507485594,0.550777637,0.856380787
4093,0.654254122,0.507500084,0.550791917,0.85628541
4094,0.6542667,0.507433688,0.550578945,0.855381207
4095,0.654280749,0.50743429,0.551116968,0.855284254
4096,0.65429141,0.507349586,0.550765948,0.854341856
4097,0.654293617,0.507360355,0.550632295,0.854245021
4098,0.654299745,0.507301911,0.550455218,0.854253487
4099,0.654278526,0.507308494,0.550626485,0.854018973
4100,0.654299157,0.507221338,0.550145661,0.853121662
4101,0.654325106,0.507228472,0.550081959,0.853095028
4102,0.654330841,0.507189607,0.549424252,0.853101976
4103,0.654356441,0.5071858,0.549545575,0.853163312
4104,0.654371666,0.507130467,0.548816157,0.85416374
4105,0.654396094,0.507110963,0.549116799,0.854171591
4106,0.654376431,0.507042664,0.548671597,0.855154689
4107,0.654399951,0.507073108,0.548965148,0.85486208
4108,0.654396969,0.507006777,0.5484298,0.854970797
4109,0.654401846,0.506978639,0.548690514,0.854726865
4110,0.654420555,0.506912314,0.547887489,0.852856001
4111,0.654452604,0.50691952,0.54772504,0.852469959
4112,0.654472631,0.506878517,0.547618848,0.850557415
4113,0.654498675,0.50690507,0.547522293,0.850361715
4114,0.654493118,0.506860881,0.54751519,0.850362017
4115,0.654529545,0.506832153,0.547648638,0.85035657
4116,0.654525376,0.506790884,0.547209885,0.850390354
4117,0.654542734,0.506812417,0.547269502,0.850342533
4118,0.654554261,0.506783868,0.547044855,0.850464836
4119,0.654557948,0.506785759,0.547175489,0.851386406
4120,0.654548037,0.506773988,0.546964647,0.851562152
4121,0.654558219,0.506747458,0.547226065,0.851560379
4122,0.654556109,0.506702603,0.547055614,0.851563416
4123,0.654580747,0.506715152,0.546995712,0.851568667
4124,0.654601861,0.506707369,0.546497071,0.851613099
4125,0.654609009,0.506687003,0.546498619,0.851615132
4126,0.65464344,0.506734244,0.546130675,0.851608553
4127,0.654689043,0.506724783,0.545897342,0.851787479
4128,0.654681855,0.506741388,0.545618277,0.852727908
4129,0.654700929,0.506762198,0.545841912,0.852780558
4130,0.654714417,0.506752963,0.546577292,0.853630412
4131,0.65473566,0.506804266,0.547123181,0.853668355
4132,0.654756145,0.506786292,0.547527407,0.852658911
4133,0.654767371,0.50683645,0.547849198,0.85251615
4134,0.654776374,0.506770334,0.548687423,0.85247737
4135,0.654768192,0.50677113,0.548778725,0.852439548
4136,0.654764521,0.506750318,0.548631602,0.852471965
4137,0.654776831,0.506799796,0.548661514,0.85247177
4138,0.654792164,0.506738313,0.54876806,0.852441753
4139,0.654792826,0.506808094,0.548306967,0.852470521
4140,0.654799059,0.50675834,0.5489151,0.852461226
4141,0.654805535,0.50681498,0.548914102,0.852409377
4142,0.65480706,0.506769994,0.548461019,0.852398153
4143,0.654800751,0.506771412,0.548483011,0.852385174
4144,0.654795411,0.506755362,0.5480935,0.852382046
4145,0.654803851,0.506782464,0.547938605,0.852383481
4146,0.654830228,0.506771448,0.54798743,0.852418172
4147,0.654854083,0.5068139,0.547693774,0.852417907
4148,0.654876849,0.506777415,0.54756763,0.852447656
4149,0.654873982,0.506749601,0.547159648,0.852402808
4150,0.654862555,0.506728612,0.546925739,0.852430646
4151,0.654868996,0.506670927,0.54690809,0.852397084
4152,0.65488377,0.506669206,0.547199853,0.852440999
4153,0.654918166,0.506666622,0.547072416,0.852446919
4154,0.654915643,0.506714071,0.546772555,0.85245119
4155,0.654945281,0.506728538,0.546891161,0.852444467
4156,0.654944239,0.506788802,0.547142486,0.85244005
4157,0.6549314,0.506785231,0.547233808,0.851449271
4158,0.65496509,0.506835774,0.548024145,0.851550294
4159,0.654974318,0.506836632,0.54811653,0.850568279
4160,0.655003557,0.506854273,0.547786202,0.850514942
4161,0.655009891,0.506836715,0.547128071,0.85047841
4162,0.655015938,0.506842127,0.546976117,0.850502752
4163,0.655059492,0.506854852,0.546658161,0.850489673
4164,0.655065339,0.506899766,0.546267962,0.850505637
4165,0.655112584,0.50687086,0.546076974,0.850493465
4166,0.655127294,0.506900897,0.546853411,0.850622124
4167,0.655125351,0.506860393,0.546723195,0.850595981
4168,0.655143419,0.506923393,0.546365167,0.850618536
4169,0.655167528,0.506886382,0.54629137,0.85060341
4170,0.655188844,0.506913067,0.546759325,0.850640883
4171,0.655207406,0.506890183,0.546505058,0.850601873
4172,0.655211975,0.506923895,0.546453645,0.850609705
4173,0.655234134,0.506880855,0.546386777,0.85056136
4174,0.655240613,0.506911001,0.546403004,0.850612686
4175,0.655270987,0.506888633,0.546554008,0.850577666
4176,0.65529601,0.506939759,0.546663933,0.850603707
4177,0.655302264,0.50692493,0.546873886,0.85058218
4178,0.655328782,0.506969707,0.547081367,0.850688831
4179,0.655343376,0.506972221,0.54722488,0.850661203
4180,0.655367345,0.507009213,0.547524234,0.850802649
4181,0.655389871,0.50700635,0.547633026,0.851822877
4182,0.655393244,0.507043949,0.547743904,0.852855234
4183,0.655409302,0.507017195,0.548090062,0.853942613
4184,0.655385735,0.507045431,0.54791462,0.854980325
4185,0.655383061,0.506990718,0.547774626,0.855949524
4186,0.655402516,0.507047311,0.547767445,0.857144028
4187,0.655421405,0.507003501,0.547635847,0.857182473
4188,0.655426174,0.507058706,0.546918233,0.857183825
4189,0.65546397,0.507065479,0.54691839,0.857180664
4190,0.655474405,0.507117527,0.546674235,0.857088113
4191,0.655497145,0.507075109,0.546686781,0.857194587
4192,0.655494331,0.507142943,0.54668671,0.857157545
4193,0.655517299,0.507108281,0.546792037,0.857214413
4194,0.655531623,0.507168627,0.546626119,0.857161564
4195,0.655548703,0.507154584,0.546543438,0.857159843
4196,0.6555563,0.507176575,0.546533746,0.857137592
4197,0.655561785,0.507173062,0.546292802,0.856187826
4198,0.65556825,0.507228763,0.547025559,0.85608628
4199,0.655588429,0.507211366,0.547188361,0.856188067
4200,0.655592687,0.507282058,0.547578168,0.856154454
4201,0.655618094,0.507262426,0.547691809,0.856143623
4202,0.65564177,0.507290996,0.547722166,0.856244272
4203,0.655678316,0.507252968,0.547184871,0.85625676
4204,0.655674843,0.507303801,0.547654277,0.85621776
4205,0.65573087,0.507278945,0.547218278,0.85623165
4206,0.655718934,0.507349069,0.547473611,0.856213691
4207,0.65576761,0.507312091,0.547639268,0.856243382
4208,0.655755474,0.507357312,0.547944154,0.856237855
4209,0.655783924,0.507299142,0.548222853,0.856249478
4210,0.655779754,0.507356516,0.548887045,0.856248843
4211,0.655813557,0.50726937,0.54904212,0.856174787
4212,0.655822116,0.507317807,0.54850655,0.855213681
4213,0.655840604,0.507276382,0.548401746,0.855115073
4214,0.655859792,0.507330077,0.547852598,0.855293579
4215,0.65587886,0.507303197,0.547824962,0.856247466
4216,0.655874075,0.507332347,0.547263956,0.856343918
4217,0.655900779,0.507309071,0.546910377,0.856323523
4218,0.655894388,0.507358166,0.546211927,0.856512693
4219,0.65589719,0.507319315,0.546145775,0.857279605
4220,0.655905016,0.507368628,0.545375904,0.85647911
4221,0.655924682,0.507351788,0.544953869,0.856344926
4222,0.655918924,0.507405335,0.54491365,0.856403458
4223,0.655944919,0.507398972,0.544654444,0.856281964
4224,0.655940294,0.507456963,0.544452585,0.855374182
4225,0.655959016,0.507428501,0.54413273,0.856169482
4226,0.655983634,0.507498239,0.543782419,0.85549854
4227,0.656008616,0.507450339,0.543839806,0.855353214
4228,0.656002265,0.50754052,0.543645684,0.85538141
4229,0.656030061,0.507508373,0.543938647,0.855335795
4230,0.656042616,0.507559265,0.544529353,0.855470262
4231,0.656066919,0.507518023,0.544623836,0.856424019
4232,0.656059812,0.507573692,0.544845712,0.856473068
4233,0.65607233,0.507526475,0.544841997,0.856436302
4234,0.65603497,0.507581609,0.544743414,0.856538134
4235,0.656053634,0.507516174,0.545529148,0.856499318
4236,0.656031428,0.507564833,0.545329989,0.856603651
4237,0.656066401,0.507503365,0.545733051,0.856586936
4238,0.656057186,0.507610999,0.545828465,0.856663435
4239,0.656078073,0.507511441,0.54584815,0.857667445
4240,0.656071554,0.507611546,0.545474295,0.857720874
4241,0.656086577,0.507564911,0.545031505,0.85868102
4242,0.65607913,0.50766223,0.544861008,0.858866635
4243,0.656080198,0.507597276,0.544760297,0.859836575
4244,0.656054541,0.507672314,0.544452772,0.859903919
4245,0.656084205,0.5076004,0.544423129,0.860874805
4246,0.656068841,0.507721853,0.544532568,0.860815585
4247,0.656109722,0.507661474,0.544912855,0.860667026
4248,0.656087737,0.507762659,0.545024281,0.859696183
4249,0.656108573,0.507686053,0.54506117,0.860517287
4250,0.656101133,0.507787537,0.544970031,0.859612684
4251,0.656166851,0.507730908,0.545337402,0.860439759
4252,0.656174212,0.507813212,0.545458802,0.859636883
4253,0.656224365,0.507759151,0.54560832,0.860476417
4254,0.65622246,0.50786418,0.545655252,0.859557915
4255,0.65625954,0.507776645,0.545573151,0.859417176
4256,0.656261716,0.507858024,0.545574451,0.858502277
4257,0.656303616,0.507743334,0.545291121,0.858382386
4258,0.656297453,0.507849024,0.545383545,0.857406967
4259,0.656337749,0.507727763,0.545072723,0.857278475
4260,0.656305847,0.507812766,0.545298775,0.857366763
4261,0.656320678,0.50768307,0.544802984,0.857369108
4262,0.656282599,0.507792146,0.544969381,0.857309946
4263,0.656307059,0.50769798,0.544542649,0.857300077
4264,0.656263085,0.507819404,0.544504,0.857291168
4265,0.656275404,0.507708192,0.543731614,0.857268381
4266,0.656233866,0.507839592,0.543741209,0.857269256
4267,0.656241223,0.50771541,0.543290103,0.857200976
4268,0.656195188,0.50782342,0.543550213,0.857153472
4269,0.656260871,0.507717038,0.543087957,0.857260949
4270,0.656221926,0.507850734,0.543289583,0.857169461
4271,0.656252065,0.507749903,0.542593376,0.857176629
4272,0.656223654,0.507864113,0.542758335,0.857131728
4273,0.656231691,0.507768868,0.542099224,0.85705103
4274,0.656202114,0.507877406,0.542579731,0.857055332
4275,0.656224855,0.507741513,0.542278335,0.857059134
4276,0.656195323,0.507851183,0.542149928,0.857072581
4277,0.656227171,0.507718856,0.541744142,0.857037356
4278,0.656194271,0.507874627,0.541536553,0.857050637
4279,0.656224359,0.507645244,0.541034612,0.856950147
4280,0.656171287,0.507805785,0.540656643,0.855996624
4281,0.656216096,0.507646745,0.540004936,0.855879818
4282,0.656184061,0.507810068,0.53989994,0.854917647
4283,0.656224913,0.507584201,0.539164955,0.854710676
4284,0.656195681,0.507755487,0.539077037,0.854725026
4285,0.656256673,0.507510457,0.539297192,0.854673154
4286,0.656187115,0.507663188,0.539376358,0.854639585
4287,0.656224918,0.507481839,0.53914445,0.854626649
4288,0.656165648,0.507667256,0.539376926,0.854606644
4289,0.656223149,0.507501827,0.539052423,0.85463773
4290,0.656148672,0.507662954,0.539065174,0.854561483
4291,0.656180969,0.507472294,0.53870752,0.85454647
4292,0.656137362,0.507614338,0.53843494,0.854320743
4293,0.656187599,0.507427206,0.538353213,0.853383538
4294,0.65614148,0.507587369,0.537972189,0.853237971
4295,0.656209911,0.50738711,0.537453073,0.852288868
4296,0.656163009,0.5076012,0.537997674,0.852107281
4297,0.656238623,0.507368248,0.537535726,0.852214102
4298,0.656185533,0.507559426,0.537274488,0.852166827
4299,0.656233641,0.507294941,0.53744913,0.852172376
4300,0.656190823,0.507491203,0.537061361,0.852175864
4301,0.65626101,0.507313081,0.537313573,0.852140691
4302,0.656223101,0.507450343,0.536989654,0.852145318
4303,0.656293485,0.507254447,0.537358857,0.852191896
4304,0.656245761,0.507410093,0.536906553,0.85411834
4305,0.656312461,0.507208723,0.537359258,0.854269615
4306,0.656268163,0.507362469,0.536491538,0.85428263
4307,0.656336658,0.507181486,0.537200833,0.854240085
4308,0.656300702,0.507314649,0.536771548,0.855205955
4309,0.656380483,0.507138125,0.537030378,0.855226837
4310,0.656349619,0.507324605,0.536273714,0.855232095
4311,0.656417919,0.507121406,0.536722306,0.855228882
4312,0.656376094,0.507309648,0.536003055,0.855217164
4313,0.656445296,0.507132392,0.536393443,0.855212153
4314,0.656425516,0.507398136,0.535920492,0.855200579
4315,0.656498346,0.507187292,0.536229062,0.855197888
4316,0.656469639,0.507366411,0.535332544,0.855191125
4317,0.656539016,0.507160946,0.535577184,0.855186708
4318,0.656514035,0.507370604,0.535953082,0.85623049
4319,0.656579904,0.507148323,0.536256307,0.856326531
4320,0.656557722,0.507351357,0.536028791,0.856407125
4321,0.656626133,0.50718297,0.53643021,0.856428533
4322,0.65658784,0.50742191,0.535870466,0.857385603
4323,0.656656433,0.507227889,0.536048806,0.857493079
4324,0.656614951,0.50740352,0.535567757,0.857432679
4325,0.656683321,0.507217815,0.535849226,0.857401818
4326,0.656666196,0.507457653,0.536206966,0.857309685
4327,0.656734494,0.507332425,0.535806227,0.856211087
4328,0.656728638,0.507579123,0.536209876,0.855127755
4329,0.656814066,0.507410442,0.535818665,0.854009382
4330,0.656795461,0.507633474,0.535552842,0.85388723
4331,0.656857849,0.507469926,0.535220497,0.852875649
4332,0.656856489,0.507689985,0.535295526,0.853640173
4333,0.656906762,0.507498385,0.535168006,0.852812107
4334,0.656883371,0.507751186,0.534824399,0.853555878
4335,0.656955589,0.507584049,0.534808211,0.852696909
4336,0.656918335,0.507781211,0.534674837,0.853375515
4337,0.656975522,0.507595362,0.534500499,0.852584939
4338,0.656949582,0.507785284,0.534127933,0.85239772
4339,0.656988318,0.507583954,0.534032545,0.852491326
4340,0.656970135,0.507790265,0.53411958,0.852425684
4341,0.657031686,0.507612976,0.534219824,0.8524913
4342,0.656980776,0.507824693,0.533821103,0.853420826
4343,0.657040659,0.50763926,0.534580603,0.853476165
4344,0.656996989,0.507845913,0.534140546,0.854397522
4345,0.657044924,0.507637246,0.533654776,0.854532193
4346,0.657036882,0.507863671,0.534059059,0.854511797
4347,0.657106216,0.507669022,0.5334916,0.854524997
4348,0.65707261,0.50794082,0.534058678,0.854496391
4349,0.657117004,0.50776072,0.533927565,0.854492662
4350,0.657070695,0.507996407,0.534362997,0.854478744
4351,0.657104326,0.507829331,0.534215288,0.854478879
4352,0.657080793,0.508014677,0.534377913,0.853509241
4353,0.657150491,0.507857728,0.53426084,0.853389447
4354,0.65713535,0.508039964,0.53453154,0.853354083
4355,0.657197605,0.507915673,0.534359079,0.8535023
4356,0.657180536,0.508108648,0.534906829,0.854414619
4357,0.657235982,0.507997517,0.534711956,0.854809238
4358,0.657211893,0.508167413,0.534510783,0.854772166
4359,0.65727281,0.508011015,0.534653281,0.854791832
4360,0.657267482,0.508147476,0.535065352,0.85476716
4361,0.657322275,0.508016155,0.53508232,0.854813989
4362,0.65732567,0.508152933,0.53519305,0.854807323
4363,0.657367825,0.508031185,0.534965592,0.85481148
4364,0.657371646,0.508276931,0.53480198,0.854820891
4365,0.657432149,0.508149904,0.534798021,0.854810128
4366,0.657412177,0.508370182,0.534866091,0.85481114
4367,0.657472179,0.508212655,0.535044101,0.854811896
4368,0.657471328,0.508385325,0.535403571,0.854801604
4369,0.657521337,0.508243224,0.535390181,0.854736343
4370,0.657492697,0.508433865,0.535108127,0.854730384
4371,0.657535908,0.508289253,0.535175496,0.854727911
4372,0.657538729,0.508475792,0.535096607,0.854703798
4373,0.657602514,0.508338035,0.534920725,0.854697961
4374,0.657605713,0.508553228,0.534679293,0.854754939
4375,0.657655696,0.508414368,0.534829609,0.854642667
4376,0.657642759,0.508575156,0.535270681,0.853717864
4377,0.657719502,0.508455537,0.535367139,0.853537634
4378,0.657692376,0.50857231,0.535400388,0.853547388
4379,0.657771484,0.508483427,0.535372817,0.853518467
4380,0.657770246,0.508638226,0.535288963,0.853674164
4381,0.657804313,0.508542631,0.534974352,0.853650313
4382,0.657807966,0.508740233,0.535068711,0.853709491
4383,0.657873332,0.508667181,0.535105131,0.854823291
4384,0.657853036,0.508865899,0.535016749,0.855790027
4385,0.657924726,0.508786072,0.535383998,0.855929561
4386,0.657926355,0.508979906,0.535061132,0.855855469
4387,0.657966379,0.508859098,0.534807479,0.854968685
4388,0.657961446,0.50905841,0.534528798,0.85485752
4389,0.658000308,0.508987542,0.534168364,0.853926058
4390,0.657972744,0.509167524,0.534424995,0.85378041
4391,0.658012167,0.509102423,0.534465754,0.853717487
4392,0.65802861,0.509266186,0.53449797,0.853739223
4393,0.658086425,0.509165345,0.534605762,0.853755598
4394,0.658069518,0.509345023,0.534944063,0.853768245
4395,0.658111901,0.509240908,0.534976323,0.853734892
4396,0.658104106,0.509421974,0.535565402,0.853740801
4397,0.658123752,0.509294724,0.535241995,0.853680009
4398,0.658075635,0.509444602,0.535662726,0.853543954
4399,0.658139546,0.509343196,0.535699418,0.85258771
4400,0.658112562,0.509537603,0.534968895,0.852435573
4401,0.658192046,0.509426083,0.535312865,0.851490822
4402,0.658189851,0.509665773,0.534520786,0.851311957
4403,0.658270041,0.50952951,0.534766712,0.850377424
4404,0.658272055,0.509800118,0.535179158,0.850188468
4405,0.658333029,0.509671612,0.535110556,0.850327223
4406,0.658315111,0.509877153,0.534858412,0.850311938
4407,0.658383533,0.509773554,0.535004077,0.850333565
4408,0.65836484,0.509940266,0.534999001,0.850311288
4409,0.658400648,0.509804667,0.534908717,0.850399157
4410,0.658386805,0.509954872,0.535221034,0.85033602
4411,0.658417197,0.5098529,0.535254438,0.850415206
4412,0.6584106,0.510039182,0.535464854,0.850376996
4413,0.65847674,0.50991243,0.535668601,0.850493253
4414,0.658463504,0.510091481,0.535590853,0.851321938
4415,0.658514092,0.509974106,0.535033499,0.851407579
4416,0.658494879,0.510141935,0.534841643,0.851322364
4417,0.658549904,0.510018612,0.534313429,0.851337603
4418,0.658525639,0.510238679,0.533961482,0.851316121
4419,0.658586832,0.510130312,0.533625038,0.85126586
4420,0.658561639,0.510326645,0.533433463,0.851285586
4421,0.658623961,0.510196287,0.533342097,0.851286046
4422,0.658585749,0.510336772,0.533070114,0.851336975
4423,0.658642737,0.510194622,0.533346879,0.852303733
4424,0.658616641,0.510419876,0.532964526,0.852382168
4425,0.658641371,0.510273636,0.532938435,0.852377663
4426,0.658596075,0.510404264,0.532696327,0.852307844
4427,0.65863706,0.510280045,0.532722654,0.851349557
4428,0.658593119,0.510390093,0.532726161,0.851124636
4429,0.658644907,0.510250287,0.532595524,0.850175495
4430,0.658605063,0.510441846,0.532562732,0.84990199
4431,0.658683567,0.510286066,0.532739511,0.84909085
4432,0.658672973,0.510422258,0.532727916,0.848904561
4433,0.658738845,0.510308471,0.532750186,0.848965198
4434,0.658703477,0.510441374,0.532516742,0.848887156
4435,0.658768319,0.510303425,0.532591063,0.849001307
4436,0.658740346,0.510486708,0.532357415,0.848782346
4437,0.658780591,0.510335827,0.532286896,0.847854657
4438,0.658755309,0.510449429,0.532272761,0.847715397
4439,0.658783346,0.51031016,0.53219702,0.846771917
4440,0.658780565,0.510449117,0.531824059,0.84662693
4441,0.658825033,0.510373661,0.531852888,0.846621169
4442,0.658848298,0.510506997,0.531953965,0.846621067
4443,0.658891094,0.510465042,0.53193044,0.846626963
4444,0.658882214,0.510596512,0.532164058,0.846633794
4445,0.65890681,0.510522632,0.532231411,0.846655024
4446,0.658905318,0.510691948,0.532700305,0.846602666
4447,0.65893167,0.510644046,0.532474914,0.846620899
4448,0.658928637,0.510841104,0.532712238,0.846708402
4449,0.658950748,0.51074075,0.532675711,0.847673413
4450,0.658922014,0.510920047,0.532338989,0.847722363
4451,0.658956686,0.510818306,0.532431982,0.847761694
4452,0.658946648,0.511024867,0.532319896,0.847633999
4453,0.658985562,0.510938452,0.532369916,0.847746306
4454,0.658981881,0.511174288,0.532196747,0.847721139
4455,0.659028302,0.51107255,0.532522682,0.847777125
4456,0.659025251,0.511381021,0.532532373,0.847724486
4457,0.659080051,0.511275202,0.532378569,0.847744592
4458,0.659073136,0.511594675,0.532212753,0.847747565
4459,0.659111729,0.511478867,0.532528061,0.847759358
4460,0.659083451,0.511846913,0.532300868,0.847667031
4461,0.659140668,0.511729462,0.532662468,0.846705761
4462,0.659129632,0.512061021,0.533081056,0.846564853
4463,0.659202132,0.511953144,0.533296091,0.845729504
4464,0.659214161,0.512313068,0.533176233,0.845654722
4465,0.659260442,0.512185513,0.533520581,0.844610899
4466,0.659257052,0.512351645,0.533431499,0.843467337
4467,0.659332278,0.512273115,0.533739269,0.84233496
4468,0.659333002,0.512592176,0.533740158,0.84126491
4469,0.659400788,0.512520295,0.534120435,0.840051719
4470,0.659398937,0.512878752,0.53380811,0.838965783
4471,0.659433589,0.512790909,0.534007393,0.837779862
4472,0.659431666,0.513060682,0.533930743,0.836731628
4473,0.659476692,0.512980773,0.534192902,0.83666247
4474,0.659483059,0.513205854,0.534298017,0.835886488
4475,0.659539692,0.513117,0.534804019,0.835835636
4476,0.659542632,0.51331152,0.534776203,0.835949141
4477,0.659590049,0.513228003,0.534834598,0.835940486
4478,0.659603461,0.513385574,0.535043488,0.836105978
4479,0.659630868,0.51330346,0.5349281,0.837026098
4480,0.659596238,0.513461436,0.534934619,0.837161643
4481,0.65961654,0.51336589,0.534737133,0.838091041
4482,0.659640137,0.513602089,0.534947618,0.838230466
4483,0.659685018,0.513521829,0.534840885,0.839061937
4484,0.659688052,0.513776145,0.534814652,0.838341187
4485,0.659729088,0.5136778,0.534667794,0.838299369
4486,0.659727555,0.513900746,0.534369967,0.838287653
4487,0.659785928,0.513791958,0.534356336,0.838293736
4488,0.659775759,0.51410071,0.534128642,0.838313279
4489,0.65984562,0.514039363,0.534093666,0.838275275
4490,0.659847345,0.514347773,0.533919613,0.838293243
4491,0.659895349,0.514238511,0.533773474,0.838279255
4492,0.659904891,0.514580539,0.533917773,0.838299456
4493,0.659949931,0.514489306,0.534033235,0.838266618
4494,0.659976708,0.514695895,0.533979259,0.838309025
4495,0.660058314,0.514598719,0.53411552,0.838289709
4496,0.660019722,0.514846432,0.533866653,0.838272422
4497,0.660071665,0.514757617,0.534061308,0.838276944
4498,0.660084375,0.514963649,0.534100695,0.83832985
4499,0.660126383,0.514861516,0.534198457,0.838285805
4500,0.660117833,0.515143656,0.534114665,0.838301689
4501,0.660164694,0.515037642,0.534420101,0.838184557
4502,0.66013691,0.515221508,0.534393513,0.838244054
4503,0.660164136,0.515079706,0.534295296,0.838193821
4504,0.660145005,0.515329019,0.534349592,0.838312029
4505,0.660190801,0.515260093,0.534221776,0.839187292
4506,0.660175665,0.515463521,0.534324178,0.839286737
4507,0.660205169,0.515400896,0.534171196,0.840205814
4508,0.660203879,0.515602137,0.534308296,0.840516204
4509,0.660210769,0.515497763,0.534004135,0.842402514
4510,0.660210639,0.515661776,0.534369059,0.842618412
4511,0.660234021,0.515592793,0.534484112,0.843487742
4512,0.660218588,0.515708688,0.534552955,0.843831666
4513,0.660226487,0.515621793,0.534729713,0.845678643
4514,0.660210254,0.515774228,0.535021562,0.844943149
4515,0.660268535,0.515689799,0.535028347,0.844886111
4516,0.660280154,0.515810278,0.535398699,0.843968089
4517,0.660304436,0.515735875,0.535428354,0.844626787
4518,0.660318961,0.51586049,0.535857574,0.843742357
4519,0.660344998,0.515795159,0.535464703,0.843679602
4520,0.660334728,0.51592082,0.535904238,0.843682786
4521,0.660341354,0.515820867,0.535723927,0.843664721
4522,0.660328371,0.51592945,0.535901439,0.843660236
4523,0.660359185,0.51586876,0.535714176,0.8446184
4524,0.660362011,0.515969244,0.535810156,0.844605583
4525,0.660388092,0.515924577,0.535465455,0.845774721
4526,0.660401549,0.516015589,0.535571132,0.845911363
4527,0.660389898,0.515954465,0.535249404,0.846854496
4528,0.660414592,0.516058129,0.535565531,0.846902959
4529,0.66042095,0.515977321,0.535464185,0.847746286
4530,0.66041493,0.516109084,0.535810863,0.847851804
4531,0.660428989,0.516023856,0.5356483,0.84878566
4532,0.660439232,0.516141193,0.536012366,0.848997049
4533,0.660480819,0.516058197,0.536055019,0.84902105
4534,0.660489495,0.516255618,0.536179232,0.84910414
4535,0.660526291,0.5161662,0.5359054,0.849078203
4536,0.660511395,0.516322802,0.536318895,0.849131374
4537,0.660529215,0.516227752,0.535814002,0.8501539
4538,0.66055202,0.516361578,0.536491623,0.850195748
4539,0.660568937,0.516304481,0.53591567,0.850313828
4540,0.660573945,0.516538524,0.536200871,0.850332152
4541,0.660610836,0.516448743,0.535955812,0.850344842
4542,0.660604802,0.516639781,0.536167349,0.850269478
4543,0.660628848,0.516565546,0.53591928,0.850337301
4544,0.66062986,0.516767747,0.536182535,0.850413018
4545,0.660658031,0.516689496,0.535904787,0.851357995
4546,0.660656908,0.51682682,0.535604894,0.851578519
4547,0.660703902,0.516789347,0.535640483,0.852526002
4548,0.660702087,0.516930009,0.535311852,0.852567998
4549,0.660732973,0.51686268,0.53533997,0.853610976
4550,0.660730461,0.517003057,0.534962239,0.85364564
4551,0.660749267,0.516927455,0.534888883,0.854629855
4552,0.66071807,0.517169681,0.53483462,0.854726922
4553,0.660777582,0.517103174,0.535025061,0.855804552
4554,0.660773816,0.517342101,0.535060651,0.855858715
4555,0.660804002,0.517282919,0.535153164,0.857029084
4556,0.660827562,0.517527482,0.535625442,0.857073869
4557,0.660833956,0.517447736,0.53574161,0.857847948
4558,0.660854276,0.517673386,0.535862428,0.857044193
4559,0.660892644,0.5176129,0.53606823,0.85691894
4560,0.660898223,0.517843444,0.53619765,0.856864262
4561,0.660945059,0.517755225,0.536496992,0.85580227
4562,0.660930811,0.517950763,0.536204391,0.854758145
4563,0.660963881,0.517872864,0.536413077,0.853773994
4564,0.660975394,0.517961794,0.536689409,0.853738047
4565,0.661050052,0.517910976,0.536595397,0.852884819
4566,0.661040732,0.518084065,0.536896786,0.853653338
4567,0.661111736,0.517995476,0.536691408,0.853051989
4568,0.661089778,0.518157289,0.536791853,0.853941216
4569,0.661106783,0.518112357,0.536585766,0.854041777
4570,0.661098007,0.51835934,0.536295131,0.853938973
4571,0.66113355,0.518284947,0.536073273,0.853894059
4572,0.661129935,0.518477996,0.536337341,0.853874055
4573,0.661157572,0.518377871,0.536128675,0.853879276
4574,0.661172803,0.518605073,0.536477765,0.853831859
4575,0.661211613,0.51848488,0.536435806,0.853716552
4576,0.661195025,0.518692248,0.536650376,0.852762949
4577,0.661241285,0.518617412,0.536580947,0.852596789
4578,0.661240257,0.518816295,0.536886092,0.851652425
4579,0.661277734,0.518733075,0.536650594,0.85151283
4580,0.661262044,0.518972631,0.537012687,0.851520727
4581,0.661307931,0.518844677,0.536908424,0.851535709
4582,0.661294644,0.519291369,0.536966423,0.851527615
4583,0.661378208,0.519196652,0.536912028,0.851463507
4584,0.661392206,0.519422501,0.537200642,0.85138988
4585,0.661421271,0.519328108,0.536943267,0.851399232
4586,0.661414354,0.519486343,0.537279915,0.851353343
4587,0.661454057,0.519393115,0.537165778,0.851346733
4588,0.66144775,0.51966643,0.53726784,0.852242897
4589,0.661470436,0.519562605,0.537401284,0.852411592
4590,0.661466602,0.519802642,0.53743125,0.853345967
4591,0.661501535,0.519718872,0.537600198,0.853531695
4592,0.661520413,0.519865128,0.537401849,0.854452403
4593,0.661549455,0.519777357,0.537517819,0.854556666
4594,0.661530756,0.519892527,0.537275024,0.855508714
4595,0.661563017,0.519868702,0.536695771,0.855622863
4596,0.66155095,0.51997169,0.536615498,0.856560166
4597,0.661569048,0.519904839,0.536169601,0.856496558
4598,0.66157251,0.520006706,0.536354527,0.855532547
4599,0.661587442,0.519925633,0.536405943,0.855381343
4600,0.661583897,0.520046047,0.537270327,0.855396152
4601,0.661595425,0.519963969,0.537454785,0.855218924
4602,0.661560638,0.520070123,0.537917515,0.855191506
4603,0.661574466,0.520004601,0.538078138,0.855138538
4604,0.661551442,0.520097138,0.53836777,0.855149086
4605,0.661538337,0.520030903,0.537730153,0.855116
4606,0.661544418,0.520185109,0.537759259,0.855127189
4607,0.66153806,0.520094493,0.537499161,0.855397214
4608,0.661522842,0.520191542,0.53739803,0.855388554
4609,0.661553214,0.52011582,0.536974904,0.855529322
4610,0.661513352,0.520220222,0.537049761,0.857455741
4611,0.661504367,0.520131152,0.537374354,0.857627192
4612,0.661482567,0.52022876,0.536937908,0.859563174
4613,0.661474453,0.520148587,0.537178896,0.859745539
4614,0.661478657,0.520267986,0.536910594,0.859746754
4615,0.661460691,0.520186293,0.537001501,0.859748921
4616,0.661457922,0.520339219,0.537316235,0.859693417
4617,0.661474172,0.520262162,0.537346678,0.859713954
4618,0.661446768,0.520349554,0.537281687,0.859703849
4619,0.661461174,0.520247355,0.537425521,0.859701777
4620,0.661462453,0.520375345,0.537766964,0.85970204
4621,0.661466328,0.520293437,0.537463224,0.859694164
4622,0.661445525,0.520404386,0.537603849,0.859679491
4623,0.661425565,0.520304929,0.537596559,0.859628199
4624,0.661423968,0.520368639,0.537938051,0.858802373
4625,0.661445585,0.520309967,0.53851924,0.858736821
4626,0.661411458,0.520401643,0.538847089,0.857855237
4627,0.661397815,0.520314756,0.539358526,0.857390284
4628,0.661383677,0.520389816,0.539839973,0.856463728
4629,0.661424614,0.520283656,0.540130569,0.856431189
4630,0.661402634,0.520411973,0.539926557,0.85560499
4631,0.66142478,0.520274218,0.539820262,0.85557698
4632,0.661389159,0.520414581,0.539971907,0.855626053
4633,0.661394149,0.520291266,0.540077137,0.855627649
4634,0.661374215,0.520490439,0.540230286,0.854765426
4635,0.661399482,0.520390044,0.540415372,0.854643984
4636,0.661369168,0.520557983,0.540485104,0.853653119
4637,0.661373924,0.520401535,0.540699172,0.85257959
4638,0.661314802,0.520524637,0.540724925,0.852552114
4639,0.66135179,0.520395746,0.54142225,0.851590034
4640,0.66132052,0.520529593,0.541070972,0.851530486
4641,0.661347248,0.520440489,0.541537471,0.850632562
4642,0.661325884,0.520534238,0.541845121,0.850502025
4643,0.661367068,0.520458287,0.542060974,0.84954782
4644,0.661352785,0.520567099,0.541948106,0.849506286
4645,0.661381912,0.520490501,0.542189667,0.848546657
4646,0.661354107,0.520610268,0.542236415,0.848508493
4647,0.661378166,0.520503086,0.542228733,0.848516136
4648,0.661357373,0.520576719,0.542200719,0.848478593
4649,0.661349641,0.520538776,0.541783144,0.848510171
4650,0.661343042,0.520628444,0.541822492,0.848494091
4651,0.661352657,0.520597543,0.541956592,0.848506874
4652,0.661353699,0.520668792,0.542181852,0.848519726
4653,0.661361813,0.520643578,0.542085698,0.848515851
4654,0.661346975,0.520718255,0.542345253,0.848548145
4655,0.661359793,0.520646683,0.542391536,0.848520341
4656,0.661366678,0.520738728,0.542738987,0.848604579
4657,0.661406677,0.520671497,0.542802857,0.849546622
4658,0.66138648,0.520777649,0.542294703,0.84966169
4659,0.661430942,0.520714639,0.542373844,0.85060405
4660,0.661421715,0.52084241,0.542361594,0.850688333
4661,0.661415097,0.520785146,0.5425907,0.8505236
4662,0.661375566,0.520880499,0.541653789,0.850529145
4663,0.661409791,0.520821781,0.54199709,0.850521914
4664,0.661413081,0.520875357,0.541897026,0.850548562
4665,0.661441318,0.520820249,0.54224338,0.850549564
4666,0.66141723,0.520910944,0.542144163,0.850552395
4667,0.661419627,0.52084447,0.542243984,0.850555143
4668,0.661411673,0.520926071,0.542016449,0.85056485
4669,0.661426,0.520906305,0.54215578,0.850438579
4670,0.661397919,0.520926017,0.541591693,0.850434213
4671,0.661415946,0.520893453,0.541768053,0.850438039
4672,0.661393867,0.520917845,0.541796681,0.850466606
4673,0.66139901,0.520906935,0.54182844,0.850399097
4674,0.661369611,0.520930815,0.541596876,0.850422722
4675,0.661362221,0.520891415,0.541315037,0.850415915
4676,0.6613313,0.52092379,0.540999423,0.850426797
4677,0.661355443,0.520906273,0.541210868,0.850439053
4678,0.661333356,0.520904629,0.540492848,0.850417422
4679,0.661348136,0.520895297,0.540544052,0.850454513
4680,0.661331476,0.520938041,0.539903585,0.850431906
4681,0.661321554,0.52090092,0.539778384,0.850466917
4682,0.661317937,0.520915622,0.539461803,0.85044776
4683,0.661322863,0.520865793,0.539428837,0.850402587
4684,0.661329765,0.52091236,0.539534337,0.850424942
4685,0.661347754,0.520873192,0.53942191,0.850429692
4686,0.661320311,0.520939239,0.539516545,0.850345017
4687,0.661298252,0.520895187,0.539305871,0.849322614
4688,0.661288894,0.520985308,0.539922987,0.849284322
4689,0.661289429,0.520885483,0.539930001,0.849157488
4690,0.661283753,0.520992103,0.539916969,0.849378805
4691,0.661293084,0.520962199,0.539820454,0.850322731
4692,0.661296182,0.521066236,0.539610211,0.850361346
4693,0.661308116,0.521027181,0.5395172,0.851312897
4694,0.661296002,0.521117155,0.540135097,0.851392372
4695,0.661301164,0.521074449,0.540126115,0.852183466
4696,0.661276383,0.521176316,0.540107311,0.851293778
4697,0.661297298,0.521121129,0.540264601,0.852211359
4698,0.661260974,0.521176535,0.539713235,0.852313245
4699,0.66125796,0.521118973,0.539757177,0.852302389
4700,0.661226214,0.521207451,0.539782897,0.85233427
4701,0.6612319,0.521167033,0.539901952,0.852335606
4702,0.661203636,0.521254343,0.539875071,0.852321772
4703,0.661203679,0.521220463,0.540217872,0.852345053
4704,0.661196178,0.521285207,0.539943591,0.852360681
4705,0.661178884,0.52121996,0.540024102,0.852371694
4706,0.661178392,0.521253731,0.539919733,0.852220962
4707,0.661181624,0.52123749,0.540066822,0.851262761
4708,0.661186498,0.521275179,0.539938585,0.851196226
4709,0.661204457,0.521252051,0.540210504,0.851164593
4710,0.661189363,0.521329275,0.539930355,0.851154094
4711,0.661190808,0.521324894,0.539667102,0.851178162
4712,0.661184064,0.521418213,0.539851434,0.852162684
4713,0.66118223,0.521376872,0.53991343,0.852233883
4714,0.661178254,0.521491798,0.540427463,0.852239147
4715,0.661197306,0.521436452,0.540393805,0.852216457
4716,0.661194701,0.521543935,0.541077797,0.852225541
4717,0.661221308,0.52150239,0.541177453,0.8522315
4718,0.661212963,0.521615748,0.541618206,0.852231851
4719,0.661240377,0.521559198,0.541693629,0.852373937
4720,0.661214102,0.521717085,0.542445257,0.853237027
4721,0.661263799,0.521657299,0.542669934,0.853411942
4722,0.661256161,0.52180832,0.542943363,0.853354655
4723,0.661278782,0.521747787,0.543050736,0.853492649
4724,0.661285748,0.521974624,0.543088537,0.854403304
4725,0.661305699,0.521931874,0.543292172,0.854555018
4726,0.661297327,0.52217099,0.542912654,0.855316147
4727,0.661304496,0.52215832,0.542804767,0.855460597
4728,0.661333252,0.522274739,0.542485459,0.855418552
4729,0.661338841,0.522260874,0.542434052,0.855429634
4730,0.661358363,0.522487736,0.542487379,0.855532135
4731,0.661374951,0.522435645,0.542532755,0.855532138
4732,0.661358948,0.52265686,0.54255801,0.855552616
4733,0.661381246,0.522631826,0.54291379,0.855543927
4734,0.661400818,0.522832057,0.543200522,0.855579653
4735,0.66142024,0.522810012,0.542924912,0.855581812
4736,0.66143386,0.522921862,0.54285421,0.855589458
4737,0.661429903,0.522905196,0.5421852,0.855501822
4738,0.661444875,0.522926574,0.542595674,0.854562142
4739,0.661431125,0.52296602,0.542149097,0.854273738
4740,0.661424798,0.522982983,0.542238434,0.853378801
4741,0.661450357,0.522996205,0.542309985,0.853320012
4742,0.66146952,0.523011321,0.542412716,0.852415057
4743,0.66149265,0.523032716,0.542455293,0.852354567
4744,0.661494809,0.523145101,0.542415945,0.851389745
4745,0.66149526,0.523137708,0.542519571,0.851331387
4746,0.661479106,0.523237273,0.542243508,0.851461568
4747,0.661484368,0.523242064,0.542154089,0.852569167
4748,0.661484228,0.523404315,0.54206516,0.853630131
4749,0.661507895,0.523378818,0.542173935,0.85376512
4750,0.6615054,0.523536796,0.541999268,0.854758945
4751,0.661504695,0.523529674,0.541899015,0.853826176
4752,0.661503714,0.523673586,0.542148248,0.854668429
4753,0.661479527,0.523668619,0.541541723,0.854780142
4754,0.661457959,0.52382854,0.541885913,0.855667718
4755,0.661457009,0.523795975,0.541854596,0.854755092
4756,0.661469116,0.523954596,0.542033638,0.854664952
4757,0.661493308,0.523932891,0.542077305,0.853866023
4758,0.661467868,0.524022436,0.541698427,0.854715188
4759,0.661486232,0.524039859,0.541600342,0.853910333
4760,0.661506416,0.52423115,0.54119132,0.853559749
4761,0.661510223,0.524218387,0.54106266,0.85260838
4762,0.661508472,0.524416322,0.541026431,0.852489708
4763,0.661525581,0.524408665,0.540933882,0.851545141
4764,0.661507774,0.524586155,0.540954427,0.851386329
4765,0.661551684,0.524564365,0.541254869,0.850444921
4766,0.661562471,0.524821198,0.541126825,0.850351653
4767,0.661596395,0.524802845,0.541580644,0.849439657
4768,0.661610599,0.525064364,0.54125691,0.849496122
4769,0.661625135,0.525021161,0.541716687,0.849435628
4770,0.661614645,0.525191098,0.54145441,0.849419495
4771,0.66163867,0.525120681,0.541499382,0.849421113
4772,0.661615637,0.525388127,0.541226892,0.849207699
4773,0.661666296,0.525346306,0.540928735,0.848362603
4774,0.661674909,0.525567993,0.540547835,0.84826006
4775,0.661690771,0.525539873,0.540542796,0.848333922
4776,0.661688329,0.525732944,0.540640233,0.848232721
4777,0.661692841,0.525699741,0.54040572,0.848294032
4778,0.661662408,0.525850019,0.540589885,0.848253932
4779,0.661684294,0.525857128,0.540117773,0.848367558
4780,0.661686094,0.526006746,0.540022786,0.84930619
4781,0.661690885,0.52599756,0.54032766,0.849451767
4782,0.661678973,0.526132187,0.540654884,0.850321552
4783,0.661676198,0.526122331,0.540804601,0.849580488
4784,0.661650963,0.526241986,0.541222925,0.849426006
4785,0.661637464,0.526235001,0.541460848,0.849480989
4786,0.661643971,0.526294432,0.541274834,0.849517744
4787,0.661659324,0.526284331,0.541734246,0.849542667
4788,0.661673475,0.526354539,0.5415949,0.849529159
4789,0.661666124,0.526346006,0.542051314,0.849413069
4790,0.661703507,0.526395297,0.541789592,0.848550565
4791,0.661721502,0.526402182,0.542456624,0.848480917
4792,0.661732755,0.526501299,0.542565786,0.848720864
4793,0.661730237,0.526488547,0.542697918,0.84967665
4794,0.661728855,0.526540916,0.542959042,0.84979636
4795,0.661719766,0.526525049,0.543596697,0.850748993
4796,0.661724856,0.526593837,0.543592563,0.850893078
4797,0.661694691,0.526606638,0.543771522,0.850901354
4798,0.661673219,0.526588795,0.543762316,0.850935087
4799,0.661661668,0.526591772,0.543441407,0.851032282
4800,0.661659976,0.526578787,0.54354451,0.851007985
4801,0.661651104,0.526557344,0.543570938,0.851066947
4802,0.661643755,0.526605982,0.543630286,0.851029169
4803,0.661635565,0.526597647,0.543723518,0.851117624
4804,0.661618538,0.526588058,0.543828843,0.851071668
4805,0.661568506,0.52656038,0.543671904,0.851177108
4806,0.661577845,0.526589159,0.543546504,0.852049862
4807,0.661551442,0.526560147,0.543104324,0.85223909
4808,0.661551171,0.526621266,0.543298426,0.85220152
4809,0.661517793,0.526595537,0.543160541,0.85226966
4810,0.661506846,0.526614254,0.543428122,0.852251947
4811,0.661493519,0.526613593,0.543198722,0.852214167
4812,0.661467842,0.526655083,0.543301262,0.852209232
4813,0.661446637,0.526671876,0.543120396,0.852205398
4814,0.661420374,0.5265786,0.543251952,0.852207545
4815,0.661383733,0.526606264,0.543280444,0.852065434
4816,0.661419089,0.526632577,0.543326957,0.852091426
4817,0.661374543,0.526663822,0.543423301,0.851944894
4818,0.661385099,0.52672315,0.543850831,0.851020818
4819,0.661363146,0.526725135,0.543863352,0.85084781
4820,0.661346665,0.526857531,0.543891873,0.84991076
4821,0.661334331,0.526882255,0.543695125,0.849853887
4822,0.661331092,0.527053795,0.543591418,0.84984983
4823,0.661298091,0.527084404,0.543273924,0.849952342
4824,0.661314072,0.527191065,0.543544182,0.850026637
4825,0.661322063,0.527189385,0.543406242,0.850047668
4826,0.661309341,0.527155802,0.543446346,0.850158327
4827,0.661278159,0.527186596,0.543680619,0.850997841
4828,0.661248054,0.527199482,0.543852268,0.850159226
4829,0.661227056,0.527230628,0.544040755,0.851015082
4830,0.661224459,0.527306478,0.544365594,0.851118177
4831,0.661209498,0.527345105,0.544560382,0.85208338
4832,0.661197672,0.527529327,0.54457672,0.852274944
4833,0.661201078,0.52756057,0.544332861,0.8532259
4834,0.661199309,0.527733647,0.545060181,0.853403791
4835,0.661164449,0.527745887,0.544778353,0.854309011
4836,0.661170148,0.52778396,0.545053608,0.853607508
4837,0.661161389,0.527829926,0.545175851,0.854543502
4838,0.661155107,0.52792752,0.545268309,0.853751711
4839,0.661177942,0.527971214,0.545552586,0.85373511
4840,0.661187884,0.52806372,0.545289048,0.852812353
4841,0.661196686,0.528115014,0.545623434,0.852666349
4842,0.661232784,0.528211996,0.546010299,0.852637138
4843,0.661230808,0.528254445,0.545535156,0.852653358
4844,0.661236945,0.528560074,0.54571002,0.852644224
4845,0.66124896,0.528610917,0.546303606,0.852663314
4846,0.66125862,0.528792257,0.546439133,0.852580956
4847,0.661246139,0.528811613,0.547010199,0.851633183
4848,0.661255211,0.52892071,0.546908118,0.851497664
4849,0.661273534,0.528940514,0.547561349,0.85153044
4850,0.661277204,0.528936535,0.547394866,0.851493399
4851,0.661290467,0.528964079,0.547936704,0.851527505
4852,0.661305241,0.528995123,0.548207398,0.852456991
4853,0.661290512,0.528989215,0.548451936,0.852621794
4854,0.661289136,0.529063582,0.548344069,0.852595426
4855,0.661278798,0.529073886,0.548888403,0.852581388
4856,0.661287811,0.529050679,0.548596306,0.852592481
4857,0.661279634,0.529031712,0.548821293,0.852572572
4858,0.661272875,0.528984411,0.548841286,0.852567399
4859,0.661260274,0.528969758,0.549286669,0.852588549
4860,0.661275601,0.529061946,0.549352044,0.852429017
4861,0.661277009,0.529092579,0.549549028,0.851489285
4862,0.661274629,0.529113069,0.549217795,0.85136714
4863,0.661275629,0.529131443,0.549803419,0.850420955
4864,0.661260476,0.528987563,0.549626716,0.850188048
4865,0.661242522,0.528980949,0.550237396,0.84924403
4866,0.661247325,0.529014726,0.549803957,0.849003469
4867,0.661219273,0.529046957,0.549836473,0.848019602
4868,0.661213014,0.529052924,0.549541514,0.847887667
4869,0.661195041,0.529080403,0.549642132,0.847011387
4870,0.661192479,0.529036584,0.549737346,0.846749268
4871,0.661179084,0.529081172,0.549629268,0.845810367
4872,0.661193273,0.529001881,0.550280362,0.845499583
4873,0.661174036,0.529065608,0.550271226,0.844563287
4874,0.661167928,0.528961126,0.550734475,0.844364149
4875,0.661149074,0.529008398,0.550821438,0.843519307
4876,0.66114265,0.528926396,0.550674046,0.844314756
4877,0.661099302,0.528960796,0.550537379,0.844484208
4878,0.661139334,0.528944968,0.550833637,0.844391691
4879,0.66107765,0.528971276,0.550728238,0.84441694
4880,0.661075519,0.528879151,0.55056766,0.844409845
4881,0.661052632,0.528948382,0.550658813,0.84445214
4882,0.66106951,0.528811003,0.550624754,0.844442753
4883,0.661025624,0.52885069,0.550725212,0.844462836
4884,0.661030892,0.528752332,0.55049761,0.844529757
4885,0.660980891,0.52879041,0.550477838,0.844509046
4886,0.660971263,0.528691349,0.550563359,0.844651387
4887,0.660908246,0.528709201,0.550059549,0.845589313
4888,0.660889648,0.528538611,0.550157035,0.845718245
4889,0.660873483,0.528600879,0.549933932,0.846631243
4890,0.660899974,0.528487112,0.550131361,0.846770964
4891,0.66088663,0.528509483,0.549665861,0.846865211
4892,0.660893827,0.528422288,0.549716897,0.846875469
4893,0.66085442,0.52849131,0.549798104,0.846765625
4894,0.660881085,0.52836585,0.549971985,0.845828875
4895,0.660853477,0.52842503,0.550066614,0.845668965
4896,0.660861189,0.52829313,0.549939107,0.844730606
4897,0.660849522,0.528342503,0.549951564,0.844644067
4898,0.660873603,0.528251995,0.549567875,0.844789551
4899,0.660830975,0.528292855,0.549648367,0.84573272
4900,0.660850937,0.528182836,0.55026658,0.845895595
4901,0.660813638,0.528214599,0.550045263,0.846822204
4902,0.660795221,0.528061203,0.550355617,0.847018435
4903,0.660760558,0.528128424,0.550235829,0.847942504
4904,0.660742656,0.527951356,0.550181314,0.848143874
4905,0.660713374,0.528010152,0.550321702,0.848109871
4906,0.660714846,0.527875037,0.550456987,0.848121975
4907,0.660670047,0.527927612,0.550351038,0.848096508
4908,0.66068594,0.527815215,0.550345745,0.848117455
4909,0.660671643,0.527873585,0.550412116,0.848074016
4910,0.660678178,0.527779655,0.55022649,0.848138298
4911,0.660654447,0.52782035,0.550414264,0.84811132
4912,0.660644392,0.527692287,0.549901127,0.848137711
4913,0.660606301,0.527771486,0.54992165,0.848110295
4914,0.66060963,0.527649722,0.550033599,0.848250161
4915,0.6605772,0.527711128,0.550458107,0.84822765
4916,0.660574162,0.527609054,0.550629316,0.848307605
4917,0.660531807,0.527659071,0.550973724,0.848289142
4918,0.66054246,0.527498332,0.551528961,0.848296878
4919,0.66048996,0.527564018,0.551674334,0.848350325
4920,0.660518955,0.527436124,0.552043282,0.848341244
4921,0.660458037,0.52750784,0.551760154,0.848245056
4922,0.6604708,0.527411245,0.55218956,0.848217165
4923,0.660406365,0.527483182,0.551575559,0.848178716
4924,0.660411459,0.527323134,0.551409813,0.848242927
4925,0.660388281,0.527391381,0.551295677,0.849175279
4926,0.660409997,0.527331838,0.551068765,0.84918183
4927,0.660385013,0.52741233,0.550889973,0.849175094
4928,0.660419846,0.527355068,0.55093699,0.849302455
4929,0.660380928,0.527420487,0.551065681,0.849269925
4930,0.660396495,0.527300378,0.551289412,0.849328047
4931,0.660356041,0.527342589,0.551241358,0.850268042
4932,0.660371343,0.527275065,0.551501881,0.850447016
4933,0.660332974,0.527329102,0.551439498,0.850407836
4934,0.660333886,0.527255818,0.551187642,0.850471459
4935,0.66030924,0.527331756,0.551077648,0.850465751
4936,0.660309864,0.527185434,0.55150085,0.850652823
4937,0.660270106,0.52726075,0.551254528,0.851640474
4938,0.660241014,0.52718939,0.551159261,0.85159207
4939,0.660198708,0.5272423,0.551150409,0.851593085
4940,0.660195688,0.527170622,0.551651725,0.851585562
4941,0.660161142,0.527239538,0.551673471,0.851601936
4942,0.660154232,0.527149368,0.551864223,0.851481371
4943,0.660118092,0.527197841,0.551968951,0.851464014
4944,0.660111004,0.527123109,0.551719906,0.851476043
4945,0.66008746,0.52718207,0.551945319,0.85138403
4946,0.660072452,0.527033539,0.551442707,0.850489151
4947,0.660051977,0.527090847,0.551587775,0.850412814
4948,0.660067827,0.526939896,0.551506822,0.850410436
4949,0.660029736,0.527000598,0.551683271,0.850315077
4950,0.66002643,0.526857694,0.552040667,0.850361717
4951,0.660008624,0.526905949,0.552007925,0.850356062
4952,0.660023373,0.526746415,0.551907213,0.850450903
4953,0.659997603,0.526800247,0.552361609,0.850393951
4954,0.660002122,0.526636102,0.552195499,0.849341761
4955,0.659971613,0.526703613,0.552388465,0.849271738
4956,0.659987212,0.52644488,0.552241538,0.849313089
4957,0.659932943,0.526553494,0.55274976,0.849291282
4958,0.659922644,0.526263896,0.552625683,0.849219837
4959,0.659904165,0.526400079,0.552917488,0.849197765
4960,0.659953527,0.52605398,0.553119207,0.849311063
4961,0.659920785,0.526161002,0.553161472,0.850163207
4962,0.659936979,0.525840818,0.553168404,0.85032895
4963,0.659893678,0.525983515,0.553218674,0.851114224
4964,0.659912435,0.525631111,0.553186046,0.851223488
4965,0.659891282,0.52575403,0.553075687,0.852197341
4966,0.659903167,0.525591978,0.553107025,0.853336563
4967,0.659840167,0.525717164,0.553188332,0.854406589
4968,0.659852278,0.525390423,0.553160962,0.855523877
4969,0.659788384,0.525535317,0.552983314,0.856616185
4970,0.659802984,0.525178119,0.55283015,0.857705308
4971,0.659757062,0.525288023,0.552847399,0.858845673
4972,0.659790314,0.524985845,0.552948453,0.858962638
4973,0.659751323,0.525116186,0.552820574,0.858857928
4974,0.659777905,0.52488217,0.552933927,0.859812584
4975,0.65972582,0.525006125,0.552621149,0.859775166
4976,0.659746998,0.524762782,0.552488581,0.859736704
4977,0.659689371,0.524824204,0.552273354,0.858777075
4978,0.659701183,0.524665902,0.552017173,0.858689728
4979,0.65967671,0.524763326,0.551785294,0.85773949
4980,0.659706581,0.524622912,0.551539117,0.857710855
4981,0.65969615,0.524724336,0.551970088,0.856751307
4982,0.659707068,0.524521758,0.551583992,0.856678
4983,0.659667609,0.524616463,0.551707589,0.855819698
4984,0.659664908,0.524407257,0.551289736,0.856640204
4985,0.659623564,0.524510754,0.551820941,0.8566674
4986,0.659628534,0.524287297,0.551950185,0.85666872
4987,0.659580004,0.524408059,0.552109985,0.856661251
4988,0.659598729,0.524111501,0.551747937,0.856679209
4989,0.659544777,0.52420161,0.551847215,0.856670221
4990,0.659553581,0.523923608,0.551884046,0.856666652
4991,0.659506777,0.524004599,0.552181065,0.856659394
4992,0.65948575,0.523695578,0.551934023,0.856642247
4993,0.659448876,0.523809862,0.551889567,0.856674564
4994,0.659418026,0.523617404,0.551692462,0.856663136
4995,0.659374031,0.523716174,0.552108104,0.856685391
4996,0.659402059,0.523542712,0.552051743,0.856591212
4997,0.659377844,0.52363646,0.55253292,0.856522807
4998,0.659393938,0.523474404,0.55222152,0.855470214
4999,0.659357956,0.523594046,0.552660499,0.854380045
5000,0.659373225,0.523330739,0.552495954,0.853341181
5001,0.659334275,0.523433515,0.552539353,0.852472511
5002,0.659348615,0.5232671,0.552064086,0.85137098
5003,0.659325161,0.523420503,0.552399143,0.850320331
5004,0.659353335,0.523219193,0.551882893,0.849178774
5005,0.659304455,0.523342784,0.552175456,0.849062515
5006,0.659333444,0.52311301,0.552128657,0.848100993
5007,0.659326343,0.523225212,0.552519171,0.847953384
5008,0.659341827,0.522995494,0.552273967,0.846992767
5009,0.659304434,0.523120366,0.552569765,0.846830297
5010,0.659300788,0.522923362,0.552393891,0.846812855
5011,0.659276596,0.523037756,0.552504036,0.84683218
5012,0.659320777,0.522884197,0.552648073,0.846817245
5013,0.659284213,0.523030773,0.552439647,0.846859198
5014,0.659304896,0.522886164,0.55232519,0.847808288
5015,0.659231945,0.523020268,0.552329181,0.847646248
5016,0.659253132,0.522861084,0.552267525,0.848632914
5017,0.659216904,0.522935699,0.552225592,0.84887933
5018,0.659219911,0.522758422,0.552051234,0.849836994
5019,0.65915918,0.522884772,0.552212893,0.849691484
5020,0.659163868,0.522721815,0.551723031,0.848748319
5021,0.659135983,0.522870658,0.551327441,0.84855349
5022,0.659165929,0.522712795,0.551239463,0.84767264
5023,0.659119254,0.522828732,0.551394115,0.847532579
5024,0.659130557,0.522690609,0.551346759,0.846651129
5025,0.659092385,0.522761833,0.551509184,0.84654114
5026,0.659117966,0.522647883,0.551524097,0.845718756
5027,0.659091746,0.522736248,0.551591509,0.845416398
5028,0.659102186,0.522619601,0.551606232,0.844486554
5029,0.65908991,0.522726148,0.551668521,0.844387188
5030,0.659099334,0.522576075,0.551674532,0.843435493
5031,0.659072662,0.522675179,0.551720976,0.843283864
5032,0.659088061,0.522558309,0.551555094,0.843267088
5033,0.659050782,0.522628553,0.551499038,0.843258824
5034,0.659077635,0.522417531,0.551488558,0.842293749
5035,0.659038828,0.522552738,0.55142558,0.842264313
5036,0.659095391,0.522391711,0.551287593,0.841323442
5037,0.659058005,0.522530401,0.551278967,0.841255315
5038,0.659047796,0.522345435,0.550824006,0.84038901
5039,0.659017226,0.522481638,0.550867537,0.841325391
5040,0.659035852,0.522225252,0.550351997,0.840473921
5041,0.658975812,0.522389432,0.550063021,0.840231509
5042,0.658966839,0.52214453,0.550050195,0.840317807
5043,0.658933809,0.522258396,0.549815844,0.840317101
5044,0.658938335,0.522018727,0.549891025,0.840280266
5045,0.658895488,0.522121436,0.549953774,0.840272998
5046,0.658907389,0.521955439,0.550552608,0.84014882
5047,0.658856748,0.522012954,0.550582252,0.840030381
5048,0.658874308,0.52190128,0.551159411,0.839083329
5049,0.658840212,0.521975862,0.551174691,0.838945453
5050,0.658867966,0.521839451,0.551822752,0.837983076
5051,0.658828843,0.521959538,0.551751574,0.837769414
5052,0.658834898,0.521693746,0.551586344,0.837695239
5053,0.658806492,0.52177384,0.551703664,0.836755373
5054,0.65882594,0.521546598,0.551898193,0.83664385
5055,0.658790331,0.521670455,0.551639503,0.836641181
5056,0.658805126,0.521436125,0.551558644,0.836699173
5057,0.658771387,0.521545181,0.551544985,0.836689346
5058,0.658759283,0.521315721,0.551483151,0.837661849
5059,0.658704216,0.521385208,0.551002842,0.83773239
5060,0.65870798,0.521172193,0.550879519,0.838751828
5061,0.658688722,0.521273679,0.551080486,0.839819497
5062,0.658713617,0.521050004,0.551158537,0.840866545
5063,0.65868073,0.521135005,0.551209989,0.841952751
5064,0.658682759,0.521070451,0.551040578,0.842950974
5065,0.658641983,0.521172344,0.551287509,0.843941001
5066,0.658651432,0.52097975,0.550949516,0.844149007
5067,0.658626679,0.521062569,0.551363427,0.844967577
5068,0.658648896,0.520915648,0.551204902,0.84501995
5069,0.65862229,0.52100239,0.551450828,0.844804515
5070,0.658657219,0.520763272,0.551917666,0.844903159
5071,0.658657078,0.520872971,0.552189672,0.844942307
5072,0.658672584,0.520628834,0.552023912,0.844959405
5073,0.658634269,0.52074928,0.551873058,0.845008095
5074,0.658641445,0.520484166,0.551902415,0.845091493
5075,0.658604184,0.520607913,0.551514468,0.8451381
5076,0.658628859,0.520382812,0.551645988,0.846121098
5077,0.658617828,0.520502887,0.551773231,0.846215118
5078,0.658638065,0.520273387,0.55184731,0.847188651
5079,0.658587186,0.520370261,0.551958897,0.847318263
5080,0.65863446,0.520115627,0.552047009,0.847324679
5081,0.658584869,0.520282163,0.552126634,0.847310919
5082,0.658607325,0.519809273,0.552069837,0.847325584
5083,0.658559176,0.519944627,0.552350887,0.847410874
5084,0.65853557,0.519704779,0.551830536,0.84842796
5085,0.658495025,0.519844051,0.552104445,0.84849714
5086,0.658478153,0.519660765,0.551540326,0.849470902
5087,0.658431134,0.519760917,0.551672941,0.849439821
5088,0.658449696,0.519485529,0.551439031,0.848541231
5089,0.658446765,0.51962105,0.551680217,0.848316272
5090,0.658456377,0.519383712,0.551401666,0.847380047
5091,0.658430932,0.519486592,0.551270829,0.847215871
5092,0.658435629,0.519340399,0.551676466,0.84722693
5093,0.658404203,0.519458278,0.551389256,0.847214943
5094,0.658450489,0.519328828,0.551798209,0.847221961
5095,0.65843368,0.519412957,0.552222466,0.847168724
5096,0.658446637,0.519317458,0.552078019,0.847190235
5097,0.658445972,0.519423336,0.5524743,0.847185546
5098,0.658467432,0.519278395,0.552349031,0.84722598
5099,0.658488974,0.519360452,0.552461718,0.847468888
5100,0.658494629,0.519246073,0.552083408,0.848424607
5101,0.658471372,0.519352947,0.55168931,0.84859583
5102,0.658511987,0.519194726,0.551769774,0.848603871
5103,0.658490818,0.519293203,0.551232358,0.848476461
5104,0.658523374,0.519178965,0.551240298,0.84748144
5105,0.6585184,0.519298683,0.551697229,0.847442689
5106,0.658552527,0.519166147,0.551837795,0.847405197
5107,0.658549874,0.519291398,0.551689481,0.847462894
5108,0.658556874,0.519188823,0.551666363,0.848358228
5109,0.658523467,0.519296148,0.552308563,0.848525842
5110,0.65853332,0.519163006,0.552296281,0.84838706
5111,0.658510293,0.519267891,0.551962886,0.848582766
5112,0.658537455,0.519164682,0.551834336,0.848538396
5113,0.658532726,0.519293067,0.551952023,0.848551955
5114,0.658578626,0.519170367,0.551865141,0.848524123
5115,0.658589899,0.519305478,0.551764735,0.848533272
5116,0.658635985,0.519121371,0.551407011,0.848566556
5117,0.658616742,0.519275807,0.551066469,0.848555208
5118,0.658664585,0.519192594,0.551057146,0.848557816
5119,0.658658757,0.519330827,0.550604672,0.848579842
5120,0.658703855,0.519185213,0.550548165,0.848577325
5121,0.658709508,0.519305269,0.550190799,0.848604186
5122,0.658757528,0.519205412,0.550151469,0.848614658
5123,0.658769412,0.519293042,0.550124883,0.848685121
5124,0.658794384,0.519205279,0.550118679,0.84965897
5125,0.658771716,0.519327037,0.549535157,0.84967681
5126,0.658820091,0.519185231,0.549738308,0.850619021
5127,0.658816355,0.519306448,0.549616806,0.851081169
5128,0.658854147,0.519175688,0.549655066,0.85204
5129,0.658786926,0.519316285,0.549014772,0.851972585
5130,0.65881097,0.519157553,0.548887926,0.852911332
5131,0.658770704,0.51931262,0.548843361,0.8530038
5132,0.658808925,0.519148581,0.548662867,0.853954273
5133,0.658790358,0.519289997,0.54847829,0.854085555
5134,0.658815672,0.519099962,0.548302933,0.855050028
5135,0.658778183,0.519199588,0.548009057,0.855213645
5136,0.658791385,0.5190172,0.547992087,0.856207841
5137,0.658761736,0.519138242,0.547725359,0.857218588
5138,0.658802227,0.519010707,0.547736992,0.857278832
5139,0.65876446,0.519138579,0.54757877,0.8580786
5140,0.658774603,0.518998209,0.547279741,0.857170501
5141,0.658743615,0.519080555,0.547169772,0.857941452
5142,0.658789112,0.51900005,0.546903493,0.857113524
5143,0.658752567,0.519127181,0.546920924,0.857956757
5144,0.658800168,0.518991453,0.547288261,0.857083168
5145,0.658772851,0.519085753,0.547077526,0.857760694
5146,0.658822508,0.518946124,0.547417531,0.856866168
5147,0.658807035,0.519093477,0.547466448,0.856638654
5148,0.658814001,0.518968834,0.547518428,0.855756825
5149,0.658813647,0.519088222,0.547937142,0.85549047
5150,0.658851889,0.518951362,0.548217561,0.855507721
5151,0.658839715,0.519096365,0.548036881,0.855437226
5152,0.65885897,0.518982445,0.547990844,0.855450227
5153,0.658838623,0.519102388,0.547558445,0.855336199
5154,0.658882077,0.518952358,0.547420546,0.854374777
5155,0.658855236,0.519086963,0.547183935,0.854102098
5156,0.658883466,0.518936847,0.54712234,0.853126765
5157,0.658867217,0.519065774,0.547231441,0.852976255
5158,0.658884193,0.518896484,0.547543112,0.851061886
5159,0.658821395,0.519030695,0.546942507,0.850799614
5160,0.658834296,0.518871447,0.547361868,0.849838112
5161,0.658823216,0.518961859,0.547336662,0.849880602
5162,0.658872849,0.518827353,0.548041208,0.84988705
5163,0.65882901,0.518933378,0.547893728,0.849888787
5164,0.658841065,0.518813046,0.547877174,0.849858345
5165,0.658786121,0.518879528,0.547791199,0.849819833
5166,0.658833614,0.518778886,0.547463871,0.849815745
5167,0.658824887,0.518824958,0.547507149,0.849796463
5168,0.658838312,0.518731284,0.547880964,0.849785536
5169,0.658822153,0.518762328,0.547838471,0.849855094
5170,0.658849202,0.518723031,0.548252236,0.848906424
5171,0.658791976,0.518750744,0.548167373,0.848606264
5172,0.65882676,0.518697534,0.547931275,0.847637531
5173,0.658818144,0.518760063,0.548002902,0.847611609
5174,0.658857251,0.518710155,0.54835491,0.846638269
5175,0.65885533,0.518776096,0.548578818,0.846618208
5176,0.658894297,0.51871692,0.548668645,0.846620918
5177,0.658871957,0.518758257,0.548455699,0.846563727
5178,0.658896659,0.518735052,0.549081711,0.846603023
5179,0.658865826,0.518786975,0.549122355,0.846282831
5180,0.658892646,0.518730851,0.549466547,0.844394172
5181,0.658883914,0.518769461,0.549707081,0.844028778
5182,0.65890361,0.51874464,0.549735021,0.844037814
5183,0.658911559,0.518811998,0.549784151,0.844051358
5184,0.658936742,0.518755805,0.549482439,0.844060032
5185,0.658943075,0.518835172,0.549531989,0.844086477
5186,0.658978737,0.518749059,0.54951797,0.844183005
5187,0.658975297,0.518809753,0.549768429,0.845204301
5188,0.658990445,0.518710344,0.549836698,0.845240995
5189,0.658951971,0.518787199,0.549779387,0.845231396
5190,0.658980361,0.518670306,0.549416195,0.84428621
5191,0.658975286,0.518715414,0.549492927,0.84427393
5192,0.658988331,0.518591847,0.549780561,0.844303042
5193,0.658968348,0.518642204,0.549930549,0.84424642
5194,0.658959244,0.518497064,0.549496673,0.844185731
5195,0.658947871,0.518533917,0.549630271,0.844354766
5196,0.658975073,0.518459033,0.55003067,0.845248308
5197,0.658961019,0.51852315,0.550049362,0.844328715
5198,0.658999449,0.518465855,0.550025794,0.844269115
5199,0.658998016,0.518511583,0.550110572,0.843315675
5200,0.65903344,0.518398628,0.549997136,0.843210263
5201,0.659035214,0.518446192,0.550141697,0.842264366
5202,0.659043422,0.518382796,0.549971469,0.842142094
5203,0.659045447,0.518477197,0.549972184,0.841168057
5204,0.659049452,0.518406543,0.549729307,0.840966139
5205,0.659042776,0.518484498,0.550114549,0.840005643
5206,0.659061346,0.518430014,0.54990005,0.840049122
5207,0.659046774,0.518482614,0.550063536,0.841049698
5208,0.659058375,0.518425985,0.550088774,0.840980044
5209,0.659049952,0.518477958,0.550173279,0.840063593
5210,0.659082803,0.518368219,0.550339361,0.839898127
5211,0.659073238,0.518428733,0.550842064,0.839962599
5212,0.659085101,0.518337996,0.550918369,0.839934166
5213,0.65907742,0.518421459,0.551238666,0.839967522
5214,0.65908484,0.518292492,0.551036729,0.839864191
5215,0.659068614,0.518399825,0.55129796,0.838932572
5216,0.659099171,0.518301283,0.550935306,0.838813985
5217,0.659071641,0.518393296,0.551135467,0.837863231
5218,0.659103195,0.518234143,0.550982734,0.83774285
5219,0.659072982,0.518376324,0.550944361,0.837793819
5220,0.659126214,0.518181478,0.550721474,0.837843009
5221,0.659084042,0.518292374,0.550656067,0.837844437
5222,0.659143481,0.518093721,0.550726451,0.837870224
5223,0.659127721,0.518214593,0.550794255,0.837873778
5224,0.659124514,0.517896043,0.550832489,0.837751403
5225,0.659092014,0.517982041,0.550858087,0.836800899
5226,0.659112974,0.51765671,0.551150852,0.836819261
5227,0.659071463,0.517771131,0.551479398,0.836794579
5228,0.659067773,0.517552113,0.551674338,0.836715139
5229,0.659041993,0.517669185,0.55203134,0.83672645
5230,0.659081578,0.517343586,0.551808134,0.836724898
5231,0.659050443,0.517541227,0.551760435,0.83674687
5232,0.659105147,0.517228028,0.551678336,0.836743426
5233,0.659067915,0.51737601,0.551451375,0.83676756
5234,0.659101343,0.517075301,0.551224691,0.836749112
5235,0.659065263,0.517225472,0.55153592,0.836754201
5236,0.659080771,0.517023084,0.551832916,0.83673492
5237,0.659079933,0.517161852,0.551683465,0.836830608
5238,0.659126038,0.517024602,0.551568426,0.837750689
5239,0.659146855,0.517170804,0.551860016,0.838063908
5240,0.659168268,0.517028979,0.551874745,0.838829642
5241,0.659140562,0.517183135,0.551885445,0.837922411
5242,0.659176172,0.517013301,0.551874912,0.838832101
5243,0.659152819,0.517190618,0.551840658,0.837930666
5244,0.659207821,0.517001213,0.551713172,0.83883993
5245,0.65918349,0.517179993,0.551429777,0.837960186
5246,0.659244091,0.516935555,0.551774353,0.837869793
5247,0.659219095,0.517078284,0.551568024,0.83693939
5248,0.659264193,0.516785995,0.551797588,0.836852289
5249,0.659231587,0.51696092,0.551439568,0.835929302
5250,0.659280838,0.516675894,0.552028593,0.835754218
5251,0.659239656,0.516860889,0.551512739,0.834918876
5252,0.659300829,0.516570443,0.551832775,0.835004525
5253,0.659272116,0.516710588,0.551688482,0.834064288
5254,0.659318677,0.51641592,0.551277958,0.833878214
5255,0.659299838,0.516590855,0.55095469,0.83400689
5256,0.659341168,0.516294689,0.550764734,0.834949407
5257,0.659297339,0.516489693,0.550415662,0.83499179
5258,0.659382301,0.516270953,0.551107679,0.834960576
5259,0.659333835,0.516421113,0.551051071,0.835853422
5260,0.659371472,0.516106015,0.551400785,0.836235686
5261,0.659348563,0.516234842,0.55149875,0.837166349
5262,0.659393022,0.515859335,0.55133186,0.837364905
5263,0.659354228,0.516011253,0.551306779,0.838268341
5264,0.659426149,0.515712618,0.551392739,0.838461015
5265,0.659358951,0.515870914,0.551115841,0.83930408
5266,0.659406806,0.515480742,0.551428761,0.837506637
5267,0.659365664,0.515693637,0.551000408,0.83831233
5268,0.659415056,0.515317965,0.551043383,0.836425382
5269,0.659377769,0.515519471,0.550429861,0.836330402
5270,0.659404794,0.515210318,0.550592628,0.835469219
5271,0.659345906,0.515391026,0.550547767,0.835221466
5272,0.659406755,0.515010324,0.550711959,0.834531358
5273,0.659363811,0.515154894,0.551203901,0.835366726
5274,0.659380801,0.514839187,0.551182725,0.835473671
5275,0.659344533,0.515012867,0.551383298,0.835314191
5276,0.659360664,0.514707161,0.551209853,0.834453964
5277,0.65934705,0.514909526,0.552096235,0.834272808
5278,0.659427973,0.514621881,0.552007316,0.834323686
5279,0.659381432,0.514808297,0.552695439,0.834226538
5280,0.659405021,0.514508564,0.552813306,0.834248675
5281,0.659354512,0.514681224,0.552144259,0.834160884
5282,0.65941309,0.514395788,0.551855655,0.833278725
5283,0.659383414,0.514571697,0.551575249,0.834085541
5284,0.659441473,0.514309972,0.551242651,0.834217872
5285,0.659411976,0.514465253,0.550702525,0.834123525
5286,0.659448592,0.514281718,0.550482264,0.834132698
5287,0.659401044,0.514415297,0.549928774,0.834088195
5288,0.659429883,0.514181402,0.549731923,0.834062537
5289,0.659402148,0.51431061,0.549437772,0.834174886
5290,0.659438003,0.514125935,0.549205377,0.835135948
5291,0.659428951,0.514278471,0.548870903,0.835204401
5292,0.659463268,0.514051697,0.548825876,0.835207917
5293,0.659427422,0.51416282,0.548881183,0.835204941
5294,0.659470618,0.513959395,0.548904665,0.835230742
5295,0.659437723,0.514129622,0.548955523,0.835232979
5296,0.659480036,0.513883794,0.548784893,0.835122405
5297,0.659444276,0.514066747,0.548961193,0.835088903
5298,0.65950782,0.513932395,0.548915152,0.835107213
5299,0.659491074,0.514126827,0.549068106,0.835117774
5300,0.659528432,0.51396598,0.548934062,0.835094722
5301,0.659491487,0.514142036,0.54841112,0.835086272
5302,0.659517061,0.513976877,0.548123583,0.835073598
5303,0.65948693,0.514133527,0.547798377,0.835025479
5304,0.659545253,0.514023045,0.547670045,0.835028583
5305,0.659541651,0.514142457,0.547516722,0.835018451
5306,0.65957827,0.513979613,0.547651378,0.835078017
5307,0.659537548,0.514119437,0.547928007,0.835054051
5308,0.659594501,0.513927332,0.547883282,0.835066636
5309,0.659555073,0.514140024,0.547740892,0.835041717
5310,0.6596057,0.513951885,0.547961741,0.83504165
5311,0.659555396,0.514117908,0.547742589,0.835082695
5312,0.659581196,0.51388232,0.547544611,0.83486183
5313,0.659547289,0.514039589,0.54735767,0.833919475
5314,0.659606828,0.513875782,0.547361629,0.833858574
5315,0.659584484,0.514026256,0.54733186,0.833058621
5316,0.659614795,0.513835765,0.547604758,0.832983055
5317,0.65960261,0.51392919,0.547794611,0.833096254
5318,0.659615565,0.513683542,0.547386084,0.834048622
5319,0.659586479,0.513824164,0.547217292,0.833252415
5320,0.659616854,0.513514468,0.547017926,0.834154402
5321,0.659587008,0.513652364,0.547150882,0.833272502
5322,0.659644923,0.513238353,0.547388941,0.833223606
5323,0.659611462,0.513359214,0.547662776,0.833238874
5324,0.659615294,0.513060659,0.547269333,0.833155952
5325,0.659548622,0.513223696,0.547163656,0.833184468
5326,0.659588194,0.513023684,0.547162441,0.83316249
5327,0.659569669,0.513152188,0.547228696,0.833424114
5328,0.659600076,0.512908716,0.546923623,0.835266248
5329,0.659545934,0.513055457,0.547122536,0.835550567
5330,0.65959933,0.512748717,0.546343851,0.8355474
5331,0.659571022,0.512898681,0.546653196,0.835617631
5332,0.659612418,0.51252961,0.546642184,0.835624192
5333,0.659567951,0.512686619,0.546648519,0.835651732
5334,0.659605202,0.512280728,0.546597621,0.835598782
5335,0.659578253,0.512437783,0.546649894,0.83555579
5336,0.659611789,0.512206184,0.546540021,0.835551653
5337,0.659558906,0.512331174,0.546723033,0.835423737
5338,0.659567685,0.512081452,0.546637692,0.836307148
5339,0.659515383,0.512193051,0.546626919,0.836357701
5340,0.659527491,0.51193711,0.546465981,0.837272757
5341,0.659469158,0.512024747,0.546455576,0.83744249
5342,0.659501975,0.511727398,0.546100692,0.837476447
5343,0.659449575,0.511840401,0.546135639,0.837492678
5344,0.659474847,0.511325088,0.545757752,0.837505634
5345,0.6594284,0.511444833,0.54531784,0.837513282
5346,0.659430183,0.511029888,0.544804591,0.837593065
5347,0.659392422,0.511187084,0.544814263,0.838582419
5348,0.659407674,0.510824792,0.54450951,0.838695862
5349,0.659350245,0.510917231,0.544243932,0.837729193
5350,0.659376933,0.510701838,0.544463345,0.837496543
5351,0.659342192,0.51082017,0.544037061,0.835578784
5352,0.659347314,0.510612914,0.544022115,0.835456605
5353,0.659306982,0.510727445,0.543861719,0.833527981
5354,0.659337482,0.510466196,0.544061826,0.833302746
5355,0.659321289,0.510586368,0.543344528,0.83141059
5356,0.659348482,0.510422617,0.54321409,0.831266216
5357,0.659269879,0.510533385,0.542978494,0.831105804
5358,0.659296595,0.510443864,0.542641538,0.830187437
5359,0.659266299,0.510529221,0.542645223,0.830107909
5360,0.659285772,0.510340361,0.542522861,0.829319667
5361,0.659250145,0.510431572,0.542754206,0.830086932
5362,0.65927337,0.510279391,0.542825431,0.82925709
5363,0.65922386,0.51035735,0.542234415,0.830072179
5364,0.659256403,0.510274445,0.542374146,0.830315271
5365,0.659204273,0.510409134,0.541822831,0.831120076
5366,0.659224135,0.510188913,0.541971427,0.831374493
5367,0.659199573,0.510304868,0.541786478,0.832347566
5368,0.659225164,0.510118854,0.541798803,0.83248784
5369,0.659191754,0.510257432,0.542100685,0.833399562
5370,0.659220073,0.510082936,0.541882229,0.833667603
5371,0.659178208,0.510209882,0.542255162,0.834564086
5372,0.659223498,0.510108833,0.541874987,0.834923946
5373,0.659189396,0.510233599,0.54212096,0.835790458
5374,0.659218714,0.510119736,0.541605623,0.83505364
5375,0.659187658,0.51022791,0.541437587,0.835812385
5376,0.659220626,0.510126904,0.541280221,0.835979932
5377,0.659208515,0.510242672,0.541668661,0.835898546
5378,0.659223664,0.51012156,0.541626315,0.835996306
5379,0.659203088,0.510282364,0.541621295,0.835780258
5380,0.659223459,0.510183832,0.541577385,0.834866742
5381,0.659201046,0.510291371,0.541754841,0.834584452
5382,0.659222443,0.510186449,0.541719551,0.834611519
5383,0.659210311,0.510345414,0.541720003,0.834398923
5384,0.659250688,0.510237592,0.542080115,0.834443879
5385,0.659234743,0.510347348,0.541917855,0.834249332
5386,0.659298936,0.510256082,0.542380553,0.833318291
5387,0.659326581,0.510399537,0.542820365,0.833259838
5388,0.659367798,0.510372541,0.542861347,0.832323922
5389,0.659349272,0.510450355,0.54321565,0.832190561
5390,0.659347741,0.510357356,0.542752797,0.832030593
5391,0.65932284,0.510436175,0.542995813,0.830998671
5392,0.659342349,0.510366068,0.542620404,0.829843352
5393,0.659323655,0.510467256,0.542324642,0.829829028
5394,0.659333726,0.510386942,0.542201918,0.829808188
5395,0.659302997,0.510447597,0.541924548,0.829883539
5396,0.65932135,0.510360741,0.541780325,0.829870018
5397,0.659264909,0.510488449,0.541701735,0.829962907
5398,0.659282785,0.510401031,0.541996882,0.82994908
5399,0.659279599,0.510493999,0.542146207,0.829943187
5400,0.659292557,0.510424644,0.541768207,0.829932453
5401,0.659285431,0.510515431,0.541902702,0.829936547
5402,0.659307406,0.51042665,0.54188948,0.829765808
5403,0.659288994,0.510508144,0.542090009,0.8296916
5404,0.659335393,0.510431293,0.542003013,0.829676392
5405,0.659312,0.510473366,0.541869716,0.829690227
5406,0.659336987,0.510436897,0.541686975,0.82965443
5407,0.659327394,0.510503073,0.541522772,0.829665606
5408,0.6593106,0.510430916,0.541506738,0.829645164
5409,0.659301554,0.510508905,0.541485974,0.829660391
5410,0.659314028,0.510455101,0.541445204,0.82963262
5411,0.659303172,0.510520789,0.541220648,0.829650447
5412,0.6593376,0.510460195,0.541602539,0.829602727
5413,0.659324019,0.510465958,0.541658545,0.829539526
5414,0.659339162,0.510428582,0.541672186,0.829491335
5415,0.659330976,0.510463034,0.541812603,0.829478239
5416,0.659362719,0.510431554,0.541936574,0.82943611
5417,0.659356599,0.510448673,0.541932096,0.829454851
5418,0.659339768,0.510382485,0.541387364,0.829457602
5419,0.659334594,0.510414652,0.541733958,0.829393094
5420,0.659366429,0.510347166,0.541470834,0.828446465
5421,0.659374404,0.510409461,0.541586867,0.828474976
5422,0.659387664,0.510352458,0.541207041,0.82757706
5423,0.659401331,0.510427774,0.541533861,0.827547415
5424,0.659419864,0.510362825,0.541748259,0.82660718
5425,0.659398858,0.510358903,0.541908948,0.826410243
5426,0.659421489,0.510283945,0.542181341,0.826491315
5427,0.659409025,0.510311565,0.54251553,0.827413682
5428,0.659433553,0.510255602,0.542385015,0.827543322
5429,0.659423,0.510288211,0.542014958,0.828456816
5430,0.659431018,0.510237694,0.541798425,0.82862206
5431,0.659400034,0.510273501,0.541304781,0.828635598
5432,0.6593968,0.510235863,0.541162964,0.828533844
5433,0.659391767,0.510248212,0.541299136,0.828596088
5434,0.659403327,0.510169156,0.541514527,0.828587545
5435,0.659382526,0.510173306,0.541816693,0.828610383
5436,0.659410176,0.510145066,0.54156039,0.828565378
5437,0.659404329,0.510122648,0.541963686,0.828599946
5438,0.659450184,0.510075737,0.542180053,0.828658975
5439,0.659446333,0.510125686,0.542235683,0.829633676
5440,0.659449152,0.510071335,0.542343835,0.829625348
5441,0.659452825,0.510083771,0.542250089,0.829661192
5442,0.659470785,0.510051124,0.542433952,0.829767897
5443,0.659445262,0.510026526,0.542202192,0.829784841
5444,0.659429625,0.509990176,0.542481413,0.829771212
5445,0.659423609,0.509977989,0.542073944,0.829879197
5446,0.659460405,0.510012797,0.542161423,0.830832416
5447,0.659448666,0.510006572,0.541870404,0.830930668
5448,0.65945698,0.509965473,0.542117248,0.830867954
5449,0.659450677,0.509974168,0.541724097,0.830008076
5450,0.659455981,0.509993499,0.541901913,0.829895067
5451,0.65946197,0.510031246,0.541713221,0.828945244
5452,0.659459938,0.510020232,0.542131437,0.828814738
5453,0.659457588,0.510047243,0.541423396,0.827912799
5454,0.659452543,0.510031158,0.541453568,0.828825812
5455,0.659434087,0.510066401,0.540689948,0.828895458
5456,0.659435829,0.510047063,0.540741098,0.828873112
5457,0.659453604,0.510029983,0.540164926,0.828902156
5458,0.659442156,0.510001434,0.540536865,0.828830156
5459,0.659430508,0.509999909,0.539896434,0.827891946
5460,0.659432541,0.510017591,0.540256259,0.827783605
5461,0.659405216,0.509971005,0.539728431,0.827923256
5462,0.65939277,0.509972327,0.539721503,0.8278272
5463,0.659382571,0.509946415,0.539398161,0.828000506
5464,0.659371735,0.509993142,0.539016395,0.827910809
5465,0.65936428,0.509979551,0.539014583,0.827988591
5466,0.659361758,0.510014468,0.538529034,0.827892415
5467,0.659360514,0.50995481,0.538163776,0.827964773
5468,0.659337467,0.510047798,0.537692501,0.827883887
5469,0.659352537,0.509998949,0.537888185,0.8279798
5470,0.659340103,0.510058882,0.53840667,0.827981182
5471,0.659342756,0.510015478,0.538334514,0.827991296
5472,0.659297471,0.510062025,0.538295446,0.828939913
5473,0.659295841,0.509995506,0.538251808,0.829079308
5474,0.659287319,0.51009618,0.538294315,0.82907903
5475,0.659304695,0.510067271,0.538438299,0.82912291
5476,0.659279587,0.510145678,0.538603404,0.829178195
5477,0.659287971,0.510156329,0.538763064,0.830100537
5478,0.659249215,0.51024026,0.538839407,0.830169437
5479,0.659251824,0.510193114,0.539252819,0.831147162
5480,0.659214974,0.510289947,0.53948089,0.830929269
5481,0.659211399,0.510266673,0.539430421,0.831901823
5482,0.659201537,0.510313927,0.539066099,0.831952568
5483,0.659218639,0.51027275,0.539382595,0.832937761
5484,0.659222209,0.51032545,0.539079023,0.833037312
5485,0.659247817,0.510293649,0.538774045,0.833066652
5486,0.659239254,0.510393112,0.538403888,0.833061905
5487,0.659248782,0.510341993,0.53860742,0.833078646
5488,0.659228533,0.510399347,0.538540925,0.833069166
5489,0.659245987,0.510361549,0.538692932,0.833098733
5490,0.659240459,0.510464793,0.538200222,0.833068286
5491,0.659246956,0.510429416,0.538302626,0.833081438
5492,0.659274302,0.510486649,0.538025278,0.833057332
5493,0.659287694,0.510415035,0.538015804,0.833056139
5494,0.659313403,0.510492975,0.537794087,0.833017684
5495,0.659308225,0.51048496,0.537282028,0.833003562
5496,0.659311929,0.510547604,0.537116507,0.833101984
5497,0.659316922,0.510495489,0.536648107,0.833177989
5498,0.659292845,0.51054271,0.536570538,0.834225871
5499,0.659298104,0.510474708,0.536249606,0.835356701
5500,0.659276495,0.510562508,0.536103958,0.83637522
5501,0.659281774,0.510553227,0.536088428,0.837314427
5502,0.659251402,0.510631869,0.536233299,0.838397265
5503,0.659238293,0.51057702,0.536160295,0.839436335
5504,0.659227838,0.510675149,0.536394217,0.840573551
5505,0.659240163,0.510660312,0.536450975,0.840746956
5506,0.659232138,0.510818461,0.536337395,0.841708346
5507,0.659227404,0.51077032,0.535848214,0.841856599
5508,0.659213077,0.510855,0.535739152,0.842817584
5509,0.659206473,0.510796646,0.535500921,0.84297578
5510,0.659208029,0.510914342,0.535276136,0.842993168
5511,0.659197419,0.51085259,0.535516599,0.842948865
5512,0.659156047,0.510946339,0.535399784,0.842921518
5513,0.659189647,0.510880038,0.535893222,0.842865348
5514,0.659178671,0.510922153,0.536179385,0.842857054
5515,0.659215175,0.510858266,0.535658134,0.84306359
5516,0.659203551,0.510926438,0.535608606,0.843022353
5517,0.659208255,0.510923852,0.535032535,0.843048187
5518,0.659208772,0.511004711,0.535214467,0.843035254
5519,0.659240679,0.510946089,0.535373468,0.843217374
5520,0.659240756,0.51099015,0.535711809,0.844161249
5521,0.659246318,0.510959039,0.535633851,0.844353853
5522,0.659231426,0.51101044,0.535342642,0.845297458
5523,0.659249655,0.510970155,0.535123459,0.845433381
5524,0.65924132,0.511011979,0.534882982,0.846359224
5525,0.659261777,0.510995499,0.534752432,0.84646622
5526,0.659255199,0.511020417,0.534987818,0.847359974
5527,0.659282975,0.510977308,0.534826024,0.847686073
5528,0.65926826,0.511030288,0.534862858,0.848549296
5529,0.659297535,0.511001818,0.5347985,0.848802243
5530,0.659276067,0.511057588,0.534944529,0.849383462
5531,0.659279916,0.511039234,0.534775081,0.847653456
5532,0.659261935,0.51110069,0.534887971,0.847197571
5533,0.659295872,0.51111542,0.534467176,0.846320742
5534,0.659297764,0.511166147,0.534713958,0.847210764
5535,0.659301683,0.511111712,0.534246956,0.846308196
5536,0.659277428,0.511162535,0.534387166,0.847140136
5537,0.659305799,0.511097604,0.53431015,0.846266128
5538,0.659306067,0.511144558,0.534475988,0.846910169
5539,0.659333589,0.511072,0.534866895,0.845056329
5540,0.659312758,0.511173051,0.535241399,0.845756268
5541,0.659338652,0.511089558,0.535688406,0.845048663
5542,0.659334172,0.511174674,0.535466312,0.844887965
5543,0.659346861,0.511172716,0.53592179,0.844935921
5544,0.659339292,0.511251871,0.535546544,0.844758053
5545,0.659343537,0.511205929,0.53575819,0.844808462
5546,0.659331124,0.511284144,0.535436167,0.844854108
5547,0.659340027,0.511282598,0.535465547,0.845004872
5548,0.659328716,0.511362729,0.535225531,0.845885247
5549,0.659329813,0.511332253,0.534989247,0.846057424
5550,0.659291378,0.511368368,0.534841783,0.846815295
5551,0.659285793,0.511331392,0.534730462,0.847058939
5552,0.659288193,0.511382307,0.534961972,0.847047964
5553,0.659284414,0.51139155,0.534855228,0.84801633
5554,0.659246854,0.511428874,0.534608055,0.848082769
5555,0.659280275,0.511382234,0.534550836,0.848115005
5556,0.659274642,0.511401462,0.534177883,0.848110645
5557,0.659282803,0.511342216,0.534336522,0.848327434
5558,0.659295555,0.51135207,0.534134965,0.848203671
5559,0.659302237,0.511374421,0.53451548,0.848262569
5560,0.659297859,0.51137971,0.534313387,0.848209944
5561,0.659279735,0.51138403,0.5338505,0.848235187
5562,0.659251768,0.511389042,0.534092911,0.848237876
5563,0.659247811,0.51136625,0.533552024,0.848182685
5564,0.659236141,0.511406891,0.533278803,0.848117125
5565,0.659239908,0.511325791,0.53322841,0.848206881
5566,0.659243229,0.511380996,0.533155078,0.848050863
5567,0.659236562,0.511320258,0.532995131,0.848173335
5568,0.659223942,0.511351499,0.532926288,0.848083179
5569,0.659232524,0.511285431,0.532927784,0.848311743
5570,0.659225437,0.511305751,0.532849443,0.848258706
5571,0.659197727,0.511232509,0.532384537,0.848179199
5572,0.659177933,0.511293223,0.532427137,0.848165282
5573,0.65920129,0.511229567,0.53237389,0.848192899
5574,0.659202001,0.511250179,0.53219697,0.848117972
5575,0.659206828,0.511207212,0.532658947,0.848208942
5576,0.659188208,0.511228522,0.532536205,0.848111959
5577,0.659174986,0.511169122,0.532583739,0.848207163
5578,0.659170083,0.511209571,0.531947713,0.848136339
5579,0.659164681,0.511183666,0.532026112,0.848169498
5580,0.65914929,0.511230905,0.531365472,0.848112872
5581,0.659149126,0.511165795,0.531433864,0.848153733
5582,0.659143192,0.511202513,0.531009254,0.848084636
5583,0.659111037,0.511153795,0.53075435,0.848102663
5584,0.659104457,0.511172057,0.53060455,0.848083446
5585,0.659100966,0.511119939,0.5303307,0.848142124
5586,0.659088561,0.511153181,0.530233786,0.848093951
5587,0.659088431,0.511142333,0.530116546,0.848264135
5588,0.659087827,0.511156998,0.530067864,0.849111676
5589,0.659076943,0.511123433,0.529228198,0.849365066
5590,0.659083896,0.511165975,0.528982885,0.850298202
5591,0.659076048,0.511116294,0.528929894,0.850462309
5592,0.659072656,0.511120931,0.528972538,0.850452029
5593,0.659063743,0.511027576,0.529247973,0.85046425
5594,0.659013743,0.511053547,0.528975788,0.850452071
5595,0.658991116,0.510984958,0.529200122,0.850498508
5596,0.658965833,0.511014614,0.52929781,0.850485802
5597,0.658962353,0.510939102,0.529205765,0.850632794
5598,0.658921652,0.511016178,0.52893213,0.85138621
5599,0.658919158,0.51099031,0.528602886,0.851523264
5600,0.658873225,0.511014187,0.528440826,0.851328555
5601,0.658866576,0.510979384,0.529273489,0.851405249
5602,0.658840134,0.511031027,0.529076918,0.851356629
5603,0.658840998,0.510986459,0.529415889,0.851586577
5604,0.658825491,0.511041903,0.529439069,0.852477152
5605,0.658835232,0.510961204,0.529672376,0.852601125
5606,0.658814888,0.511011178,0.529585617,0.852498985
5607,0.65882752,0.510937472,0.529027344,0.852490958
5608,0.65883573,0.510993173,0.529047097,0.852414609
5609,0.65886327,0.510948792,0.528001421,0.851431875
5610,0.658872756,0.51102781,0.528184723,0.851450837
5611,0.658894969,0.510973203,0.528067174,0.850516393
5612,0.658867843,0.511019513,0.528333799,0.850444194
5613,0.658848013,0.510930621,0.527461583,0.850454781
5614,0.658815186,0.511000796,0.527485805,0.850384706
5615,0.658819622,0.510917155,0.527674854,0.849436576
5616,0.658792621,0.511015258,0.527637254,0.849250901
5617,0.658807116,0.510898857,0.528127014,0.84831915
5618,0.658770574,0.510993939,0.527977556,0.848068414
5619,0.658763412,0.510909844,0.528417291,0.848061111
5620,0.658718994,0.511008059,0.528230821,0.847970005
5621,0.658721657,0.510937551,0.528692524,0.847968762
5622,0.658687293,0.511008758,0.528686155,0.847957796
5623,0.658671991,0.510962371,0.528346412,0.8479307
5624,0.658665497,0.511081441,0.528470592,0.847903759
5625,0.658681445,0.510972875,0.528912321,0.847954819
5626,0.65863086,0.511140811,0.528865442,0.847952646
5627,0.65863968,0.511028257,0.528554233,0.847945532
5628,0.658611023,0.511185534,0.528327529,0.847953919
5629,0.658650826,0.511084786,0.52901936,0.848024401
5630,0.65862213,0.511208085,0.528824901,0.847949715
5631,0.658656343,0.51111173,0.529220315,0.847954446
5632,0.658618536,0.511225434,0.528829512,0.847920675
5633,0.65863355,0.511139524,0.529213883,0.847896882
5634,0.658614684,0.511224679,0.528886668,0.847928926
5635,0.65862784,0.511164914,0.528835071,0.847858595
5636,0.658636717,0.511228719,0.528925948,0.846912395
5637,0.65865558,0.511226572,0.529037057,0.846869614
5638,0.658652354,0.511272281,0.528945041,0.846900314
5639,0.658660378,0.51122064,0.528970041,0.847047182
5640,0.658684951,0.511275474,0.529224547,0.848046758
5641,0.658683514,0.511222594,0.529408977,0.848221368
5642,0.658676118,0.511294991,0.529551364,0.849188928
5643,0.658682708,0.511217586,0.52950842,0.849259397
5644,0.658639848,0.51130037,0.529453186,0.849160652
5645,0.658636836,0.511226884,0.529348366,0.849435868
5646,0.658598844,0.511337562,0.529245775,0.849348184
5647,0.65859714,0.511240851,0.529034428,0.849453571
5648,0.658606718,0.511365643,0.529360714,0.849431547
5649,0.658631358,0.511294347,0.529181862,0.849507029
5650,0.658595699,0.511401604,0.528456268,0.848563128
5651,0.65862532,0.511299116,0.528356883,0.848366637
5652,0.658620952,0.511429671,0.528147906,0.847424713
5653,0.658654512,0.511334667,0.528475021,0.847470237
5654,0.658631852,0.511451758,0.528581365,0.847486358
5655,0.658630862,0.511347025,0.528662681,0.847684017
5656,0.658582797,0.51147787,0.528096572,0.848602666
5657,0.65858201,0.511380861,0.527779828,0.84869253
5658,0.658555788,0.511528099,0.527396379,0.850583146
5659,0.658594637,0.511425623,0.528038061,0.850880804
5660,0.658539776,0.511577323,0.527916432,0.851568378
5661,0.658579484,0.511487349,0.527749722,0.850735147
5662,0.658572323,0.51162573,0.528222637,0.850681719
5663,0.658600245,0.511517598,0.527924363,0.849762999
5664,0.658580687,0.511655702,0.528513644,0.849572913
5665,0.658611084,0.511602809,0.528145636,0.848665452
5666,0.658596351,0.511701813,0.528979862,0.848616892
5667,0.658621869,0.511686862,0.528525918,0.848652628
5668,0.658620285,0.511820761,0.528954819,0.848631687
5669,0.658650534,0.511779965,0.528407171,0.848711562
5670,0.658653174,0.511983042,0.528837932,0.849566537
5671,0.65870677,0.511921471,0.528742457,0.848926332
5672,0.658694656,0.512027016,0.529029084,0.84984697
5673,0.658727713,0.511954434,0.529097513,0.84900137
5674,0.658720913,0.51210085,0.529062071,0.849918146
5675,0.658737512,0.512028187,0.529195533,0.848989837
5676,0.658730078,0.512206236,0.529071304,0.848890703
5677,0.65877531,0.512171362,0.529169069,0.847987125
5678,0.658774968,0.512306478,0.529034449,0.847944532
5679,0.658814611,0.512258014,0.528921145,0.847284989
5680,0.658811895,0.512355905,0.529146443,0.849181764
5681,0.658837606,0.512324262,0.528795973,0.848568064
5682,0.658824851,0.512418638,0.529238217,0.848536345
5683,0.658827061,0.512362186,0.529172728,0.848590684
5684,0.65879067,0.512524435,0.528942229,0.848379369
5685,0.658797222,0.512488158,0.52874999,0.847437287
5686,0.658803381,0.512600604,0.528377221,0.84739634
5687,0.658830307,0.512577494,0.528224514,0.84741744
5688,0.658819044,0.512696037,0.528034269,0.847366741
5689,0.658848013,0.512651579,0.528072296,0.847497474
5690,0.658842314,0.512765931,0.528571894,0.848443923
5691,0.658858786,0.512740172,0.528735535,0.848468521
5692,0.658838634,0.512960128,0.528618498,0.848468491
5693,0.658859453,0.51291517,0.528649841,0.848512713
5694,0.658891643,0.513243336,0.52895342,0.848563509
5695,0.65894678,0.513205309,0.529019267,0.848572574
5696,0.658955776,0.513357501,0.529049735,0.848653066
5697,0.658989056,0.513289293,0.528941721,0.849623579
5698,0.658987471,0.513571028,0.529229988,0.849716131
5699,0.658991774,0.513539117,0.528745195,0.850444673
5700,0.659009483,0.513782865,0.528505436,0.849597933
5701,0.659025581,0.513760066,0.528298076,0.850390752
5702,0.659041678,0.513867759,0.528148966,0.849577412
5703,0.659052388,0.513812498,0.527940994,0.850472487
5704,0.65904712,0.513841456,0.528253457,0.849731715
5705,0.659068261,0.513814583,0.527892858,0.850564784
5706,0.659056796,0.513908108,0.528332692,0.850663991
5707,0.659052535,0.513842567,0.527815226,0.850636149
5708,0.659040972,0.513985158,0.527785297,0.850742497
5709,0.659038249,0.513934666,0.527496267,0.851612012
5710,0.659013134,0.514071596,0.527672265,0.8517923
5711,0.659014931,0.514035006,0.527406993,0.851681772
5712,0.659002469,0.514074741,0.527798533,0.851720364
5713,0.659025496,0.514045699,0.527420634,0.851662077
5714,0.6590184,0.51409675,0.527513644,0.851789408
5715,0.659041889,0.514057432,0.527376289,0.852712178
5716,0.65900447,0.514124942,0.527358302,0.852829237
5717,0.659000223,0.514071905,0.52708686,0.853737119
5718,0.658965595,0.514148873,0.527201251,0.853826622
5719,0.658972479,0.514066233,0.527142547,0.853832799
5720,0.658937435,0.514156327,0.526940339,0.853809525
5721,0.658946649,0.514108887,0.527127394,0.852817209
5722,0.658926879,0.514244804,0.527201816,0.852667221
5723,0.658940238,0.514204432,0.527320455,0.851670767
5724,0.658925161,0.514357698,0.526949698,0.8517762
5725,0.658924076,0.514346456,0.52669497,0.851754131
5726,0.658922079,0.514510503,0.527029918,0.851836879
5727,0.658927109,0.514441299,0.526632003,0.851854131
5728,0.658914912,0.514544642,0.526916002,0.851893006
5729,0.658930018,0.514459915,0.526553272,0.850892295
5730,0.658879441,0.514639102,0.526643727,0.850767122
5731,0.658863803,0.514490906,0.526711948,0.850735729
5732,0.658821491,0.514615949,0.526735341,0.850708503
5733,0.658805389,0.514531693,0.526665788,0.850659156
5734,0.658749847,0.514648308,0.526897545,0.850678126
5735,0.658760392,0.514535849,0.5266887,0.850624064
5736,0.658713415,0.514666936,0.526603294,0.850619575
5737,0.658720303,0.514586777,0.527126419,0.850620631
5738,0.658671857,0.514700148,0.526859725,0.850605443
5739,0.65867632,0.514568642,0.526739806,0.849634343
5740,0.658652977,0.514707655,0.526698434,0.849697521
5741,0.658656162,0.514575845,0.526910937,0.849702284
5742,0.65862409,0.514698825,0.527067143,0.849650283
5743,0.658629988,0.514570478,0.526587981,0.85065005
5744,0.65859371,0.514709956,0.526573319,0.850643052
5745,0.658606496,0.514563889,0.526525989,0.851595293
5746,0.658580934,0.514700762,0.5267053,0.851680115
5747,0.658594152,0.514590434,0.527088971,0.852574504
5748,0.658535362,0.514710739,0.527063629,0.852655624
5749,0.658526364,0.514549234,0.527529337,0.853432877
5750,0.658493042,0.514690951,0.527286397,0.852648548
5751,0.658512239,0.514555581,0.527822362,0.85419758
5752,0.658472665,0.514739644,0.527619729,0.853319753
5753,0.658517082,0.514609173,0.528070943,0.854128644
5754,0.658473681,0.514757763,0.528198821,0.854448074
5755,0.658500685,0.514635093,0.528793823,0.855296149
5756,0.6584474,0.514735414,0.528690042,0.854481389
5757,0.65848005,0.514572134,0.529396219,0.855246569
5758,0.65842661,0.514727522,0.528978628,0.855431919
5759,0.658439984,0.514613286,0.529378909,0.855420335
5760,0.658423907,0.514768911,0.529398552,0.855405447
5761,0.658425971,0.514672173,0.529282546,0.855423265
5762,0.6583897,0.514851433,0.529401305,0.855351447
5763,0.658420115,0.514688165,0.529635508,0.854480113
5764,0.658386506,0.514822234,0.529678406,0.85437961
5765,0.658418104,0.514687357,0.530009267,0.854532631
5766,0.658360563,0.514782047,0.529555951,0.856360835
5767,0.658387163,0.514609059,0.530117451,0.855561923
5768,0.658342017,0.514746028,0.52993383,0.857400372
5769,0.658350575,0.514583904,0.530156019,0.856597724
5770,0.658312797,0.514734462,0.529925942,0.85729371
5771,0.65834914,0.51460931,0.530151271,0.856610877
5772,0.658311877,0.514768949,0.530083678,0.857409761
5773,0.658338755,0.514664228,0.53014666,0.856587611
5774,0.658295059,0.514776217,0.530231791,0.856242005
5775,0.65832249,0.514650267,0.53015967,0.855449104
5776,0.658313603,0.514811015,0.530161677,0.856273943
5777,0.65832351,0.514680721,0.529391288,0.856473265
5778,0.658274583,0.514765893,0.529364426,0.856381452
5779,0.658295254,0.514639006,0.528956267,0.855509816
5780,0.658292107,0.514787999,0.529172895,0.855466064
5781,0.658315084,0.514658877,0.529406549,0.854610024
5782,0.658257642,0.514792273,0.529437546,0.855224849
5783,0.658269838,0.514678721,0.529440653,0.854430921
5784,0.658232269,0.514791604,0.529817441,0.854346918
5785,0.658232131,0.514650824,0.530242565,0.853502088
5786,0.65821534,0.514814293,0.530072428,0.853464067
5787,0.658231355,0.514724474,0.529872802,0.853521575
5788,0.658208113,0.514873412,0.530350592,0.853492749
5789,0.658224815,0.514768947,0.530528989,0.853530071
5790,0.658174621,0.514917033,0.530807087,0.853376527
5791,0.658171644,0.514776223,0.530818954,0.852451759
5792,0.658142022,0.51492193,0.530980171,0.852422172
5793,0.658139651,0.514841294,0.53017179,0.851473719
5794,0.658097872,0.514963806,0.530092673,0.851458846
5795,0.658106222,0.514826551,0.529901642,0.851472797
5796,0.658080557,0.514967117,0.530117361,0.851531821
5797,0.658097796,0.514819467,0.529627045,0.851413911
5798,0.658084766,0.514906324,0.529918561,0.850453674
5799,0.658097001,0.514772145,0.52987715,0.850262056
5800,0.658073981,0.514895971,0.530025002,0.849351905
5801,0.658098513,0.514789744,0.530338532,0.849248534
5802,0.65809719,0.514896906,0.530996812,0.848326915
5803,0.658129377,0.514812709,0.531295695,0.848273442
5804,0.658107871,0.514876088,0.531124713,0.847337709
5805,0.65813388,0.514831312,0.531089605,0.847144726
5806,0.658121707,0.514945795,0.531288042,0.846206612
5807,0.658159894,0.514887512,0.53108392,0.846093514
5808,0.658123604,0.514995051,0.531125103,0.845170072
5809,0.658173708,0.514859554,0.531373972,0.845017133
5810,0.658151519,0.514973183,0.531049665,0.844075872
5811,0.658186437,0.514873109,0.531313151,0.844017764
5812,0.658178414,0.51497696,0.531275672,0.844264048
5813,0.658217815,0.514906804,0.531523405,0.845192129
5814,0.65819643,0.515018854,0.531365047,0.845276202
5815,0.658230173,0.514944602,0.531448698,0.846155921
5816,0.658206546,0.515034486,0.531295309,0.845274064
5817,0.658221563,0.514990481,0.531205158,0.845223948
5818,0.658215743,0.515077449,0.531009094,0.843328425
5819,0.658257926,0.51502906,0.53120989,0.844104441
5820,0.658236969,0.515125991,0.531340218,0.844150587
5821,0.658261741,0.515005979,0.531658234,0.84512241
5822,0.658223156,0.51511219,0.531391775,0.845193256
5823,0.658255637,0.515051648,0.531581623,0.845190124
5824,0.65826364,0.515154425,0.531691905,0.845255153
5825,0.658304711,0.515047286,0.532012777,0.845256223
5826,0.658289528,0.515160494,0.531737402,0.845259983
5827,0.658314531,0.515083384,0.531987515,0.845281072
5828,0.658274061,0.515164151,0.531675863,0.845330035
5829,0.65831056,0.515056907,0.532050825,0.845331469
5830,0.658284933,0.515171132,0.532312927,0.845287381
5831,0.658304417,0.515045671,0.532672486,0.84529284
5832,0.658276765,0.51514331,0.532254736,0.845296444
5833,0.658278303,0.51501345,0.532502122,0.845219303
5834,0.658251937,0.515128305,0.532042233,0.845302856
5835,0.658268123,0.515035918,0.532080585,0.845381053
5836,0.658245227,0.515143488,0.531794134,0.84537926
5837,0.658272506,0.515044735,0.531623867,0.844514232
5838,0.658284107,0.515126675,0.531477483,0.843608628
5839,0.658318208,0.515111944,0.53126047,0.842598897
5840,0.658315418,0.51517374,0.531379907,0.841608997
5841,0.65832473,0.515154732,0.531004938,0.841543372
5842,0.658299519,0.515197681,0.530954038,0.841503932
5843,0.658305709,0.515130576,0.531089537,0.841474825
5844,0.658299827,0.515185055,0.531205853,0.841482444
5845,0.658295211,0.515119571,0.531294915,0.841430137
5846,0.65829587,0.515190126,0.531669975,0.841478463
5847,0.658294243,0.515114026,0.531308297,0.841401403
5848,0.658281943,0.515191012,0.531819653,0.841462236
5849,0.658290944,0.51518362,0.531431385,0.842299318
5850,0.658270102,0.515275664,0.531649897,0.842581529
5851,0.658284759,0.515205808,0.53176025,0.844387911
5852,0.658281907,0.515297591,0.532079936,0.844586798
5853,0.658296062,0.515275474,0.532212576,0.846423019
5854,0.658272955,0.515354101,0.53205169,0.846719854
5855,0.658266232,0.515361552,0.532422842,0.848547573
5856,0.65824668,0.515423035,0.532364713,0.848721197
5857,0.658310501,0.515441913,0.532341212,0.848824216
5858,0.658326395,0.515463503,0.532425587,0.84980798
5859,0.658349616,0.515531256,0.531972436,0.849844822
5860,0.658334529,0.515578775,0.531887801,0.850745576
5861,0.658327335,0.515602292,0.531756106,0.850891699
5862,0.658320851,0.515672938,0.531740138,0.851826916
5863,0.658336131,0.515704611,0.531900221,0.851991977
5864,0.658330502,0.515725342,0.532013365,0.851934967
5865,0.658354503,0.515738284,0.531721865,0.852082989
5866,0.658351982,0.515772883,0.531675642,0.852062727
5867,0.6583573,0.515782808,0.531332145,0.852072111
5868,0.658350325,0.515818634,0.531001001,0.852049205
5869,0.658362299,0.515805637,0.53072984,0.852061661
5870,0.658364228,0.515882578,0.530853204,0.85203576
5871,0.658398014,0.515861609,0.530295476,0.852105558
5872,0.658376866,0.515906573,0.530373443,0.852012545
5873,0.658384468,0.515849852,0.52970185,0.851140038
5874,0.658374178,0.515901014,0.53000904,0.852006895
5875,0.658392446,0.515858018,0.529497561,0.851170329
5876,0.658383317,0.515915845,0.529493006,0.851132432
5877,0.658403272,0.515847373,0.529006633,0.851190016
5878,0.658392149,0.515922953,0.529106216,0.851169725
5879,0.658414929,0.515845542,0.529368344,0.851366052
5880,0.658405353,0.515914727,0.529508137,0.852304269
5881,0.658445129,0.515866203,0.529465059,0.852569105
5882,0.658438612,0.515935954,0.529467421,0.852562645
5883,0.658441424,0.515848866,0.529339848,0.852710825
5884,0.658425291,0.515901418,0.529070748,0.851713738
5885,0.65846075,0.51588208,0.529104697,0.851764313
5886,0.658425796,0.515912029,0.528634505,0.851739483
5887,0.658436877,0.515866864,0.528799873,0.851700221
5888,0.658442337,0.515909042,0.528643325,0.851684778
5889,0.658437609,0.51589499,0.528625056,0.851700983
5890,0.658446551,0.515938146,0.528925177,0.851854902
5891,0.65845386,0.515926226,0.529036588,0.852693617
5892,0.658435775,0.515943445,0.529317296,0.85284126
5893,0.658433764,0.515894907,0.529220866,0.851829015
5894,0.65841348,0.515922895,0.528749595,0.851690113
5895,0.658420176,0.515904302,0.528863738,0.851667924
5896,0.65840864,0.515958182,0.529047086,0.852618996
5897,0.658451293,0.51591297,0.529227341,0.852617074
5898,0.658476946,0.51599442,0.529748865,0.852654303
5899,0.658476478,0.515923831,0.529461231,0.852640114
5900,0.65846449,0.515931296,0.529916415,0.852677781
5901,0.658460375,0.515937527,0.529701196,0.852582484
5902,0.658473384,0.515993923,0.530236407,0.852786197
5903,0.658472229,0.515925166,0.5298002,0.852843931
5904,0.65844976,0.51597016,0.530410108,0.852845486
5905,0.658461612,0.515961022,0.53050524,0.852854924
5906,0.65847383,0.515997936,0.530919662,0.852900417
5907,0.65847156,0.515956574,0.530777644,0.852899288
5908,0.658491826,0.516042649,0.531176204,0.852900737
5909,0.658492277,0.515998205,0.531076693,0.852876191
5910,0.658506459,0.516084445,0.531902868,0.852885089
5911,0.658526577,0.516089988,0.531701935,0.852869484
5912,0.658531265,0.516181991,0.532363617,0.852902236
5913,0.658553124,0.516205804,0.532015853,0.852949675
5914,0.658558199,0.516215378,0.532467273,0.852982734
5915,0.658558348,0.516204592,0.532285755,0.852994992
5916,0.658555678,0.516310313,0.532698692,0.853021072
5917,0.658573939,0.516287596,0.53282302,0.852997077
5918,0.658603229,0.516414869,0.533718846,0.853018794
5919,0.65860394,0.516390953,0.533418431,0.853077981
5920,0.658579024,0.516538342,0.533864587,0.854016069
5921,0.658589328,0.51646296,0.533692184,0.854069804
5922,0.658609999,0.516585893,0.534411649,0.855000182
5923,0.658611491,0.516537193,0.534236,0.8550445
5924,0.658613579,0.516656362,0.534429238,0.855999127
5925,0.658637621,0.51664776,0.534110471,0.856208694
5926,0.658599325,0.516752423,0.534159739,0.856197464
5927,0.658607019,0.516685469,0.534076306,0.856220177
5928,0.658602681,0.516793334,0.534327111,0.856196213
5929,0.658619823,0.516746239,0.534701556,0.856239691
5930,0.658631555,0.516842918,0.534902618,0.856307533
5931,0.658660048,0.516828785,0.535335183,0.85621169
5932,0.658646302,0.516877008,0.535562132,0.85638549
5933,0.65865739,0.516842999,0.535282508,0.856159894
5934,0.658629011,0.516989649,0.535451897,0.856195065
5935,0.658641112,0.51693609,0.535099567,0.856060503
5936,0.658608502,0.517047207,0.534985174,0.856119924
5937,0.658641263,0.517093027,0.534868338,0.856046276
5938,0.658643112,0.517221829,0.534723821,0.856188933
5939,0.658667495,0.517195705,0.534907995,0.856146646
5940,0.658674138,0.517287117,0.534933109,0.856254183
5941,0.658702913,0.517297023,0.535070694,0.856234443
5942,0.658704809,0.517364709,0.535164317,0.856241978
5943,0.658714885,0.517405185,0.535084425,0.85627176
5944,0.65874373,0.517457987,0.535327055,0.856188122
5945,0.658725015,0.517490313,0.535174864,0.85524145
5946,0.658709828,0.517502974,0.535489059,0.855184688
5947,0.658710833,0.51753267,0.53548492,0.85421662
5948,0.658730036,0.517607604,0.535808268,0.854239903
5949,0.658706769,0.517629587,0.535663294,0.855181843
5950,0.658708131,0.517634764,0.53584898,0.855254976
5951,0.658694475,0.517663989,0.535801588,0.856213733
5952,0.658688917,0.517663347,0.535844127,0.856311674
5953,0.658690529,0.517652835,0.536062611,0.857288731
5954,0.658709764,0.517613976,0.536402741,0.857351473
5955,0.658698743,0.517609699,0.536677031,0.857378925
5956,0.658698575,0.517585449,0.536481392,0.857300905
5957,0.658679561,0.51758692,0.536812936,0.857270608
5958,0.658704313,0.517615024,0.536267413,0.857398922
5959,0.658706875,0.517600957,0.536679189,0.858346779
5960,0.658699549,0.517595819,0.535950051,0.858441508
5961,0.658734244,0.517641979,0.536515018,0.85842638
5962,0.658758787,0.517666332,0.536576056,0.85845571
5963,0.658732076,0.517656599,0.536699966,0.858465392
5964,0.658730301,0.517643088,0.536759635,0.858509175
5965,0.658740515,0.517680076,0.536775943,0.858498315
5966,0.658758015,0.517682534,0.53677014,0.85859574
5967,0.658776675,0.517717276,0.537297199,0.85760182
5968,0.658815277,0.517654224,0.537367818,0.857567006
5969,0.65882025,0.517663826,0.537442606,0.856483165
5970,0.658836458,0.51764481,0.53693235,0.855382084
5971,0.658860082,0.517710185,0.536613497,0.85426801
5972,0.658882923,0.517748856,0.536716738,0.853310796
5973,0.658866264,0.517785264,0.536708332,0.853218778
5974,0.658871538,0.517708357,0.53657501,0.852272828
5975,0.658862593,0.517752935,0.536611041,0.852119167
5976,0.658884548,0.517738632,0.536455081,0.851103646
5977,0.658878771,0.517766106,0.536653448,0.8509483
5978,0.658931258,0.517717785,0.536543688,0.850011665
5979,0.658907332,0.51780207,0.536572208,0.849867427
5980,0.658954088,0.517732015,0.536395003,0.84917976
5981,0.65896363,0.517804553,0.53656592,0.849083954
5982,0.658973012,0.517742114,0.536861514,0.848141085
5983,0.658946632,0.517832148,0.536527229,0.848059172
5984,0.658963226,0.517773715,0.536780134,0.848102998
5985,0.658942086,0.517857932,0.536853432,0.847998641
5986,0.65897302,0.517755048,0.537301892,0.847058206
5987,0.658952588,0.517830817,0.537187869,0.84688529
5988,0.658978292,0.517726653,0.537460599,0.845948242
5989,0.658960075,0.517833823,0.537435459,0.845739235
5990,0.658981921,0.517716354,0.537696298,0.844824951
5991,0.658958748,0.517809516,0.537377333,0.844735511
5992,0.658963206,0.517722958,0.537623434,0.843817074
5993,0.658929432,0.517833347,0.537710173,0.843721498
5994,0.658913153,0.517717523,0.538026731,0.843677488
5995,0.65889315,0.517798058,0.538100446,0.842726262
5996,0.65889308,0.517721045,0.538204466,0.842588608
5997,0.658866697,0.517842179,0.538282265,0.841635075
5998,0.658901594,0.517764969,0.538473371,0.841650895
5999,0.658901474,0.517872454,0.538166939,0.84159482
6000,0.658907808,0.517730258,0.538385927,0.84160398
6001,0.658883342,0.517813524,0.53834618,0.841624626
6002,0.658931331,0.517723427,0.538896676,0.841590018
6003,0.658889339,0.517788177,0.538489536,0.841530202
6004,0.658889196,0.517613863,0.538520071,0.84153355
6005,0.658868421,0.517683541,0.538067128,0.841488547
6006,0.658875676,0.517473763,0.538210339,0.841486745
6007,0.658859302,0.517591437,0.538286302,0.841476792
6008,0.658885165,0.517475319,0.538392793,0.841474983
6009,0.658878933,0.517597215,0.538350625,0.841400782
6010,0.658908101,0.517487412,0.538301242,0.841420824
6011,0.658913101,0.517582812,0.538199121,0.841480425
6012,0.65896275,0.517471345,0.538400812,0.841527118
6013,0.658925337,0.517582733,0.538123457,0.841348381
6014,0.65892967,0.517515552,0.537873302,0.841344904
6015,0.658900592,0.517611015,0.53848217,0.841331068
6016,0.658910308,0.517534806,0.53840256,0.841348136
6017,0.658908485,0.517611719,0.538822666,0.841331668
6018,0.658914675,0.51753409,0.538718396,0.841365471
6019,0.658906663,0.517604855,0.538500155,0.841348962
6020,0.658924667,0.517529695,0.538453301,0.841388419
6021,0.65891334,0.517590138,0.538803951,0.841374929
6022,0.65891421,0.517541974,0.539156141,0.841409294
6023,0.658900738,0.517602852,0.539322119,0.841368666
6024,0.658909674,0.517539178,0.539595551,0.841418824
6025,0.658885141,0.517600518,0.539757462,0.841326002
6026,0.658904957,0.517578712,0.539471944,0.841433112
6027,0.658896009,0.517682403,0.539658154,0.841260112
6028,0.658926185,0.517621501,0.539569811,0.841375558
6029,0.65889641,0.517687769,0.539746635,0.841146527
6030,0.658919144,0.517622107,0.539400284,0.840565357
6031,0.658896252,0.517673225,0.53947599,0.84228426
6032,0.658942724,0.517564436,0.539668655,0.841800513
6033,0.658892355,0.517662054,0.539881225,0.842558738
6034,0.658876099,0.517560545,0.53977028,0.842643186
6035,0.658866845,0.517652369,0.540271988,0.843537688
6036,0.658886811,0.517580976,0.53996075,0.843688308
6037,0.658879649,0.5176877,0.540315868,0.844488304
6038,0.658880989,0.517589155,0.539982043,0.843836895
6039,0.658865141,0.517687246,0.540046192,0.845518979
6040,0.658898111,0.517575225,0.539893604,0.844784098
6041,0.658855389,0.517676592,0.539485688,0.845661364
6042,0.658889365,0.517572095,0.539344229,0.84580057
6043,0.658886567,0.517652594,0.539379339,0.845777137
6044,0.658934273,0.517537409,0.539446222,0.845893808
6045,0.658914689,0.517655692,0.539493866,0.844919622
6046,0.658970678,0.51751564,0.539419165,0.844955446
6047,0.658946479,0.517599636,0.539446248,0.844961773
6048,0.65897863,0.517452772,0.539141896,0.84492475
6049,0.65897344,0.517556195,0.539595531,0.843975175
6050,0.659025565,0.517471049,0.539199981,0.844042593
6051,0.659039993,0.517569191,0.539460506,0.84212842
6052,0.659101321,0.5174842,0.539179653,0.841912718
6053,0.659077685,0.517576313,0.539240265,0.841907187
6054,0.65914417,0.517479467,0.539147773,0.841937521
6055,0.659126839,0.517593177,0.539659459,0.841920192
6056,0.659183258,0.517514427,0.539968345,0.841922571
6057,0.659179399,0.517702442,0.539847614,0.841925704
6058,0.659213366,0.517621136,0.539886565,0.842040431
6059,0.659218173,0.517733234,0.540355693,0.842079395
6060,0.659280997,0.517645509,0.540311407,0.842113429
6061,0.659290001,0.517781605,0.540822264,0.84212989
6062,0.659328919,0.517676634,0.540226338,0.842090171
6063,0.659332844,0.517889359,0.540936705,0.842179839
6064,0.659389772,0.517741538,0.541003942,0.842233139
6065,0.659370921,0.518019782,0.540591361,0.842217295
6066,0.659440608,0.51786076,0.540268662,0.842335005
6067,0.659412345,0.518080696,0.539636464,0.842306139
6068,0.659468662,0.517944829,0.53948922,0.842401415
6069,0.659443804,0.518255669,0.538702533,0.842394265
6070,0.659504825,0.5181308,0.53902843,0.842435789
6071,0.659489877,0.518491833,0.539079995,0.842509279
6072,0.659541007,0.518346022,0.539417699,0.842563342
6073,0.659525604,0.518616367,0.539363421,0.84251175
6074,0.659581635,0.518503604,0.53971319,0.842568826
6075,0.659555807,0.518785115,0.539443795,0.842428971
6076,0.659603089,0.518653768,0.539540517,0.841579538
6077,0.659606297,0.518976914,0.539470693,0.841310991
6078,0.659648467,0.518841633,0.539673781,0.840404725
6079,0.659633811,0.519086715,0.539605208,0.84023625
6080,0.659672243,0.518976963,0.540204738,0.839324748
6081,0.659668241,0.519190771,0.540013629,0.839179676
6082,0.659716235,0.519076844,0.540387005,0.838277966
6083,0.659709656,0.519258478,0.540275431,0.838072002
6084,0.659755607,0.519159342,0.540709243,0.837117778
6085,0.659728673,0.519443387,0.540620725,0.836975864
6086,0.659804912,0.519360464,0.5412217,0.836031471
6087,0.659776279,0.519555524,0.541017005,0.835897224
6088,0.659837448,0.519460196,0.541403482,0.835023431
6089,0.659809557,0.519614836,0.541641338,0.834893909
6090,0.659835281,0.519495494,0.542393453,0.833937816
6091,0.659811312,0.519683042,0.542049653,0.833818945
6092,0.659851887,0.519574916,0.541988358,0.832833678
6093,0.659842888,0.519800129,0.54167398,0.831646994
6094,0.659932227,0.519689643,0.542397437,0.83069304
6095,0.659937692,0.519976773,0.541920798,0.830494788
6096,0.659999043,0.519864726,0.542018517,0.830504693
6097,0.659972995,0.520102725,0.541715138,0.830419874
6098,0.660040458,0.519936767,0.542267362,0.830587795
6099,0.660006086,0.520135582,0.542215886,0.830603409
6100,0.660085018,0.520013723,0.542641555,0.830753134
6101,0.660074382,0.520176325,0.542180881,0.830707767
6102,0.660127613,0.520077722,0.542610245,0.830722094
6103,0.660095234,0.520260725,0.542537309,0.830651288
6104,0.660152665,0.520120395,0.542748978,0.830722785
6105,0.660114744,0.520317003,0.54220817,0.830585722
6106,0.660160647,0.520208648,0.542572714,0.829739514
6107,0.66014652,0.520431326,0.543233052,0.829485826
6108,0.660196024,0.520317641,0.543018358,0.829618523
6109,0.660165049,0.520549895,0.543436671,0.830499742
6110,0.660197536,0.52039758,0.543378333,0.830591614
6111,0.66015543,0.520570405,0.543237494,0.83132806
6112,0.660216759,0.520441036,0.543099776,0.830457436
6113,0.660221662,0.520622423,0.543535319,0.830326367
6114,0.660275907,0.520500529,0.543555169,0.82945766
6115,0.660253767,0.520706012,0.543184002,0.830342479
6116,0.660316066,0.520551455,0.543337872,0.829582582
6117,0.660287394,0.520788164,0.543155484,0.830394257
6118,0.66035108,0.52060929,0.543634248,0.829670506
6119,0.660334248,0.520885738,0.543286428,0.829536285
6120,0.660405054,0.520702603,0.543835884,0.829643458
6121,0.660371939,0.520958224,0.543518079,0.829465709
6122,0.660434525,0.520778506,0.543641519,0.8285283
6123,0.66043404,0.521025662,0.543952382,0.828363765
6124,0.660500221,0.520829586,0.544119095,0.828377237
6125,0.660479891,0.521113504,0.544046862,0.828199612
6126,0.660567246,0.520894568,0.544147741,0.827283621
6127,0.660536894,0.521134187,0.54418863,0.827068317
6128,0.6606102,0.520905467,0.544390609,0.825145178
6129,0.660585117,0.52121274,0.544240059,0.82472233
6130,0.660674784,0.521036859,0.54435506,0.82289262
6131,0.660641774,0.521382372,0.544080509,0.822546216
6132,0.660720823,0.521179772,0.54416735,0.820684644
6133,0.660693172,0.521578693,0.543517081,0.820365822
6134,0.660775703,0.521442323,0.543552982,0.819400762
6135,0.660783175,0.521754527,0.543963532,0.819263738
6136,0.660846153,0.521625306,0.543957494,0.820243199
6137,0.660860104,0.521774921,0.544232303,0.820334233
6138,0.660907163,0.521643255,0.544145681,0.820331147
6139,0.660880631,0.521913202,0.543614365,0.820323244
6140,0.660909731,0.521779584,0.543815492,0.820279939
6141,0.660895022,0.52205324,0.543208188,0.820280765
6142,0.66093094,0.521871318,0.543333114,0.82020875
6143,0.660921398,0.52228259,0.542793803,0.819273439
6144,0.660993489,0.522128429,0.542897432,0.82031519
6145,0.660977154,0.522387352,0.542744813,0.819339378
6146,0.661024934,0.522213292,0.542590078,0.820208053
6147,0.661002699,0.522478695,0.542565986,0.82031998
6148,0.661054069,0.522299312,0.542452118,0.821272942
6149,0.661022135,0.522574686,0.542635798,0.821432726
6150,0.66107013,0.5223929,0.543050706,0.822369369
6151,0.661054215,0.522701703,0.543316678,0.822628644
6152,0.661096819,0.522497341,0.543302237,0.823555249
6153,0.66106245,0.52267484,0.543558611,0.823543254
6154,0.661115164,0.52250372,0.543290163,0.823516207
6155,0.661105911,0.52272348,0.543468966,0.823455477
6156,0.661172691,0.522539089,0.543577764,0.822538658
6157,0.661177318,0.522768429,0.54421767,0.822523022
6158,0.661238107,0.522597562,0.54419218,0.822575434
6159,0.661196432,0.52283526,0.544353225,0.822169521
6160,0.661279193,0.522641685,0.544062839,0.822431805
6161,0.661251813,0.522911364,0.544825743,0.823317101
6162,0.661291907,0.522746172,0.54407854,0.823367776
6163,0.661267762,0.522932261,0.544869783,0.824296252
6164,0.661352925,0.522788754,0.544251682,0.824492699
6165,0.661307815,0.522923108,0.544737005,0.825440293
6166,0.661357358,0.522763095,0.544188351,0.825498484
6167,0.661329918,0.52297191,0.544203693,0.825378683
6168,0.661372408,0.52276167,0.543911662,0.825377706
6169,0.661322037,0.522947337,0.544381895,0.825339338
6170,0.661372548,0.52269709,0.54396141,0.825441619
6171,0.661324164,0.522903309,0.54404043,0.82637224
6172,0.661367844,0.522748181,0.54399306,0.826418647
6173,0.66133166,0.522956898,0.54375852,0.827361152
6174,0.661369228,0.52273494,0.54368966,0.827419212
6175,0.661335214,0.522892989,0.543583097,0.828187711
6176,0.661367906,0.52263278,0.54371736,0.828283792
6177,0.661319236,0.522830595,0.543645002,0.829207717
6178,0.661337068,0.522644532,0.543379888,0.828264216
6179,0.661309239,0.522820544,0.54328808,0.829112177
6180,0.661350651,0.522672879,0.543127946,0.828158998
6181,0.661328772,0.522816067,0.543444934,0.829023161
6182,0.661334855,0.522655912,0.542861943,0.829058465
6183,0.661321677,0.522807346,0.543026356,0.829038409
6184,0.661377439,0.522579951,0.543262796,0.829219976
6185,0.661344669,0.522744792,0.543592633,0.830157063
6186,0.66137198,0.522584929,0.543679076,0.830191833
6187,0.661328156,0.522705567,0.54361397,0.830171192
6188,0.661382477,0.522509771,0.543753431,0.830260638
6189,0.661353822,0.52274177,0.54355702,0.830139449
6190,0.661394227,0.522555579,0.543516084,0.829215994
6191,0.661370641,0.522792348,0.543415715,0.829041735
6192,0.661426325,0.522496922,0.543679464,0.828085697
6193,0.661399499,0.522725622,0.543442961,0.827910546
6194,0.661425619,0.522355342,0.543637673,0.827944203
6195,0.661381498,0.522596498,0.543565009,0.827796712
6196,0.661394073,0.522347935,0.543670797,0.827693332
6197,0.661345897,0.522603856,0.543778775,0.827685715
6198,0.661395556,0.522216083,0.54381189,0.827648451
6199,0.661388433,0.522497552,0.544125375,0.827899029
6200,0.661432153,0.522158278,0.544284222,0.828803498
6201,0.661388514,0.522387549,0.544275242,0.828956741
6202,0.661431644,0.522174336,0.544687783,0.829903613
6203,0.661415753,0.522404286,0.544884025,0.829950989
6204,0.661474313,0.522270416,0.544686704,0.830804412
6205,0.661438213,0.522458402,0.544653695,0.830914781
6206,0.661515735,0.522287419,0.544622772,0.830916979
6207,0.661514785,0.522515775,0.544883734,0.83089014
6208,0.661564305,0.522316595,0.544762437,0.830906442
6209,0.661552775,0.522519202,0.544839304,0.830973356
6210,0.661610542,0.52232793,0.544788053,0.830965673
6211,0.661584118,0.522514532,0.544754053,0.830882903
6212,0.661653918,0.522371282,0.544689054,0.829874728
6213,0.661622337,0.522545531,0.544588241,0.829751891
6214,0.661681699,0.522402028,0.544506239,0.828744688
6215,0.661644459,0.522589312,0.544396509,0.828601715
6216,0.661716168,0.522415756,0.544773983,0.827600122
6217,0.661707112,0.522561443,0.544813066,0.826608449
6218,0.661802689,0.522402566,0.545267476,0.82651168
6219,0.661796039,0.522617246,0.545108823,0.825533828
6220,0.661882539,0.522477953,0.545776533,0.825554124
6221,0.661854215,0.522678924,0.545353076,0.826435133
6222,0.661877465,0.52247552,0.545388359,0.826506811
6223,0.661861978,0.522648585,0.545052925,0.82652121
6224,0.661929458,0.522453397,0.54536739,0.826484223
6225,0.661938361,0.522638543,0.545273217,0.82649833
6226,0.661985856,0.522421413,0.544466274,0.826415737
6227,0.662007267,0.52262613,0.544524504,0.825483406
6228,0.662082239,0.52248291,0.54385913,0.825449347
6229,0.662065343,0.52266287,0.543778754,0.825491975
6230,0.662128193,0.522453829,0.543766468,0.825336858
6231,0.662137826,0.522626214,0.543477883,0.824377692
6232,0.662198923,0.5224565,0.54323328,0.824285071
6233,0.662213254,0.522628385,0.543111734,0.823365804
6234,0.662289418,0.52248087,0.543376897,0.823215557
6235,0.662293035,0.522689762,0.543268108,0.823284845
6236,0.66238351,0.522517519,0.543743256,0.823263511
6237,0.662362862,0.522664575,0.543328882,0.823262019
6238,0.662424448,0.522508275,0.543889056,0.823313897
6239,0.662379295,0.52261725,0.543574674,0.82302633
6240,0.662419231,0.522449297,0.54347202,0.822127867
6241,0.662399408,0.522598347,0.543312578,0.822901388
6242,0.662415502,0.522472515,0.542899925,0.822948851
6243,0.662413738,0.522568744,0.543512208,0.822908084
6244,0.662442205,0.522406149,0.543226879,0.822972803
6245,0.662443178,0.522554845,0.543097157,0.822962782
6246,0.662491122,0.522446579,0.54260306,0.822959277
6247,0.662509073,0.522568047,0.542594799,0.823012073
6248,0.66257405,0.522466517,0.542325512,0.82299106
6249,0.662601155,0.522653271,0.542395816,0.823113283
6250,0.662644539,0.522526086,0.542013078,0.824070635
6251,0.662642392,0.522635379,0.542077257,0.824354652
6252,0.662693897,0.522494657,0.541753182,0.824341658
6253,0.662668969,0.522673724,0.541699673,0.824284817
6254,0.66272113,0.522531395,0.541605231,0.824262546
6255,0.662690605,0.522694224,0.54139868,0.824266217
6256,0.662708134,0.522632065,0.541249074,0.825193791
6257,0.662644623,0.522769234,0.540609608,0.825339905
6258,0.66267488,0.522624616,0.540789659,0.825320653
6259,0.662681628,0.522743964,0.540568742,0.825305908
6260,0.662690853,0.522612834,0.540231873,0.824348759
6261,0.662680213,0.522743068,0.540361245,0.824239867
6262,0.662740262,0.522606743,0.540293607,0.823355994
6263,0.66273309,0.522758086,0.540255355,0.824183905
6264,0.662773728,0.52262343,0.540282805,0.824263476
6265,0.66274985,0.522779136,0.539990029,0.823928867
6266,0.662816646,0.522679639,0.540688787,0.82399314
6267,0.662790423,0.522831713,0.540088454,0.824922076
6268,0.662831813,0.522698876,0.540753801,0.824967331
6269,0.662796562,0.522860166,0.540335088,0.825922824
6270,0.662857551,0.522707829,0.540843265,0.826175107
6271,0.662829535,0.522890983,0.540485106,0.827107084
6272,0.662884529,0.522718106,0.540871873,0.827222878
6273,0.662839422,0.522872911,0.540676859,0.828132819
6274,0.662897677,0.522732775,0.540756615,0.828453294
6275,0.662861655,0.522859237,0.540917195,0.829368503
6276,0.662892105,0.522710273,0.540919601,0.829484468
6277,0.662853706,0.522867711,0.540923948,0.829362494
6278,0.662907602,0.522776654,0.541008957,0.828481023
6279,0.662901303,0.522936998,0.541218404,0.829346909
6280,0.662923867,0.522771284,0.541036859,0.828407513
6281,0.662918613,0.52295158,0.54131883,0.829193804
6282,0.66298571,0.522797515,0.541672148,0.829518623
6283,0.66295356,0.522984313,0.541634507,0.830338716
6284,0.662992685,0.522843994,0.541599879,0.830401939
6285,0.663000818,0.523061109,0.541416619,0.831328721
6286,0.663046159,0.522873616,0.542034378,0.831342378
6287,0.663040336,0.523013107,0.542416525,0.831295183
6288,0.663097168,0.522838679,0.542213716,0.831363176
6289,0.663098031,0.523055412,0.54202344,0.831312163
6290,0.663160669,0.522888045,0.541997481,0.831458723
6291,0.663136848,0.523062668,0.541804317,0.832381331
6292,0.663168403,0.52289165,0.541778072,0.832386167
6293,0.663176066,0.523101002,0.542131599,0.833333461
6294,0.663227268,0.522976736,0.542124767,0.833335251
6295,0.663222206,0.523159165,0.541964136,0.833333391
6296,0.663274531,0.523002292,0.541853708,0.833376711
6297,0.663285458,0.523190934,0.542486952,0.833537373
6298,0.66332981,0.523082976,0.542388141,0.834432135
6299,0.663319394,0.523195211,0.542207967,0.834619789
6300,0.663373276,0.52307895,0.542416596,0.83552602
6301,0.663339621,0.52319435,0.542325578,0.835617875
6302,0.663394485,0.523095302,0.542406194,0.836568527
6303,0.663369901,0.523169563,0.542067089,0.836627549
6304,0.663397668,0.523091817,0.542170685,0.837570693
6305,0.663382129,0.523167778,0.542098862,0.837756966
6306,0.663416276,0.523025835,0.541972927,0.838703238
6307,0.663388846,0.523148379,0.541675101,0.8387989
6308,0.663442017,0.523027194,0.541417871,0.839732104
6309,0.663420468,0.523167622,0.541287169,0.839874155
6310,0.663439488,0.523039451,0.540900372,0.84082399
6311,0.663432451,0.523129531,0.540702292,0.840885185
6312,0.663492435,0.523036995,0.540584741,0.840860327
6313,0.663467175,0.523127677,0.54025196,0.840883201
6314,0.663494958,0.523011449,0.540474995,0.840842418
6315,0.663455656,0.523127412,0.540413298,0.840882867
6316,0.663476179,0.523026812,0.540176298,0.841728345
6317,0.663482735,0.523133459,0.5399305,0.841836666
6318,0.663520134,0.523042155,0.540300794,0.8437073
6319,0.663496888,0.523163138,0.539977444,0.843930398
6320,0.663544688,0.52306982,0.539828902,0.843816745
6321,0.663543906,0.523213375,0.539455075,0.842904393
6322,0.6636038,0.523137347,0.539516643,0.842734419
6323,0.663608095,0.523199941,0.539501368,0.84182178
6324,0.663644635,0.523108494,0.539329807,0.841627115
6325,0.663633107,0.523215989,0.539234064,0.841615454
6326,0.663665044,0.523147121,0.539056807,0.841590367
6327,0.663655803,0.523187401,0.539113264,0.841592767
6328,0.663709127,0.523110966,0.5393791,0.841570447
6329,0.663696583,0.52320614,0.539107801,0.841580463
6330,0.663704291,0.523108365,0.539259845,0.841464597
6331,0.663687401,0.523223474,0.538786292,0.840519241
6332,0.663723006,0.523137306,0.538669083,0.840448995
6333,0.663713366,0.523235639,0.538331956,0.839568387
6334,0.663735448,0.523114718,0.538559974,0.839461267
6335,0.663741118,0.523199232,0.538632795,0.838558018
6336,0.663759226,0.523108657,0.538766111,0.839482118
6337,0.663752453,0.523171921,0.538833124,0.839561558
6338,0.663765266,0.523081944,0.53893493,0.840380825
6339,0.663727288,0.523115013,0.538809228,0.840458342
6340,0.663736242,0.523025256,0.538551004,0.841212903
6341,0.663743366,0.523053763,0.538577909,0.840347667
6342,0.663747492,0.52300824,0.538326234,0.840297477
6343,0.663743932,0.523087572,0.538205753,0.839360124
6344,0.663765192,0.523048541,0.538315071,0.839288632
6345,0.663784381,0.523163581,0.538617132,0.838374823
6346,0.663792229,0.52310178,0.538502801,0.8382284
6347,0.663799757,0.523160139,0.538607787,0.8373327
6348,0.663846354,0.523091077,0.538529354,0.83728824
6349,0.663842771,0.523173162,0.538676593,0.837417919
6350,0.663893681,0.52307199,0.538618851,0.837309998
6351,0.663892198,0.523169291,0.538501471,0.836453325
6352,0.663896218,0.523066508,0.537969057,0.83636937
6353,0.663892854,0.523118591,0.538091022,0.836468494
6354,0.663919728,0.523054812,0.538023387,0.836188073
6355,0.663918901,0.52303956,0.53772023,0.836277674
6356,0.663952614,0.522986617,0.537549278,0.836240506
6357,0.663966577,0.523008647,0.537462349,0.836346898
6358,0.663980831,0.522972961,0.537282542,0.836246129
6359,0.663994635,0.522972843,0.537219587,0.836299715
6360,0.664033364,0.522908589,0.537069378,0.836342785
6361,0.664062547,0.522928302,0.536761885,0.83639729
6362,0.664110673,0.52288056,0.536676208,0.836396853
6363,0.664112965,0.522926775,0.53639211,0.836411291
6364,0.664130218,0.52288649,0.536271425,0.836320942
6365,0.664149109,0.522908731,0.536903473,0.834425979
6366,0.664183336,0.5228597,0.53681199,0.834311231
6367,0.664187006,0.522885055,0.537220754,0.833385618
6368,0.664192478,0.522855521,0.537267728,0.833254516
6369,0.664201041,0.522870837,0.537246834,0.833289683
6370,0.664205967,0.522818411,0.537040707,0.833261282
6371,0.664171678,0.522847212,0.537501911,0.833050966
6372,0.66418178,0.522802854,0.5373247,0.833089079
6373,0.664190243,0.522846596,0.537307925,0.834060867
6374,0.664230791,0.522811433,0.537116798,0.834108866
6375,0.664226371,0.522865825,0.53781767,0.835142569
6376,0.664229457,0.522798878,0.537680631,0.835178821
6377,0.664200137,0.522874711,0.537733316,0.835149061
6378,0.664229766,0.522797957,0.537602537,0.834203034
6379,0.664231006,0.522838282,0.53739999,0.83415336
6380,0.664266862,0.522785418,0.537317744,0.834140169
6381,0.664247785,0.522822575,0.537379455,0.834150428
6382,0.664252595,0.522779424,0.537142828,0.834134127
6383,0.664260112,0.522848439,0.537369609,0.834200437
6384,0.664271485,0.522796189,0.537164281,0.835126254
6385,0.664263323,0.522915421,0.537343952,0.835290972
6386,0.664310765,0.522883518,0.537173238,0.836252578
6387,0.664302304,0.52294848,0.537308036,0.83635244
6388,0.664318377,0.522890675,0.537225155,0.837256532
6389,0.664329473,0.522977479,0.537181705,0.837402691
6390,0.664381213,0.522923027,0.537134637,0.837423082
6391,0.664377359,0.523050576,0.53695456,0.837551378
6392,0.664412135,0.523003413,0.536940577,0.837589989
6393,0.664422278,0.523132506,0.537091728,0.838584952
6394,0.664444969,0.523069496,0.537459878,0.838663678
6395,0.664459441,0.523300229,0.537602412,0.838745879
6396,0.664499656,0.523209167,0.537488152,0.838734328
6397,0.664505143,0.523407476,0.53768733,0.838780087
6398,0.664547699,0.523313102,0.537542109,0.838755969
6399,0.664548687,0.523579964,0.537541971,0.838763222
6400,0.664604678,0.523519554,0.537403969,0.838752095
6401,0.664614943,0.523682184,0.537099716,0.838777753
6402,0.66462041,0.523578233,0.53667971,0.83875415
6403,0.664638248,0.52380355,0.536509025,0.838743664
6404,0.66469746,0.523706478,0.536164527,0.838764357
6405,0.664696266,0.523808868,0.536300244,0.838706269
6406,0.664710904,0.523694925,0.536040907,0.83870471
6407,0.664711245,0.523885286,0.536344701,0.838697312
6408,0.664747935,0.523750208,0.535917201,0.838717408
6409,0.664747105,0.523924479,0.536168557,0.838726619
6410,0.664792536,0.523779973,0.535692799,0.838744909
6411,0.664796869,0.524069006,0.53601853,0.838724366
6412,0.66483395,0.523917157,0.535272234,0.838745009
6413,0.664823403,0.524071039,0.53547073,0.838743188
6414,0.664858489,0.524001677,0.534798091,0.83875207
6415,0.664865374,0.524247352,0.534857876,0.838709728
6416,0.664897981,0.52406527,0.534183587,0.838745442
6417,0.664887961,0.524296784,0.534346215,0.838721999
6418,0.66491507,0.524134616,0.53351664,0.837775942
6419,0.664919544,0.524361577,0.533443578,0.837662343
6420,0.664955714,0.524156054,0.532901365,0.836747531
6421,0.664958848,0.524490894,0.532935865,0.836589881
6422,0.66496855,0.52432197,0.532413998,0.83661118
6423,0.664976241,0.524462304,0.53232866,0.836557449
6424,0.665000531,0.524330928,0.53235727,0.836530273
6425,0.664990292,0.524597718,0.532308542,0.836497949
6426,0.665069503,0.524453683,0.532130807,0.836529487
6427,0.665078306,0.524794428,0.531869058,0.836494055
6428,0.665116339,0.524646172,0.531437101,0.836500907
6429,0.665112494,0.524862154,0.531156587,0.836441887
6430,0.665138526,0.524712372,0.531258316,0.836414278
6431,0.665119436,0.524897899,0.531057423,0.836435347
6432,0.665157313,0.524779515,0.530596355,0.836405038
6433,0.665149557,0.524968006,0.530698266,0.836494659
6434,0.665197776,0.524796766,0.530431159,0.836493247
6435,0.665199855,0.524914863,0.530601439,0.836549785
6436,0.665220957,0.52476279,0.530616122,0.836516918
6437,0.66518899,0.524829069,0.530580067,0.836542092
6438,0.665190538,0.524674743,0.53021597,0.836535639
6439,0.665161272,0.524777106,0.530348248,0.836369449
6440,0.665195967,0.524656514,0.529833361,0.835452966
6441,0.665186055,0.52473779,0.530060725,0.83529769
6442,0.665208763,0.524640671,0.529503327,0.8353269
6443,0.665204456,0.524770624,0.529453382,0.835170845
6444,0.665238698,0.524674687,0.52882427,0.835291256
6445,0.6652686,0.524853506,0.528848197,0.83617238
6446,0.665318752,0.524733209,0.528513518,0.835292082
6447,0.665332794,0.52493112,0.528480754,0.836119359
6448,0.665370466,0.524812375,0.527884195,0.836200855
6449,0.665412249,0.525060389,0.528030907,0.836105358
6450,0.665457794,0.52495704,0.527591385,0.836125987
6451,0.665479758,0.525181567,0.528017675,0.836105264
6452,0.665539598,0.525061963,0.527746893,0.836151408
6453,0.665536599,0.525333372,0.527867979,0.836121656
6454,0.665564991,0.525241426,0.527781381,0.836208364
6455,0.665588484,0.52557743,0.527756649,0.836176967
6456,0.665646217,0.525484251,0.528277699,0.836287573
6457,0.665682718,0.525779612,0.52855362,0.836293776
6458,0.665721768,0.52567669,0.528835619,0.836305507
6459,0.665731578,0.525909949,0.528861366,0.836305839
6460,0.665771881,0.52583453,0.528771331,0.836297206
6461,0.665758208,0.526091053,0.528612248,0.836270933
6462,0.665769878,0.525976862,0.528493713,0.836293022
6463,0.66579211,0.526236538,0.528766997,0.83621085
6464,0.665828537,0.526136907,0.528842288,0.836246162
6465,0.665823285,0.526374508,0.528683332,0.836218755
6466,0.66584397,0.526240683,0.528943289,0.836242427
6467,0.665835453,0.526496174,0.528566913,0.83709941
6468,0.665841506,0.526396534,0.528704857,0.836245935
6469,0.665821699,0.526726484,0.528308803,0.83708838
6470,0.665870722,0.526619881,0.528694068,0.837259475
6471,0.665861113,0.526928603,0.528862639,0.838296766
6472,0.665900441,0.526776865,0.528723575,0.839280697
6473,0.665905084,0.527026193,0.528638745,0.839252624
6474,0.665945852,0.526918627,0.528558589,0.840230668
6475,0.665937638,0.527050181,0.528272236,0.840302536
6476,0.665966627,0.526934658,0.528368371,0.840357188
6477,0.665950408,0.527152757,0.527936549,0.840340741
6478,0.665958848,0.527049649,0.528156813,0.84129922
6479,0.665977703,0.527217193,0.527877167,0.841421756
6480,0.666009664,0.527093895,0.528186731,0.842395679
6481,0.665990118,0.52721417,0.527661555,0.842472084
6482,0.66600632,0.527132552,0.527771014,0.843438922
6483,0.665992756,0.52720555,0.527604513,0.843390274
6484,0.666015929,0.527095426,0.5278335,0.842458312
6485,0.666013578,0.527122971,0.52773582,0.842335419
6486,0.666037283,0.527067463,0.527919043,0.842357342
6487,0.666047818,0.527173827,0.527791048,0.842341988
6488,0.66607525,0.527141971,0.528119059,0.841394352
6489,0.666084452,0.527213659,0.527478682,0.84139877
6490,0.666094623,0.527149501,0.52762273,0.842362206
6491,0.66609515,0.527169974,0.527766867,0.842426735
6492,0.666110335,0.527114632,0.527688039,0.843413844
6493,0.666102825,0.527178619,0.527574034,0.84340676
6494,0.666153448,0.527138512,0.527559878,0.842550182
6495,0.666158424,0.527194093,0.527489091,0.843264785
6496,0.666185277,0.527113057,0.527755028,0.841510648
6497,0.666201822,0.52720525,0.527670759,0.842185855
6498,0.666218903,0.527149786,0.527832034,0.840279218
6499,0.666221892,0.527228866,0.528199803,0.840032409
6500,0.666258547,0.527201889,0.528330297,0.839101159
6501,0.666251452,0.527265125,0.528053074,0.838957918
6502,0.666250152,0.527208804,0.527652282,0.839014009
6503,0.666291061,0.527313339,0.528052997,0.839063247
6504,0.666319588,0.527287507,0.528164546,0.83907687
6505,0.666316103,0.527310393,0.528521263,0.8389016
6506,0.666350283,0.52731372,0.528640525,0.837960944
6507,0.666348825,0.527374431,0.528638341,0.837815132
6508,0.666364879,0.527330642,0.528844993,0.835908454
6509,0.666362775,0.527376663,0.528775163,0.835790087
6510,0.666391566,0.527319172,0.529382729,0.835780392
6511,0.666354462,0.527373688,0.528842487,0.835734771
6512,0.666350163,0.527338788,0.528611876,0.835727868
6513,0.666340071,0.527440659,0.52827811,0.835915968
6514,0.666363398,0.527391488,0.52814622,0.83498704
6515,0.666389119,0.527468468,0.527854069,0.834918841
6516,0.666393119,0.52742699,0.527756581,0.834934322
6517,0.666396641,0.527531823,0.527640832,0.834930691
6518,0.666411237,0.527475654,0.527914529,0.834916334
6519,0.666384393,0.527585303,0.527732446,0.834856883
6520,0.666388529,0.527569391,0.528009037,0.834818225
6521,0.666396741,0.527577803,0.528087456,0.834828673
6522,0.666410163,0.527536621,0.527707228,0.834791396
6523,0.66641522,0.527529416,0.527707044,0.834847152
6524,0.666408386,0.527521559,0.527608426,0.834805615
6525,0.666420168,0.527568003,0.527717289,0.834721219
6526,0.666406646,0.52750265,0.527843921,0.834673029
6527,0.666399871,0.527497737,0.528000441,0.834822104
6528,0.666392957,0.527441997,0.527577776,0.834787249
6529,0.66639436,0.527441364,0.52760831,0.834962499
6530,0.666388108,0.527423421,0.527796868,0.835910697
6531,0.666409063,0.527458201,0.528046238,0.836078827
6532,0.666400233,0.527432066,0.527940716,0.836991897
6533,0.666433062,0.527395202,0.528516383,0.837134231
6534,0.666454847,0.527406696,0.528277439,0.837112534
6535,0.666452641,0.527412083,0.528505089,0.837087526
6536,0.666469054,0.527390463,0.528621587,0.836107316
6537,0.666452778,0.527394599,0.528550313,0.836106428
6538,0.666465159,0.527396796,0.528629652,0.837062549
6539,0.666470517,0.5273903,0.528064402,0.837269248
6540,0.666460925,0.527357457,0.527906045,0.838235775
6541,0.666483971,0.527346032,0.527740418,0.838297429
6542,0.666504149,0.527321761,0.527726404,0.838308958
6543,0.666504774,0.527355688,0.527131491,0.838279864
6544,0.666487503,0.527291498,0.526884962,0.838399595
6545,0.666508865,0.527286371,0.526246874,0.83933286
6546,0.666499909,0.52727721,0.526193914,0.839407527
6547,0.666516504,0.527311652,0.525808172,0.839293358
6548,0.666507461,0.527294372,0.525944741,0.839414286
6549,0.666507985,0.527377891,0.525970323,0.840309384
6550,0.666508584,0.527341314,0.526267886,0.840456222
6551,0.666489462,0.527355874,0.526092773,0.842345189
6552,0.666468193,0.527337066,0.526212358,0.842654765
6553,0.666490703,0.527366005,0.526123123,0.842637303
6554,0.666487155,0.527319517,0.526309254,0.842663021
6555,0.666492085,0.527366007,0.526157357,0.84264512
6556,0.666454171,0.52735631,0.525945019,0.842642697
6557,0.666469335,0.527288734,0.526098206,0.842632007
6558,0.666455451,0.527281937,0.526084232,0.842628182
6559,0.666444813,0.527201365,0.525666966,0.842616657
6560,0.66640829,0.527201788,0.525793112,0.842478953
6561,0.666397919,0.527160128,0.525433218,0.842456799
6562,0.666392352,0.527201315,0.525649946,0.842498815
6563,0.666392393,0.527108359,0.525327564,0.842346526
6564,0.666380196,0.527119103,0.525391823,0.842360682
6565,0.66636741,0.527008329,0.525502795,0.84223924
6566,0.666315298,0.527053552,0.526098711,0.842246581
6567,0.666347124,0.52699344,0.526593126,0.842244027
6568,0.666313598,0.527025092,0.526690153,0.842248559
6569,0.666320848,0.526901313,0.527331593,0.842147769
6570,0.666276677,0.526939246,0.527110133,0.842149302
6571,0.666289731,0.526741282,0.527479935,0.842173128
6572,0.666270522,0.526769747,0.527032531,0.842134358
6573,0.666269022,0.526691507,0.527535962,0.842138791
6574,0.666244143,0.52672621,0.527130125,0.842119589
6575,0.666247573,0.526616177,0.527377018,0.842232502
6576,0.666228974,0.526634753,0.527265787,0.843043476
6577,0.666243403,0.526512681,0.527033088,0.842340556
6578,0.666245977,0.526537149,0.527293502,0.843275054
6579,0.666254587,0.526541334,0.52731569,0.843419817
6580,0.666262218,0.526525051,0.527064978,0.844378967
6581,0.666265461,0.526536318,0.527430678,0.843546658
6582,0.66626312,0.526553712,0.527251962,0.844373814
6583,0.666280274,0.526604452,0.52764212,0.843640371
6584,0.666301999,0.526601624,0.52745622,0.844518908
6585,0.666336819,0.526530879,0.528031459,0.844686286
6586,0.666314895,0.526522131,0.527676118,0.845372973
6587,0.666364497,0.526657488,0.527975562,0.84457478
6588,0.666361289,0.526621068,0.527655119,0.845459869
6589,0.666394636,0.526707767,0.527995173,0.845574036
6590,0.666414792,0.526702366,0.527507579,0.846529774
6591,0.666425062,0.526695619,0.527960923,0.84664867
6592,0.666415988,0.526680553,0.527779731,0.847608461
6593,0.666441471,0.526695811,0.528169999,0.8488162
6594,0.666403363,0.526685988,0.527415575,0.849469764
6595,0.666408016,0.526590874,0.527921083,0.848725823
6596,0.666424054,0.526595024,0.527866902,0.848689137
6597,0.66644597,0.526641498,0.528547599,0.84783464
6598,0.666464262,0.52666475,0.528017552,0.847776078
6599,0.666479434,0.526802285,0.528267603,0.846802986
6600,0.666498155,0.526804191,0.52780432,0.846800796
6601,0.666504564,0.526965064,0.52787241,0.846833083
6602,0.666503568,0.526928229,0.527418574,0.846862307
6603,0.666534678,0.527094657,0.527467458,0.846883763
6604,0.666521585,0.527084685,0.527223754,0.846887755
6605,0.666545124,0.527065301,0.527468919,0.84693355
6606,0.666547107,0.527049138,0.527195977,0.847845684
6607,0.666568487,0.527170557,0.526752041,0.848070772
6608,0.666573499,0.52716511,0.527251406,0.84710147
6609,0.666612227,0.527262488,0.527039299,0.847109288
6610,0.666619439,0.527293915,0.527192555,0.847095375
6611,0.666676281,0.527360643,0.527164629,0.847304703
6612,0.666651288,0.527363525,0.527215173,0.84822432
6613,0.666660756,0.527511348,0.527252146,0.848364269
6614,0.666660443,0.527512652,0.527228524,0.84930517
6615,0.666685587,0.527521307,0.527699674,0.849386621
6616,0.666675084,0.527568219,0.527545756,0.85033094
6617,0.666677564,0.527552325,0.527652928,0.850456216
6618,0.666666231,0.527582412,0.527206943,0.85143959
6619,0.666689728,0.527613224,0.527583021,0.851533504
6620,0.666689076,0.527644391,0.527007682,0.851526805
6621,0.666694885,0.527652322,0.526974691,0.851679376
6622,0.666677292,0.527705357,0.526694974,0.852636104
6623,0.666676692,0.527747598,0.526714633,0.852763688
6624,0.6666186,0.52778183,0.526133974,0.852752766
6625,0.666610511,0.527718421,0.525821339,0.852898083
6626,0.666577517,0.527736657,0.525670429,0.853710561
6627,0.666621293,0.527789345,0.525708215,0.852980875
6628,0.666589018,0.52783557,0.525407091,0.85484298
6629,0.6666055,0.527768475,0.525681916,0.855286694
6630,0.666577668,0.527797779,0.52548622,0.857172267
6631,0.666602165,0.527668982,0.525732487,0.857547101
6632,0.66658898,0.527750201,0.52576809,0.859433528
6633,0.666590324,0.527547794,0.525828639,0.859782305
6634,0.666548582,0.527585426,0.525864832,0.860682308
6635,0.66655462,0.527463269,0.525461988,0.859919473
6636,0.666539693,0.527503013,0.525385725,0.859780933
6637,0.666548526,0.527520867,0.524972512,0.858853242
6638,0.666561083,0.527589184,0.525052813,0.858762809
6639,0.666574809,0.527552278,0.52539428,0.858791048
6640,0.666571179,0.527612665,0.52499296,0.858777107
6641,0.666577854,0.527564731,0.524876912,0.85877881
6642,0.666561662,0.527621786,0.524628383,0.858831976
6643,0.666571612,0.527696996,0.524566737,0.859824489
6644,0.666555865,0.527709042,0.524359116,0.859678237
6645,0.666596848,0.527678585,0.524292656,0.859731376
6646,0.666585729,0.527696299,0.52400449,0.859872436
6647,0.666600687,0.527561886,0.524488864,0.858927291
6648,0.666570973,0.527596577,0.524116242,0.85887046
6649,0.666557605,0.527433721,0.524328919,0.858742538
6650,0.666539284,0.527464476,0.524136521,0.858750396
6651,0.666504303,0.527277115,0.523740764,0.858672376
6652,0.666458001,0.527354709,0.523589037,0.858642454
6653,0.666448834,0.527387319,0.523479616,0.858754583
6654,0.666407447,0.527441045,0.523333832,0.859673186
6655,0.666381033,0.527401952,0.522964267,0.859834412
6656,0.666334081,0.527430513,0.523213843,0.860730101
6657,0.666321403,0.527386212,0.522575433,0.859859338
6658,0.666289292,0.527401064,0.522971142,0.859748881
6659,0.666284414,0.527311223,0.522423556,0.859138831
6660,0.66624574,0.527336724,0.522866352,0.858956643
6661,0.666252438,0.527240837,0.522429443,0.859023466
6662,0.666204079,0.527259644,0.522852809,0.858956515
6663,0.666212101,0.527248981,0.522370268,0.858008999
6664,0.666150061,0.527273012,0.522737215,0.857904874
6665,0.666169328,0.527270712,0.522423087,0.856923894
6666,0.666131701,0.527286322,0.522825867,0.856834619
6667,0.666134772,0.527215125,0.523012048,0.855991238
6668,0.666109726,0.527224145,0.522944564,0.855902423
6669,0.66611981,0.527156529,0.522875463,0.855887467
6670,0.666074139,0.527166866,0.522887211,0.855897117
6671,0.666094116,0.527098662,0.522726111,0.855735506
6672,0.666057202,0.52714148,0.522569066,0.855710556
6673,0.66605488,0.527081819,0.522442932,0.855703527
6674,0.666025839,0.527120991,0.522483309,0.855679805
6675,0.666048575,0.527126754,0.522020641,0.855857669
6676,0.666038132,0.527162611,0.521920666,0.855854742
6677,0.666045749,0.527078507,0.52203022,0.855885812
6678,0.666036012,0.527096465,0.522188711,0.856852701
6679,0.666003528,0.527040098,0.522289769,0.85686268
6680,0.665970694,0.527052696,0.52243229,0.857841359
6681,0.665976202,0.527089716,0.52247142,0.857806463
6682,0.665962778,0.527060991,0.522785418,0.857822328
6683,0.665958613,0.527052971,0.522741149,0.857737134
6684,0.665952553,0.52708723,0.522940405,0.85778654
6685,0.665957363,0.527068364,0.522919177,0.85766269
6686,0.665937661,0.527074277,0.523022457,0.857692126
6687,0.665965512,0.527085594,0.52332077,0.857611049
6688,0.665933502,0.527121008,0.522943856,0.85762308
6689,0.665946238,0.52704046,0.523241527,0.857606375
6690,0.665890238,0.527063205,0.522663072,0.858569868
6691,0.665872073,0.526957547,0.522514055,0.858528591
6692,0.665842047,0.527013177,0.522015168,0.85758158
6693,0.665855762,0.52693252,0.522276793,0.857537346
6694,0.66580451,0.526969719,0.521757893,0.857525804
6695,0.665790958,0.526911861,0.521686062,0.857622212
6696,0.665750184,0.52697091,0.52114092,0.857729819
6697,0.665762041,0.526920888,0.521091962,0.857681083
6698,0.665706815,0.526969211,0.520780067,0.857744016
6699,0.665708717,0.52677285,0.520858878,0.857672003
6700,0.665654164,0.526863134,0.520955857,0.857762604
6701,0.665649607,0.526768843,0.520882761,0.857670914
6702,0.665610242,0.526855718,0.520826285,0.857692762
6703,0.665599186,0.526715492,0.520542226,0.857665003
6704,0.665550788,0.526794215,0.520526958,0.857754585
6705,0.665555748,0.526680508,0.52048889,0.857706107
6706,0.665491896,0.526746572,0.520197193,0.857727246
6707,0.665494875,0.526611084,0.520093909,0.857714676
6708,0.665441456,0.526690959,0.519874078,0.857730691
6709,0.665431828,0.526608416,0.519674059,0.857667735
6710,0.66537809,0.526638664,0.519121573,0.857667038
6711,0.665397266,0.526568934,0.51901012,0.857811979
6712,0.665363544,0.526650635,0.518765144,0.858735268
6713,0.665373236,0.526511438,0.518782996,0.857905072
6714,0.66532717,0.526590061,0.518597174,0.858847936
6715,0.665322657,0.52648005,0.51855779,0.857970398
6716,0.66529154,0.526569559,0.518211028,0.85893817
6717,0.665287164,0.526506464,0.518216598,0.859959586
6718,0.665229984,0.526588672,0.517673215,0.860068194
6719,0.665217163,0.526424536,0.517755392,0.860986754
6720,0.665150086,0.526485888,0.516923703,0.861022342
6721,0.665122571,0.526340542,0.516791242,0.861045166
6722,0.665096683,0.526399885,0.51708053,0.86116129
6723,0.665074324,0.526291819,0.516880171,0.862083941
6724,0.665029927,0.526387768,0.517279832,0.862162689
6725,0.665024802,0.526200343,0.517297391,0.863083585
6726,0.664981499,0.526295477,0.51774074,0.863279969
6727,0.664975361,0.526106062,0.517810506,0.863916603
6728,0.664918997,0.526214151,0.518041553,0.864042667
6729,0.664934172,0.526009542,0.518005088,0.864925217
6730,0.664880367,0.526105144,0.517754208,0.865255769
6731,0.66489126,0.525967247,0.518076358,0.866065749
6732,0.664837225,0.526070553,0.518355301,0.865248603
6733,0.664816467,0.525892428,0.518213896,0.865942908
6734,0.664777854,0.526005038,0.517983944,0.865130078
6735,0.664785608,0.525806682,0.5180082,0.8650196
6736,0.664713809,0.525918439,0.517936441,0.865069527
6737,0.664695552,0.525749151,0.517968807,0.864981071
6738,0.664635472,0.525830947,0.517603617,0.86402718
6739,0.664678495,0.525715719,0.517880574,0.865174922
6740,0.664637874,0.525818068,0.517993512,0.865226014
6741,0.66465407,0.525653011,0.517807332,0.865304985
6742,0.66462467,0.525746229,0.518033577,0.865334078
6743,0.664616717,0.525638312,0.517616659,0.865291325
6744,0.664581555,0.525717812,0.518065665,0.86530922
6745,0.664587689,0.525571695,0.518261646,0.865284377
6746,0.664529008,0.525640306,0.51864283,0.865294436
6747,0.664502383,0.525519041,0.51821479,0.865248937
6748,0.664436973,0.525576123,0.518535229,0.865156982
6749,0.664442057,0.525428298,0.518062683,0.864199224
6750,0.664404512,0.525499276,0.518449658,0.864094671
6751,0.664377251,0.525365413,0.517952138,0.86413478
6752,0.664323798,0.525426283,0.518359207,0.865084442
6753,0.664327287,0.525230768,0.518174087,0.865144586
6754,0.664286533,0.525329849,0.518335977,0.864185765
6755,0.664313142,0.52514469,0.518220951,0.864054403
6756,0.664285669,0.525242637,0.518435546,0.864068687
6757,0.664314301,0.525110538,0.518682331,0.864071028
6758,0.664280705,0.525205919,0.518681676,0.864076512
6759,0.664304861,0.525061638,0.518675358,0.864097617
6760,0.664278169,0.525157669,0.51880329,0.865051469
6761,0.664304302,0.525003788,0.518882466,0.865141368
6762,0.66424291,0.525068619,0.518866803,0.866093866
6763,0.664249429,0.524941103,0.518835555,0.866099901
6764,0.664191827,0.525013891,0.518556817,0.86514706
6765,0.664219487,0.524864908,0.518772475,0.865345921
6766,0.664166096,0.524960794,0.518135757,0.864403704
6767,0.66418581,0.524808469,0.518488894,0.864382648
6768,0.664158512,0.524915011,0.517915811,0.864404912
6769,0.664187545,0.524769633,0.518229302,0.864309785
6770,0.664138161,0.524858414,0.517775071,0.864322106
6771,0.664155831,0.524695296,0.518183713,0.864313527
6772,0.664103326,0.524766816,0.517572212,0.864338855
6773,0.664099392,0.524598402,0.51768653,0.864317081
6774,0.664037125,0.524692871,0.517361069,0.864333842
6775,0.664057276,0.524574086,0.516769515,0.864314847
6776,0.664024401,0.524681412,0.516920015,0.864330096
6777,0.664071819,0.524485726,0.516770313,0.864376938
6778,0.664007832,0.524553788,0.516665143,0.865349502
6779,0.663998501,0.524370069,0.516177539,0.865424011
6780,0.663955291,0.524472582,0.516213174,0.866398414
6781,0.663953589,0.52425818,0.516289025,0.866529897
6782,0.663873327,0.524362534,0.515693092,0.866545131
6783,0.663874737,0.524151532,0.515940456,0.866604043
6784,0.663817122,0.524244676,0.515461385,0.866621159
6785,0.663783534,0.52403804,0.515633826,0.866622682
6786,0.663712332,0.524104421,0.515168904,0.866641058
6787,0.663707143,0.52395467,0.515028236,0.866529406
6788,0.66364261,0.524054819,0.514714233,0.8655826
6789,0.663636539,0.523859854,0.514807331,0.865456527
6790,0.663600403,0.523972329,0.514778431,0.864514548
6791,0.66360803,0.523812817,0.514722844,0.864434731
6792,0.663558292,0.52388577,0.514479081,0.864489086
6793,0.66356213,0.523689018,0.514872574,0.86447664
6794,0.663511299,0.523766126,0.514926556,0.864514838
6795,0.66352929,0.523578694,0.515188233,0.864442923
6796,0.663465537,0.523650332,0.515122522,0.86449638
6797,0.663462822,0.523471073,0.514871788,0.864410905
6798,0.663388749,0.523542911,0.514685642,0.864475145
6799,0.663407114,0.523408498,0.514710139,0.864403731
6800,0.663348967,0.523476938,0.514316784,0.864457317
6801,0.663376402,0.523356079,0.514107878,0.86443692
6802,0.663310478,0.523431528,0.513518917,0.864460281
6803,0.663311859,0.523347676,0.513452309,0.864384067
6804,0.663263631,0.523419374,0.513417748,0.864387938
6805,0.663272046,0.523334272,0.513392415,0.864372751
6806,0.663217536,0.523426249,0.513248076,0.864365803
6807,0.663236313,0.523309968,0.513273338,0.864366029
6808,0.663181907,0.523386121,0.513294382,0.864327783
6809,0.663179486,0.52324168,0.513763838,0.864142052
6810,0.66314129,0.523302971,0.513915487,0.864144595
6811,0.663151499,0.523237297,0.514403269,0.864051991
6812,0.663109401,0.523280129,0.514642858,0.863092981
6813,0.663115212,0.52315824,0.514890499,0.862898531
6814,0.663096577,0.523245586,0.514961878,0.861925386
6815,0.663132903,0.523123921,0.514876707,0.861893895
6816,0.663094802,0.523198258,0.515081189,0.861034101
6817,0.663095411,0.523062458,0.515044721,0.860930179
6818,0.663041442,0.523136306,0.514929443,0.860977154
6819,0.663040595,0.522957313,0.515019157,0.860919711
6820,0.663004446,0.523030503,0.515002896,0.861029303
6821,0.663005305,0.522934429,0.514942375,0.861940131
6822,0.662944293,0.522970638,0.514874689,0.862090243
6823,0.662942374,0.522923973,0.51452059,0.863005564
6824,0.662890096,0.522983738,0.514532141,0.863195686
6825,0.662905251,0.522866359,0.514353628,0.863186588
6826,0.662857473,0.522920763,0.514135262,0.863215611
6827,0.662869739,0.522873882,0.513879251,0.863157824
6828,0.662807742,0.522926308,0.514042933,0.862961082
6829,0.662818073,0.522802942,0.513735654,0.862962276
6830,0.662794327,0.522873518,0.513881813,0.863030272
6831,0.662783441,0.52276251,0.513822536,0.863964696
6832,0.662751888,0.522832402,0.514529197,0.86400809
6833,0.662783778,0.522732763,0.514554841,0.864965255
6834,0.662751307,0.522836672,0.514573152,0.865040434
6835,0.662751973,0.522736138,0.51432184,0.86594873
6836,0.662724099,0.522794085,0.514348941,0.865984546
6837,0.662749408,0.522730104,0.514353012,0.866936117
6838,0.662710319,0.522796152,0.514238372,0.867060488
6839,0.662735542,0.522724587,0.51417684,0.868025066
6840,0.662696563,0.522768496,0.514339486,0.868244948
6841,0.662678344,0.522681923,0.51397676,0.869193394
6842,0.662664499,0.522745264,0.514383951,0.86923724
6843,0.662681776,0.522635958,0.51427831,0.869228541
6844,0.662646595,0.522721004,0.514322551,0.869205655
6845,0.662634783,0.522574603,0.513949969,0.869032465
6846,0.662608291,0.522640533,0.514042752,0.869149285
6847,0.662602699,0.522519941,0.513854678,0.86906331
6848,0.662546067,0.522581248,0.513864275,0.868062622
6849,0.662581317,0.522459714,0.513614298,0.867066869
6850,0.662521152,0.522552842,0.513688186,0.866109681
6851,0.662529087,0.52245546,0.513455616,0.866063525
6852,0.662514564,0.52253186,0.514031445,0.866024584
6853,0.662523984,0.522429004,0.513600422,0.865011169
6854,0.662504549,0.522506712,0.514088105,0.864155137
6855,0.662510628,0.522412177,0.514022408,0.863161819
6856,0.662463229,0.522506987,0.513972012,0.862136899
6857,0.662445226,0.522383119,0.513896204,0.861066272
6858,0.662405741,0.522436877,0.514165282,0.86106976
6859,0.662421241,0.522318366,0.514039219,0.860091036
6860,0.66234866,0.522445795,0.514151924,0.85988995
6861,0.662361471,0.522313678,0.51416655,0.859853929
6862,0.662309566,0.522373966,0.514690127,0.859858334
6863,0.662356243,0.522253241,0.514738236,0.859837268
6864,0.662313637,0.522367047,0.514951964,0.859903183
6865,0.662324331,0.522236598,0.514544398,0.860867851
6866,0.662259735,0.522336303,0.51490929,0.860931976
6867,0.662299955,0.52221466,0.514674341,0.860935843
6868,0.662294298,0.522308628,0.515380025,0.860995908
6869,0.662318371,0.522174908,0.515152072,0.860999422
6870,0.66229654,0.522308972,0.515667221,0.861027728
6871,0.66235133,0.522167629,0.51524049,0.861236273
6872,0.662309765,0.522281243,0.515552506,0.86120648
6873,0.662334248,0.522147429,0.51572365,0.861216666
6874,0.662291044,0.522255532,0.516079161,0.861150708
6875,0.662311211,0.522123397,0.515987779,0.86115686
6876,0.66227858,0.522268231,0.516361269,0.861038243
6877,0.662299405,0.522119808,0.516333472,0.861111234
6878,0.662239346,0.522254773,0.516639199,0.862060119
6879,0.66228498,0.522127642,0.516611539,0.862136449
6880,0.662240126,0.522242281,0.516360217,0.862113533
6881,0.662268329,0.522115584,0.516188976,0.862136193
6882,0.662232849,0.522287422,0.516348983,0.862120325
6883,0.662271066,0.522095749,0.515933269,0.862105795
6884,0.66223837,0.522221915,0.516474727,0.862125495
6885,0.662266452,0.521959382,0.516108531,0.862102521
6886,0.66220067,0.522143014,0.516610819,0.862044533
6887,0.66225932,0.52195001,0.516115476,0.862050273
6888,0.662208021,0.522114611,0.516492777,0.862118611
6889,0.662245648,0.521888377,0.516359286,0.862114716
6890,0.662186326,0.522063423,0.516715189,0.862117687
6891,0.662213602,0.521811359,0.516605604,0.862181481
6892,0.662164439,0.521942683,0.516874051,0.863154822
6893,0.662227489,0.521697939,0.516856731,0.863199001
6894,0.662208731,0.521886404,0.517180174,0.864225831
6895,0.662228912,0.521529242,0.516729459,0.864258901
6896,0.662182615,0.521760541,0.516948099,0.863324386
6897,0.662219741,0.521433273,0.516656383,0.86305469
6898,0.66212819,0.521609521,0.516273492,0.862102416
6899,0.662174046,0.521265506,0.516410038,0.861932673
6900,0.662092231,0.521440629,0.515961635,0.860016902
6901,0.662112917,0.521125905,0.516143556,0.859967514
6902,0.662087829,0.521335886,0.516188152,0.859004962
6903,0.662119816,0.521008776,0.516429324,0.858991341
6904,0.662043082,0.521246002,0.516192873,0.858984824
6905,0.662101213,0.521013302,0.516052491,0.858956676
6906,0.662063366,0.521250217,0.515985506,0.85895641
6907,0.662123976,0.520976891,0.515758364,0.858960132
6908,0.662066687,0.521226833,0.515725019,0.858912172
6909,0.662112566,0.52094107,0.5156613,0.85895011
6910,0.662042824,0.521193144,0.515279537,0.858781537
6911,0.662053402,0.520774494,0.515213795,0.858840275
6912,0.661981458,0.521058373,0.515178529,0.858700119
6913,0.662013002,0.520794575,0.515321143,0.858745559
6914,0.661960043,0.521077146,0.515547574,0.858645811
6915,0.662016205,0.520732908,0.515927287,0.85873886
6916,0.66195652,0.520974425,0.516160398,0.858652806
6917,0.661991103,0.520657043,0.515609,0.858718908
6918,0.661944437,0.520925091,0.515824973,0.859558747
6919,0.661986898,0.520570636,0.515571212,0.859726877
6920,0.661950575,0.520873485,0.515851946,0.860639883
6921,0.662000835,0.520440057,0.515696969,0.860823309
6922,0.661955476,0.520789008,0.515678985,0.860670512
6923,0.662006226,0.52052783,0.515475901,0.859786103
6924,0.661946896,0.520842374,0.515296353,0.859750346
6925,0.662002903,0.520494102,0.515057937,0.858841092
6926,0.661947409,0.520890513,0.515276431,0.858681379
6927,0.661985959,0.520488675,0.51534197,0.857727122
6928,0.661943885,0.52083408,0.515501893,0.856707942
6929,0.662006269,0.520518039,0.515661318,0.85577546
6930,0.661969838,0.520782516,0.515432222,0.854757283
6931,0.662012571,0.520505014,0.515354153,0.854759837
6932,0.661968776,0.5207707,0.515701051,0.853803774
6933,0.66204034,0.520494951,0.515691614,0.853848667
6934,0.662018444,0.520758894,0.516266907,0.853861915
6935,0.662092746,0.520556678,0.516206412,0.853900456
6936,0.662061363,0.520844218,0.516106611,0.853944725
6937,0.662131176,0.520635169,0.516151303,0.853939866
6938,0.662116249,0.520916711,0.51645863,0.853934574
6939,0.662194691,0.520666484,0.516324122,0.854103577
6940,0.662146966,0.520818101,0.516349702,0.855058702
6941,0.662194961,0.520597666,0.516168927,0.855180586
6942,0.662167168,0.52088167,0.516325353,0.855189114
6943,0.662254461,0.520616065,0.516611923,0.855288957
6944,0.662206726,0.520793677,0.516689949,0.855252619
6945,0.662247751,0.520478758,0.516928297,0.855210245
6946,0.662195792,0.520692342,0.517002247,0.855209565
6947,0.662260552,0.520343712,0.517542246,0.855307295
6948,0.662205957,0.520710416,0.517517192,0.855303962
6949,0.662231709,0.520329122,0.517670288,0.855240336
6950,0.662171805,0.52049608,0.517575,0.855257658
6951,0.662192942,0.520136814,0.517470981,0.855252352
6952,0.662124313,0.520342726,0.517288917,0.855276516
6953,0.662175858,0.519979649,0.517445083,0.85523024
6954,0.662120001,0.520194148,0.517051568,0.855243511
6955,0.66212978,0.519748774,0.517139353,0.855230981
6956,0.662056556,0.519926181,0.516940121,0.855267281
6957,0.662074138,0.519535274,0.516702789,0.855231723
6958,0.662013912,0.519684967,0.516752255,0.855206702
6959,0.662023586,0.519381253,0.516587861,0.855215253
6960,0.661960027,0.519513966,0.516856436,0.855185245
6961,0.661991313,0.519182772,0.516663977,0.855207889
6962,0.661943367,0.519356095,0.516470869,0.855208362
6963,0.661981963,0.51902636,0.516538731,0.855270776
6964,0.661929261,0.519194908,0.516593433,0.855234891
6965,0.661941387,0.518851821,0.516696632,0.855261118
6966,0.661882046,0.51903779,0.516622037,0.855228739
6967,0.661905403,0.518703087,0.516972017,0.855338321
6968,0.661845536,0.518850862,0.516857283,0.856261812
6969,0.661858047,0.518453332,0.517320273,0.856462241
6970,0.661799286,0.518581197,0.516847361,0.856404126
6971,0.661815185,0.518184899,0.517244611,0.85634128
6972,0.661768279,0.51832487,0.516780422,0.856132135
6973,0.661794072,0.518023645,0.517398584,0.85530164
6974,0.66176181,0.518216429,0.517495707,0.855157248
6975,0.661789119,0.517979608,0.5180897,0.855268622
6976,0.66175326,0.518127548,0.518026392,0.856193245
6977,0.661789867,0.517810522,0.518689421,0.856392706
6978,0.661749828,0.517964066,0.518469907,0.856293967
6979,0.661771261,0.517686093,0.518822137,0.856308955
6980,0.661722738,0.517869559,0.51868795,0.856267514
6981,0.661741183,0.517640564,0.5185273,0.856284802
6982,0.661720865,0.517807373,0.518718179,0.856260529
6983,0.661766703,0.517620996,0.518530988,0.856383428
6984,0.661725408,0.517819113,0.518469662,0.857274074
6985,0.661778122,0.517656532,0.51861963,0.857499275
6986,0.661718608,0.517812602,0.518307529,0.858387094
6987,0.661742889,0.517605429,0.517997724,0.858562577
6988,0.661674394,0.517758758,0.517683891,0.860390659
6989,0.661692648,0.517548413,0.517707803,0.860575606
6990,0.661663002,0.517701234,0.517632837,0.860552025
6991,0.661690317,0.517567645,0.517245675,0.860525107
6992,0.661654801,0.517742955,0.517397168,0.860495889
6993,0.661704601,0.517569441,0.517537986,0.860554341
6994,0.661620207,0.517749117,0.517356628,0.861521173
6995,0.661661333,0.517545884,0.517659646,0.86174885
6996,0.661615157,0.517712066,0.517309727,0.8636372
6997,0.661646542,0.517479902,0.517223481,0.863918893
6998,0.66157074,0.517630412,0.51671975,0.865806733
6999,0.66157826,0.517419389,0.516315707,0.866138216
7000,0.661525759,0.517608974,0.515871695,0.867026288
7001,0.661577493,0.517392549,0.515991529,0.867144126
7002,0.66155966,0.517555074,0.515870675,0.866142491
7003,0.661560817,0.517318756,0.515804753,0.866160054
7004,0.661512135,0.5175379,0.515929355,0.866118729
7005,0.661565173,0.51736723,0.515986971,0.866282536
7006,0.661513406,0.517574562,0.515786575,0.866178593
7007,0.661545002,0.517340722,0.515830036,0.866312523
7008,0.661477851,0.517537029,0.51580001,0.867051726
7009,0.661528331,0.517318807,0.515933333,0.86725979
7010,0.661471343,0.517524767,0.515736915,0.866214623
7011,0.661533807,0.517310924,0.516058862,0.866305517
7012,0.661516054,0.517527334,0.516272038,0.865282641
7013,0.661567481,0.517228772,0.516359779,0.865143033
7014,0.661534958,0.517446061,0.516490432,0.86507323
7015,0.661560008,0.517213132,0.516451984,0.865110988
7016,0.661530469,0.517449696,0.516447399,0.864136531
7017,0.661573036,0.517205734,0.516698351,0.864117197
7018,0.661520558,0.517444744,0.516137902,0.863105032
7019,0.661590529,0.517182546,0.516161229,0.863032856
7020,0.66156083,0.517403694,0.515733852,0.862992927
7021,0.661594422,0.517267821,0.515662527,0.86300188
7022,0.661536669,0.51740209,0.515824396,0.862963452
7023,0.661566798,0.517272319,0.51601117,0.862953243
7024,0.661543086,0.517455119,0.515964313,0.862934627
7025,0.661579819,0.517276516,0.516048283,0.863115175
7026,0.66155019,0.5174734,0.515867236,0.863080331
7027,0.661563851,0.51731016,0.515738546,0.863030669
7028,0.661521231,0.517524539,0.515988131,0.863016995
7029,0.661570684,0.517386524,0.516128461,0.863016931
7030,0.6615571,0.517550698,0.516208445,0.863003122
7031,0.661582096,0.517425257,0.516056483,0.863002334
7032,0.66155749,0.517634753,0.516106533,0.863008245
7033,0.661607622,0.517522623,0.51596292,0.863037009
7034,0.661567673,0.517684504,0.515840874,0.863032072
7035,0.661617095,0.517531047,0.515812508,0.863102233
7036,0.661570287,0.517686488,0.515633616,0.864052944
7037,0.661607652,0.517535153,0.516003947,0.864177461
7038,0.661577841,0.517705979,0.515879876,0.864171171
7039,0.661592205,0.517582417,0.516018676,0.864149662
7040,0.661558794,0.517739394,0.516148823,0.864172981
7041,0.661589208,0.517603959,0.516516135,0.864161935
7042,0.661529118,0.51776483,0.516395831,0.864160857
7043,0.661548122,0.517594976,0.516732678,0.864176245
7044,0.661510555,0.517788039,0.516727237,0.86413707
7045,0.661497564,0.517667385,0.517197258,0.863952418
7046,0.661447392,0.517789778,0.517124914,0.862972823
7047,0.661459499,0.517635116,0.517352456,0.862833183
7048,0.661431601,0.51776097,0.517414175,0.861892964
7049,0.661460113,0.517528652,0.517336907,0.861726351
7050,0.661415761,0.517660697,0.517263575,0.861733586
7051,0.661474592,0.517485855,0.517115759,0.861729524
7052,0.661447194,0.517645745,0.517022333,0.861743005
7053,0.661476871,0.51746217,0.516946314,0.861735887
7054,0.661433155,0.517689889,0.516809194,0.861718954
7055,0.661458936,0.517470863,0.516887444,0.861722585
7056,0.661438004,0.517647378,0.516997878,0.86173676
7057,0.661471235,0.517495142,0.516917607,0.861663241
7058,0.661452774,0.517711208,0.51698152,0.86165584
7059,0.661496535,0.517603968,0.517209118,0.861628706
7060,0.661473332,0.517771056,0.517199921,0.861779028
7061,0.661507073,0.517618781,0.517583516,0.861655456
7062,0.66146505,0.517733023,0.517445997,0.861666957
7063,0.661503599,0.517589977,0.517913717,0.86178533
7064,0.661451699,0.517758136,0.517714145,0.861788568
7065,0.661503725,0.517602661,0.518061836,0.861898568
7066,0.661452851,0.517741622,0.517513985,0.861898243
7067,0.661474046,0.517584596,0.517323408,0.861947108
7068,0.66147343,0.517722484,0.517248246,0.861935287
7069,0.661489657,0.517524185,0.517399451,0.862018007
7070,0.661467558,0.517667778,0.517155607,0.86201878
7071,0.661489009,0.517483299,0.517158336,0.862016575
7072,0.661463785,0.517656625,0.517066989,0.862012744
7073,0.661501227,0.517454297,0.516973825,0.862046953
7074,0.661478639,0.517623977,0.516869092,0.862017457
7075,0.661520148,0.517444257,0.517023134,0.862010389
7076,0.661487391,0.517633004,0.516719568,0.862075715
7077,0.661483373,0.517362584,0.517249835,0.863045347
7078,0.661405299,0.517528,0.516837929,0.863045052
7079,0.661436147,0.517237182,0.517006652,0.863053888
7080,0.661366666,0.517442619,0.516667402,0.862930586
7081,0.661382404,0.517177534,0.516625301,0.862931221
7082,0.661314492,0.517339321,0.51663587,0.862710453
7083,0.661346256,0.517082063,0.51662318,0.863662069
7084,0.66128528,0.517265698,0.516580675,0.86369356
7085,0.661300871,0.517015503,0.516532855,0.863666545
7086,0.661264335,0.517156148,0.516563862,0.863941775
7087,0.66124828,0.516797712,0.516477069,0.864885816
7088,0.661200791,0.516961053,0.516488351,0.864965569
7089,0.661199541,0.516668246,0.516226067,0.864965605
7090,0.66114561,0.516793733,0.516515605,0.864986217
7091,0.661179525,0.516599511,0.516328444,0.864996903
7092,0.661127226,0.51677635,0.516538814,0.865015317
7093,0.661120527,0.516504842,0.51614654,0.865010273
7094,0.661088275,0.516665447,0.516459974,0.865306957
7095,0.661098121,0.516446047,0.516285019,0.86627186
7096,0.661034922,0.516580401,0.516609989,0.866222011
7097,0.66105076,0.516276572,0.516234393,0.86622463
7098,0.660996078,0.51646686,0.516439278,0.86604782
7099,0.661007624,0.516079968,0.516096825,0.866042594
7100,0.660955717,0.516253462,0.516536069,0.865969845
7101,0.660971901,0.515895864,0.516230615,0.865963836
7102,0.660911729,0.516057254,0.516471271,0.865953304
7103,0.660924588,0.515675956,0.516113545,0.865982962
7104,0.660872162,0.515843678,0.516311963,0.865964089
7105,0.660883264,0.51562917,0.516263405,0.866035885
7106,0.660835884,0.515737539,0.516305686,0.866041595
7107,0.660825945,0.515370188,0.51619693,0.866100561
7108,0.660785169,0.515478264,0.516228183,0.866990638
7109,0.660776251,0.515127083,0.516596562,0.866121628
7110,0.66073478,0.515240464,0.5165058,0.865944586
7111,0.660714811,0.514984177,0.516860083,0.864955911
7112,0.660677007,0.515093414,0.516941726,0.864806304
7113,0.660676773,0.514755069,0.516900781,0.864778012
7114,0.660631416,0.514826098,0.516596196,0.864787364
7115,0.660630909,0.514586351,0.516530028,0.864783944
7116,0.660581487,0.51469609,0.516277053,0.864759825
7117,0.660623536,0.514466967,0.51582595,0.863799663
7118,0.660589354,0.514567864,0.51551914,0.863613317
7119,0.660601093,0.514258555,0.514860977,0.863591333
7120,0.660535009,0.514363765,0.514588113,0.863587562
7121,0.660560325,0.514091416,0.514824318,0.863588306
7122,0.660539849,0.514207567,0.514655572,0.863584886
7123,0.660550407,0.513870923,0.514348937,0.863511463
7124,0.660540785,0.514002344,0.514405607,0.862472295
7125,0.660577463,0.513771028,0.514507524,0.862398755
7126,0.660542254,0.513928109,0.514130913,0.861492244
7127,0.660553452,0.513661535,0.514075492,0.862447078
7128,0.66049874,0.513846667,0.514002415,0.86238106
7129,0.660528466,0.513605825,0.513631332,0.862393424
7130,0.660482978,0.513813728,0.514107699,0.862284609
7131,0.660485711,0.51357051,0.513816219,0.862279712
7132,0.660427688,0.513704058,0.514065168,0.862255297
7133,0.660460768,0.513443269,0.514484974,0.862279974
7134,0.660426511,0.513527949,0.514299927,0.862281499
7135,0.660440391,0.51327814,0.5146493,0.863259963
7136,0.66040058,0.51345672,0.514895419,0.863361243
7137,0.660411572,0.5131919,0.515250557,0.864331113
7138,0.660346329,0.513304422,0.515255903,0.86430117
7139,0.660358209,0.513019825,0.515196761,0.864289228
7140,0.66029939,0.513172834,0.515155876,0.864295198
7141,0.660339039,0.512905017,0.515608465,0.864289413
7142,0.660315247,0.513062004,0.515575237,0.864309274
7143,0.660325697,0.512521998,0.515987654,0.864240942
7144,0.660258271,0.512676754,0.515783958,0.86439254
7145,0.660265112,0.512403205,0.516454555,0.865301142
7146,0.660228429,0.512538939,0.516484388,0.86532497
7147,0.660252544,0.512388639,0.516480822,0.866273318
7148,0.660218275,0.512496231,0.51652123,0.866327286
7149,0.660254332,0.512325203,0.516294138,0.866477089
7150,0.660244833,0.512466727,0.516455832,0.866482386
7151,0.660292105,0.512319661,0.516731382,0.866559116
7152,0.660269857,0.512366436,0.516743404,0.866602161
7153,0.660303992,0.512152022,0.516654459,0.866568644
7154,0.660289351,0.512239083,0.516952054,0.866597207
7155,0.660360262,0.512047528,0.517171718,0.866578406
7156,0.660327173,0.512173528,0.516902658,0.866594809
7157,0.660340902,0.511983937,0.516991366,0.867565489
7158,0.6603307,0.512116685,0.516799595,0.86755283
7159,0.660368102,0.511944658,0.51703006,0.868551595
7160,0.660352667,0.512038017,0.516781092,0.868705878
7161,0.660343852,0.511842009,0.516739432,0.868708095
7162,0.66033946,0.511949969,0.516597825,0.868745274
7163,0.660322431,0.511750659,0.516388524,0.8696802
7164,0.660308503,0.511878908,0.515926436,0.869772106
7165,0.660349954,0.511726177,0.516128483,0.870755023
7166,0.660326838,0.511818796,0.515350412,0.870818454
7167,0.660342377,0.511689165,0.51542863,0.871751195
7168,0.660301878,0.511885196,0.515148281,0.871869083
7169,0.660334031,0.511739653,0.515288534,0.87189772
7170,0.660306635,0.511859435,0.515015267,0.871886086
7171,0.660311778,0.511721244,0.514975511,0.872014407
7172,0.66028537,0.511802236,0.514889709,0.872032041
7173,0.660282711,0.511636335,0.514846435,0.872030722
7174,0.660269227,0.511757406,0.514939102,0.872023606
7175,0.660272907,0.51159026,0.515340731,0.872024393
7176,0.660259504,0.511706849,0.515482135,0.872040645
7177,0.660270647,0.511549074,0.51494657,0.872033695
7178,0.660246946,0.511693353,0.514747197,0.871067943
7179,0.660302891,0.511547383,0.514847054,0.87108312
7180,0.660294262,0.511668182,0.514933947,0.870107751
7181,0.660331798,0.511470627,0.514930529,0.870203378
7182,0.660337884,0.511665728,0.515093172,0.869176416
7183,0.66037569,0.511518647,0.515100141,0.869253329
7184,0.660327231,0.511659064,0.514778054,0.86913715
7185,0.660373136,0.51148325,0.514416118,0.86830981
7186,0.660351258,0.511694222,0.514311313,0.868097717
7187,0.66040083,0.511534796,0.513909727,0.867199204
7188,0.660370255,0.511664799,0.513725407,0.867077092
7189,0.660414901,0.511514559,0.513534655,0.867217037
7190,0.660426341,0.511701344,0.513551654,0.867156881
7191,0.660482827,0.511538445,0.514194279,0.867370141
7192,0.66046783,0.511630316,0.514169654,0.869268898
7193,0.660455041,0.511460491,0.513715508,0.869489345
7194,0.66044479,0.511595522,0.513607331,0.869470951
7195,0.660455121,0.511378388,0.513999217,0.86950239
7196,0.660472702,0.511452084,0.513993561,0.869499657
7197,0.660498879,0.511265029,0.51452,0.869527748
7198,0.660491993,0.51135153,0.514396914,0.869477403
7199,0.660495295,0.511261942,0.514814263,0.869534528
7200,0.660484642,0.511325038,0.514721806,0.869444874
7201,0.660498778,0.511174554,0.514834351,0.869563459
7202,0.66049052,0.511219812,0.514652236,0.869379306
7203,0.660509084,0.511143964,0.514809753,0.868456176
7204,0.660501117,0.511150877,0.514846861,0.868343912
7205,0.660505036,0.511066967,0.514769724,0.86743981
7206,0.660473541,0.511086971,0.514810044,0.86719137
7207,0.66047582,0.511023769,0.514656096,0.867230994
7208,0.660497971,0.511035942,0.515115019,0.867234053
7209,0.660531824,0.510913607,0.515135567,0.867309956
7210,0.660528775,0.510930745,0.515514453,0.867314504
7211,0.660534502,0.510818712,0.515456598,0.867358449
7212,0.660505251,0.510844177,0.515123935,0.867387856
7213,0.660503401,0.510794041,0.514958508,0.867434553
7214,0.660479219,0.510813782,0.515011679,0.867241319
7215,0.660509431,0.510736599,0.514973758,0.867333855
7216,0.66047703,0.510744183,0.514781784,0.867239484
7217,0.660474725,0.510652436,0.514665861,0.866303237
7218,0.660455242,0.510675845,0.514830577,0.866215683
7219,0.660457078,0.510620453,0.514799235,0.866179389
7220,0.660461931,0.51064843,0.515433603,0.866180085
7221,0.660503996,0.510570345,0.515622112,0.866154373
7222,0.660514796,0.510626444,0.515135055,0.86617575
7223,0.660538768,0.510528518,0.515256847,0.866171977
7224,0.660527249,0.510523207,0.514581188,0.866178644
7225,0.660522054,0.510476205,0.514530259,0.866157008
7226,0.660501558,0.510508642,0.514231815,0.866100817
7227,0.660507844,0.510457117,0.51420608,0.86640514
7228,0.660475433,0.510508474,0.514444129,0.866276227
7229,0.660457557,0.510473584,0.514761261,0.866164784
7230,0.660455678,0.510540359,0.515316336,0.86516429
7231,0.660459945,0.510479196,0.515080796,0.865290982
7232,0.660456274,0.510528859,0.51479586,0.866145831
7233,0.660502039,0.510480712,0.514980387,0.865261608
7234,0.660469075,0.510544382,0.514999288,0.866032547
7235,0.660476629,0.510495117,0.514860945,0.865179207
7236,0.660490272,0.510576594,0.514338704,0.864891333
7237,0.660542722,0.510544192,0.514364939,0.864029508
7238,0.660549231,0.510625324,0.514219823,0.864834411
7239,0.660547026,0.510584585,0.513904482,0.864920215
7240,0.660551741,0.510670753,0.514005484,0.865872833
7241,0.660576277,0.510610798,0.513984306,0.8659628
7242,0.660597396,0.510737326,0.514223142,0.86597711
7243,0.660637586,0.510657877,0.514301387,0.865996193
7244,0.660616222,0.510790645,0.514175118,0.865979525
7245,0.660643387,0.510718797,0.514233029,0.865981362
7246,0.660643322,0.5108578,0.514080286,0.865972385
7247,0.660688059,0.510773707,0.51430967,0.865891758
7248,0.660670128,0.510849414,0.514150328,0.865980782
7249,0.660689996,0.510777139,0.514264043,0.866863143
7250,0.660662741,0.510894733,0.514146599,0.866966413
7251,0.66070798,0.510815174,0.514251383,0.866843283
7252,0.660694185,0.51092589,0.514093909,0.865910014
7253,0.660732729,0.510890299,0.514135399,0.865896338
7254,0.660729414,0.511016577,0.513725003,0.866865727
7255,0.660737797,0.510965386,0.513505651,0.867001493
7256,0.660749556,0.511062573,0.513858973,0.866075103
7257,0.660799106,0.511001158,0.513705076,0.865845416
7258,0.660791926,0.511066718,0.513842399,0.864898378
7259,0.660823332,0.511005297,0.514068097,0.864764868
7260,0.660824992,0.51111755,0.514340785,0.864780693
7261,0.660871567,0.511084556,0.513957127,0.864779456
7262,0.660862185,0.511142338,0.513400043,0.864772185
7263,0.660863654,0.511108602,0.513035019,0.864783976
7264,0.660878392,0.511192142,0.5127951,0.865760423
7265,0.660901015,0.511155152,0.512449951,0.865811939
7266,0.660893561,0.511246915,0.512416354,0.86680503
7267,0.66091282,0.511195798,0.51262518,0.866823654
7268,0.660887525,0.511264574,0.512518057,0.865892278
7269,0.660924937,0.51120843,0.512905304,0.865873023
7270,0.660934775,0.511319556,0.512845748,0.864936151
7271,0.6609563,0.511266551,0.512840051,0.864900108
7272,0.660939775,0.511374185,0.512917748,0.863933375
7273,0.660978374,0.51131792,0.513223738,0.863936471
7274,0.66098078,0.511379546,0.51330123,0.863901166
7275,0.661000463,0.511330827,0.514008557,0.863790289
7276,0.660961919,0.511349304,0.513803587,0.862734797
7277,0.66094269,0.511326224,0.513960988,0.861727
7278,0.660934588,0.511390319,0.514090283,0.861519466
7279,0.660963881,0.511394904,0.514456559,0.86057504
7280,0.660946877,0.511417941,0.514821321,0.860318541
7281,0.660965541,0.511427911,0.514540701,0.859384819
7282,0.660974013,0.511455261,0.515016996,0.859137781
7283,0.661006374,0.511449536,0.515026045,0.858250208
7284,0.661004892,0.511501205,0.514883299,0.858083018
7285,0.661055102,0.511489679,0.514976858,0.857150329
7286,0.661045221,0.511566019,0.514742681,0.856878733
7287,0.661057169,0.51152985,0.514910647,0.856046917
7288,0.661043507,0.511595974,0.514871164,0.856770761
7289,0.661054989,0.511568705,0.514854691,0.85589366
7290,0.661026038,0.511593233,0.514776083,0.856615464
7291,0.661050524,0.511577607,0.51523147,0.855596842
7292,0.661052161,0.511653386,0.515238147,0.855290578
7293,0.661074006,0.5116378,0.515328961,0.85413948
7294,0.661060095,0.511663245,0.515150554,0.853053968
7295,0.661051633,0.51165466,0.514828263,0.85203625
7296,0.661052394,0.511703588,0.514843972,0.850904686
7297,0.661075242,0.511678818,0.514835434,0.84989113
7298,0.661068416,0.511695362,0.514961008,0.849643485
7299,0.66109529,0.511679631,0.51506627,0.848752159
7300,0.661074839,0.511684578,0.515062405,0.848621235
7301,0.661078075,0.511654638,0.515486032,0.848618968
7302,0.661053881,0.511704503,0.515486507,0.848571623
7303,0.661067862,0.511649411,0.516025314,0.848626064
7304,0.661077694,0.511717551,0.516179143,0.848590555
7305,0.661070523,0.511677195,0.516449835,0.84839599
7306,0.661068067,0.511768507,0.516570445,0.847317387
7307,0.66108953,0.511680048,0.516828226,0.846229598
7308,0.661073147,0.511745757,0.516883945,0.845196476
7309,0.66109331,0.511695224,0.516658578,0.844327612
7310,0.661095293,0.511789551,0.516856261,0.844191885
7311,0.661107189,0.511727658,0.51665809,0.844278616
7312,0.661097925,0.511842117,0.516596118,0.844284131
7313,0.661119793,0.511813776,0.516223142,0.84429631
7314,0.661098749,0.511914882,0.516088961,0.84523823
7315,0.661111282,0.511852848,0.515912511,0.845309246
7316,0.661124392,0.511952986,0.515955302,0.846252832
7317,0.661139103,0.51191975,0.516346653,0.846267884
7318,0.661153653,0.512013958,0.516191906,0.846209342
7319,0.661169966,0.511992485,0.516444942,0.846217171
7320,0.661157904,0.512052238,0.516512484,0.846215193
7321,0.661160568,0.511981282,0.516713482,0.846221228
7322,0.6611591,0.512028851,0.516906266,0.84623367
7323,0.661187732,0.511950402,0.517176554,0.846238919
7324,0.66119464,0.512040253,0.517646884,0.846220459
7325,0.661204062,0.511995647,0.517661767,0.846228805
7326,0.661198293,0.512079343,0.518340878,0.846139061
7327,0.661227975,0.512023448,0.518248103,0.846207649
7328,0.661250562,0.512108226,0.517770771,0.846417443
7329,0.661282331,0.512086433,0.517867603,0.845445881
7330,0.661265237,0.512172422,0.517627368,0.845270749
7331,0.6612979,0.512134128,0.517678951,0.844323461
7332,0.661277121,0.512173172,0.517415519,0.844072601
7333,0.661288617,0.51214167,0.517524989,0.842160343
7334,0.661291241,0.512221419,0.517528919,0.841930652
7335,0.661316388,0.512189274,0.517744155,0.841964248
7336,0.661307266,0.512249778,0.517638696,0.841716103
7337,0.661293924,0.512178661,0.517714737,0.840751182
7338,0.661300803,0.512255957,0.517564606,0.840690377
7339,0.661319122,0.512177297,0.518054123,0.840625631
7340,0.661338666,0.512281508,0.518153662,0.839726062
7341,0.66137598,0.512217293,0.518469132,0.839589157
7342,0.661361251,0.512312676,0.518182767,0.838671172
7343,0.66139759,0.512277749,0.518378185,0.839596191
7344,0.661386415,0.512336151,0.518070898,0.838728909
7345,0.661426019,0.512308962,0.51848281,0.839674694
7346,0.661428413,0.512410862,0.518423284,0.838696332
7347,0.661477268,0.512401973,0.518829199,0.839626306
7348,0.661478666,0.512478354,0.518725412,0.840642935
7349,0.661481644,0.51243599,0.51879813,0.841607647
7350,0.661483005,0.512490148,0.518435066,0.842636678
7351,0.661518503,0.512420862,0.518776238,0.843656225
7352,0.661518494,0.512483738,0.518347047,0.843528037
7353,0.661540571,0.51248221,0.518466592,0.843573157
7354,0.661538001,0.512519085,0.5182311,0.844416671
7355,0.661573626,0.512515978,0.518450364,0.843492671
7356,0.661575791,0.512564188,0.51878543,0.844266282
7357,0.661605758,0.512556773,0.519022411,0.843395181
7358,0.661592377,0.512648735,0.518860836,0.843117714
7359,0.661593966,0.512663771,0.519365981,0.844080942
7360,0.661622467,0.5126714,0.519138816,0.844232898
7361,0.661626156,0.512654237,0.519406228,0.844261706
7362,0.661634809,0.512690178,0.518945121,0.844258597
7363,0.661626051,0.512672204,0.519229056,0.844240081
7364,0.661636953,0.512712551,0.518941369,0.844175772
7365,0.66162935,0.512699205,0.519141176,0.844160472
7366,0.661658615,0.512698324,0.518805796,0.84406261
7367,0.661654619,0.512694917,0.519359186,0.845025931
7368,0.661635641,0.512720591,0.518653385,0.845079322
7369,0.661636665,0.512725356,0.519120778,0.845087374
7370,0.661624136,0.512707857,0.518683219,0.84480137
7371,0.661604178,0.512697484,0.518834211,0.842887467
7372,0.661612344,0.512678318,0.518535574,0.842496841
7373,0.661588508,0.512666317,0.518670597,0.840571543
7374,0.661593723,0.512662718,0.518439352,0.840347011
7375,0.661568142,0.512663655,0.518439981,0.84019646
7376,0.661573005,0.512638419,0.518361557,0.840240697
7377,0.661600175,0.512667667,0.518620601,0.840165256
7378,0.661631512,0.51270608,0.5182564,0.84019111
7379,0.661614975,0.512687721,0.51837998,0.840160128
7380,0.661622557,0.512757114,0.518591033,0.840182472
7381,0.661621432,0.512735056,0.518481779,0.840147833
7382,0.661622792,0.512766859,0.51849964,0.839999976
7383,0.661624359,0.512762779,0.51882563,0.840008168
7384,0.661620744,0.512795963,0.51847452,0.839865461
7385,0.661615158,0.512805996,0.518504517,0.838955184
7386,0.661627903,0.512787294,0.518331556,0.838816379
7387,0.661607424,0.512796942,0.518499266,0.838852256
7388,0.661603611,0.512803276,0.518193248,0.838819044
7389,0.661595944,0.512809459,0.518331575,0.838836306
7390,0.661603305,0.512837448,0.518265798,0.83875046
7391,0.66162948,0.512833046,0.51838556,0.838772492
7392,0.661607545,0.512875739,0.518155981,0.838588264
7393,0.661600319,0.512871559,0.518150545,0.838687504
7394,0.661599819,0.512885601,0.518186395,0.838538837
7395,0.661635026,0.512902006,0.518295137,0.837620402
7396,0.66163353,0.51294066,0.51839601,0.838457733
7397,0.661657238,0.51292561,0.518541494,0.837793733
7398,0.661669005,0.513028732,0.518586458,0.838640215
7399,0.661668235,0.513005081,0.518365744,0.838879575
7400,0.661675849,0.513105587,0.518823014,0.840728895
7401,0.661697621,0.513125927,0.519042444,0.840854661
7402,0.661695103,0.51317166,0.519140962,0.841811053
7403,0.66168774,0.513190842,0.51918788,0.84184346
7404,0.661686872,0.51313363,0.518982243,0.841841257
7405,0.661679991,0.513177681,0.518965398,0.841871511
7406,0.66168311,0.513165067,0.518387338,0.841885592
7407,0.661681609,0.513170429,0.518368331,0.841888884
7408,0.661678928,0.5131478,0.518210245,0.841741039
7409,0.661698608,0.513189507,0.518231106,0.840773223
7410,0.661707374,0.51315092,0.518647402,0.84067176
7411,0.661745342,0.513176024,0.518697142,0.839703573
7412,0.661761861,0.513149318,0.518729283,0.839765228
7413,0.661775261,0.513146389,0.51873585,0.839740123
7414,0.661785187,0.513131184,0.518683952,0.839731795
7415,0.661772775,0.513143438,0.518287604,0.839685281
7416,0.661776176,0.51318504,0.518435909,0.839647964
7417,0.661799763,0.513198062,0.518744917,0.839631205
7418,0.661803498,0.513292847,0.518655883,0.839712343
7419,0.661793148,0.513301932,0.518859077,0.83966231
7420,0.661784496,0.513285633,0.518852956,0.839688841
7421,0.661777814,0.513313186,0.518979495,0.839542026
7422,0.661794573,0.513154839,0.51919603,0.838551527
7423,0.661780412,0.513169733,0.519342248,0.839383028
7424,0.661792948,0.513043112,0.519308232,0.839401189
7425,0.661780488,0.513060896,0.519749186,0.840296025
7426,0.66176342,0.512901905,0.519445396,0.840349157
7427,0.661737442,0.512910652,0.519469121,0.841370598
7428,0.661747575,0.512783934,0.519533924,0.842315175
7429,0.661723576,0.512817337,0.519447137,0.842364076
7430,0.661713417,0.512740045,0.519329404,0.843337567
7431,0.66172052,0.512776512,0.51956119,0.843343836
7432,0.661723811,0.512698097,0.519321209,0.84427457
7433,0.661694888,0.512753341,0.519369838,0.84431458
7434,0.66167727,0.512654997,0.519004505,0.844278833
7435,0.661629785,0.512694371,0.518993992,0.84424584
7436,0.661655196,0.512536473,0.518618917,0.844221888
7437,0.661618955,0.512602967,0.518398037,0.844236428
7438,0.661606681,0.51244167,0.517919275,0.844039996
7439,0.661568193,0.512531586,0.517695301,0.844102325
7440,0.661588907,0.512546947,0.517438496,0.844016618
7441,0.661572318,0.512604212,0.517383964,0.843093092
7442,0.661564182,0.512457039,0.517213943,0.842887762
7443,0.6615303,0.512496167,0.517260864,0.841966047
7444,0.661528449,0.512461429,0.517008613,0.841855159
7445,0.661472255,0.5124943,0.516934704,0.841946274
7446,0.661484114,0.512427312,0.516873873,0.842883874
7447,0.661440567,0.512500848,0.516622213,0.842928405
7448,0.661428717,0.51223435,0.516485349,0.842870625
7449,0.661416296,0.512330946,0.516608671,0.843028395
7450,0.661448078,0.512268703,0.516650228,0.842994152
7451,0.661418747,0.512322062,0.516556279,0.842965136
7452,0.661442259,0.512241624,0.51657734,0.842925795
7453,0.661405272,0.512322701,0.516284705,0.842830749
7454,0.661428543,0.512256969,0.516439572,0.841844389
7455,0.661394476,0.512305792,0.51609919,0.841717025
7456,0.661398823,0.512251382,0.516015269,0.841681387
7457,0.661379902,0.512329078,0.515785388,0.841725483
7458,0.661374581,0.512312775,0.515540423,0.841743225
7459,0.661362623,0.512344894,0.51544685,0.841617087
7460,0.661388895,0.512322362,0.515583243,0.840697573
7461,0.661382483,0.512377038,0.515522782,0.840555765
7462,0.661412121,0.512334258,0.515680585,0.839604354
7463,0.661393866,0.512359643,0.515393244,0.839465299
7464,0.661417644,0.512306019,0.515519373,0.838498361
7465,0.661414187,0.512339116,0.515409918,0.838289233
7466,0.66145036,0.512280582,0.515657632,0.838266018
7467,0.66141715,0.512316527,0.515139998,0.838260542
7468,0.661440034,0.512275157,0.515324598,0.838288835
7469,0.661453844,0.512296565,0.514978388,0.838307371
7470,0.661446813,0.512275973,0.515337385,0.839337146
7471,0.661436895,0.512288381,0.515018636,0.839465369
7472,0.661413669,0.512246714,0.515308964,0.839636142
7473,0.661394204,0.512249287,0.514762022,0.840608948
7474,0.661382343,0.512157461,0.51470038,0.840694333
7475,0.661369013,0.512203589,0.514156561,0.840693303
7476,0.661359582,0.512159662,0.514149158,0.84061936
7477,0.661332042,0.512228328,0.5134282,0.840646394
7478,0.661357398,0.512165217,0.51361894,0.84070544
7479,0.661360663,0.512214328,0.51328299,0.840730439
7480,0.661339963,0.512148635,0.513130125,0.840456461
7481,0.661354565,0.512188998,0.513417524,0.838550789
7482,0.661357016,0.51212896,0.513349491,0.838378298
7483,0.661347041,0.512165865,0.513652769,0.837418413
7484,0.661355438,0.512091354,0.513773274,0.837228313
7485,0.66132965,0.512159546,0.513892037,0.837259831
7486,0.661338648,0.512094293,0.514050601,0.837275206
7487,0.661326355,0.51214547,0.5141296,0.837292652
7488,0.661360127,0.512075468,0.5143791,0.837337909
7489,0.661358553,0.512126624,0.514896783,0.836385703
7490,0.661376201,0.512048629,0.515009293,0.83632503
7491,0.661365039,0.512102146,0.515157535,0.835417505
7492,0.661372257,0.512017628,0.515139598,0.835208243
7493,0.661333374,0.512037278,0.514821001,0.835264136
7494,0.661392402,0.511975141,0.514983612,0.835200575
7495,0.661345739,0.511999183,0.514608703,0.835227121
7496,0.6613692,0.511912197,0.514718921,0.83522248
7497,0.661332732,0.511934139,0.514663282,0.835249355
7498,0.661365012,0.511867258,0.514821184,0.835243726
7499,0.661360917,0.511912843,0.515128518,0.835232847
7500,0.661386859,0.51182241,0.515408004,0.835263809
7501,0.661326608,0.511878595,0.51523599,0.835281855
7502,0.66133436,0.511825592,0.515659969,0.836260645
7503,0.66134205,0.511897669,0.515426204,0.836295073
7504,0.661364818,0.511759514,0.515626741,0.836296068
7505,0.661338396,0.511819316,0.515388451,0.836363713
7506,0.661360861,0.511691888,0.515606328,0.8373618
7507,0.661344798,0.511765491,0.515596128,0.837410464
7508,0.66138182,0.511642792,0.515675909,0.838488424
7509,0.66137504,0.511733179,0.515650261,0.837536376
7510,0.661395775,0.511613252,0.515700354,0.838289227
7511,0.661363908,0.511705635,0.515395107,0.837334656
7512,0.661364456,0.511562942,0.515407354,0.83828667
7513,0.661344692,0.51165479,0.515367996,0.837529624
7514,0.661340128,0.511526468,0.51522857,0.83847641
7515,0.661291487,0.511620201,0.515049984,0.837576606
7516,0.661283336,0.511443336,0.514958826,0.838345495
7517,0.661239354,0.511514577,0.5147188,0.838409411
7518,0.661275322,0.51135994,0.514997333,0.839394907
7519,0.661238657,0.511475672,0.515153075,0.839560352
7520,0.661252259,0.511296367,0.515463392,0.839565695
7521,0.661219695,0.511353196,0.515395825,0.839570208
7522,0.661259614,0.511298714,0.515753566,0.839514303
7523,0.661249481,0.511369518,0.515371736,0.838556423
7524,0.661262868,0.511232166,0.515623779,0.838519034
7525,0.661237512,0.511289622,0.515503675,0.83754015
7526,0.661257538,0.511146461,0.515693076,0.83752384
7527,0.661262644,0.51122487,0.515671035,0.836559151
7528,0.661296515,0.511095031,0.515748761,0.835516775
7529,0.661266719,0.511178151,0.515329045,0.835447796
7530,0.661298379,0.511064423,0.515283253,0.834496302
7531,0.661276137,0.511093478,0.515056145,0.834445409
7532,0.661272533,0.510922419,0.514773072,0.833495856
7533,0.661222817,0.510960708,0.514346377,0.83344941
7534,0.661244454,0.510832403,0.51464154,0.833362611
7535,0.661222426,0.51090693,0.514380561,0.833355461
7536,0.661233442,0.510790488,0.514569641,0.833284277
7537,0.661210845,0.51084891,0.514220935,0.832328123
7538,0.661240893,0.510749252,0.514428241,0.832279762
7539,0.661244738,0.510803627,0.514749082,0.831352527
7540,0.661250151,0.510693006,0.514550987,0.831124281
7541,0.661234763,0.510769572,0.51458971,0.830180729
7542,0.661272435,0.510674564,0.514684381,0.830083552
7543,0.661252339,0.510742943,0.5144362,0.830069868
7544,0.661266564,0.510643824,0.514816876,0.830074494
7545,0.661290875,0.510683558,0.514408687,0.830218881
7546,0.661314397,0.510650118,0.514584595,0.831151557
7547,0.661303455,0.510711222,0.514420183,0.83139497
7548,0.661310926,0.51065785,0.514373019,0.832312058
7549,0.661299329,0.51074123,0.514055748,0.832512532
7550,0.661324382,0.510669021,0.514045778,0.832481622
7551,0.661305635,0.510765358,0.514220212,0.832510485
7552,0.661332061,0.510663906,0.514403743,0.832483648
7553,0.661299706,0.510753658,0.514465584,0.832404425
7554,0.661302504,0.510600757,0.5144898,0.832284529
7555,0.66127785,0.510687336,0.514190647,0.831342717
7556,0.661298519,0.510575491,0.514218867,0.831277015
7557,0.661253809,0.510640318,0.513895692,0.83133401
7558,0.661240665,0.510511047,0.513944598,0.831345042
7559,0.66120156,0.51058076,0.513598758,0.831349196
7560,0.661215994,0.510483298,0.513780264,0.831295218
7561,0.661199561,0.5105667,0.513324784,0.831435581
7562,0.661218958,0.510497514,0.513373468,0.83140596
7563,0.661182286,0.510563854,0.512862152,0.831410414
7564,0.661215399,0.510459036,0.513157597,0.831398175
7565,0.661190527,0.510523737,0.512987022,0.83140172
7566,0.66121612,0.510431322,0.513238699,0.831398259
7567,0.661186355,0.510495708,0.513357911,0.831398343
7568,0.661198376,0.510403489,0.513618101,0.831393844
7569,0.661191592,0.510484204,0.513244367,0.831413598
7570,0.661192955,0.510359773,0.513471791,0.831397
7571,0.661200062,0.510438101,0.51346613,0.831422074
7572,0.661215156,0.510306263,0.513658326,0.831406523
7573,0.661202573,0.510395196,0.513669154,0.831418987
7574,0.661204507,0.510276746,0.513773606,0.83126941
7575,0.661203325,0.510342406,0.51381648,0.830334319
7576,0.661236789,0.510246583,0.513985636,0.830274144
7577,0.661237306,0.510370503,0.513715151,0.830277427
7578,0.661271501,0.510259564,0.513873303,0.830163622
7579,0.661268588,0.510343563,0.513923447,0.828261091
7580,0.661318947,0.510222742,0.513799934,0.828247459
7581,0.66131738,0.51026953,0.513848913,0.828258083
7582,0.661361954,0.510188501,0.514038286,0.828423912
7583,0.661354858,0.51023116,0.513843863,0.827490874
7584,0.661377058,0.510134256,0.514072763,0.827348011
7585,0.661378341,0.510220885,0.513903478,0.826422051
7586,0.661396195,0.510130995,0.513917575,0.826332403
7587,0.661406798,0.510181171,0.513525277,0.826348566
7588,0.661432944,0.510097703,0.51366291,0.82621497
7589,0.661443746,0.510163983,0.514005285,0.826235653
7590,0.661469529,0.510091099,0.51389049,0.826210237
7591,0.661454306,0.510203633,0.513924083,0.826233312
7592,0.661495699,0.510089709,0.513912854,0.826206227
7593,0.661505758,0.510227402,0.514121791,0.825255089
7594,0.661567027,0.510142147,0.514207441,0.825200012
7595,0.661561704,0.510259171,0.514098129,0.824232346
7596,0.661572995,0.510165583,0.513899558,0.824231579
7597,0.661557399,0.510256816,0.513738233,0.824231677
7598,0.661549626,0.510124054,0.513676747,0.824230921
7599,0.66155277,0.510201051,0.514080979,0.824236839
7600,0.661560344,0.510100155,0.513697825,0.824259554
7601,0.661552261,0.510171216,0.513992214,0.823330935
7602,0.661567265,0.510104274,0.513631119,0.823251123
7603,0.661553994,0.51015484,0.5140931,0.823226874
7604,0.66158033,0.510086921,0.513829091,0.823249894
7605,0.661588436,0.510156651,0.51402083,0.823226199
7606,0.661597445,0.510105299,0.513867671,0.823263951
7607,0.66160953,0.510136024,0.514716496,0.823119989
7608,0.661607887,0.510072362,0.514434732,0.823123007
7609,0.661605408,0.510129345,0.514556322,0.823106969
7610,0.661624967,0.510078755,0.514737301,0.82325352
7611,0.66161496,0.510104817,0.514699657,0.824242365
7612,0.661621774,0.510052526,0.51460895,0.824411659
7613,0.661621859,0.510091887,0.514622312,0.824414476
7614,0.661623604,0.51007536,0.514853018,0.824432492
7615,0.661626913,0.510121921,0.514971768,0.82441148
7616,0.661641419,0.510065575,0.51512716,0.824464384
7617,0.661627129,0.510130214,0.515813267,0.825416628
7618,0.661637398,0.510093684,0.516089769,0.825598378
7619,0.661645504,0.510121954,0.516662976,0.825653047
7620,0.661658064,0.510056826,0.517118899,0.825600889
7621,0.661640371,0.510095753,0.51701353,0.825547987
7622,0.661645443,0.510020182,0.517172809,0.825547557
7623,0.661643669,0.510090019,0.517228485,0.825659906
7624,0.661645914,0.509995568,0.517363438,0.826668397
7625,0.661602868,0.510045922,0.51742392,0.825633866
7626,0.661624478,0.509920928,0.517971553,0.825603152
7627,0.661592594,0.509982782,0.518139971,0.825528378
7628,0.661626774,0.509851397,0.518600451,0.824679042
7629,0.661587618,0.509896966,0.518481144,0.824595438
7630,0.661614523,0.509734694,0.518262117,0.823767017
7631,0.661594547,0.50978976,0.518078037,0.823688692
7632,0.661609928,0.509666271,0.517981769,0.823710889
7633,0.661582929,0.509760401,0.517829325,0.822725714
7634,0.661597261,0.509704043,0.518029091,0.822684313
7635,0.661591409,0.509809156,0.518050398,0.821711225
7636,0.661607497,0.509641506,0.517774585,0.821550844
7637,0.661576152,0.509746117,0.517680208,0.821531333
7638,0.661595485,0.50963396,0.517615941,0.821596561
7639,0.66157031,0.509749648,0.517687288,0.821633893
7640,0.661612948,0.509605721,0.517821388,0.82161829
7641,0.661582106,0.509741006,0.517873953,0.821624811
7642,0.66160908,0.509603758,0.517930695,0.821627167
7643,0.6615892,0.50975661,0.518008566,0.821621896
7644,0.661647453,0.509657453,0.518291651,0.820642187
7645,0.661624038,0.509806245,0.518000683,0.820470998
7646,0.661659972,0.509728416,0.518081589,0.820463915
7647,0.661665014,0.509856379,0.517482875,0.820485203
7648,0.661709376,0.509761807,0.517522237,0.820489416
7649,0.661721833,0.509911757,0.51723569,0.820371629
7650,0.661729226,0.509794017,0.517040081,0.820276032
7651,0.661727736,0.509915426,0.516678151,0.819286798
7652,0.661774695,0.509867601,0.516657522,0.818254652
7653,0.661770248,0.509960619,0.516345496,0.817180094
7654,0.661774034,0.509891106,0.516122295,0.816927539
7655,0.66173514,0.509974889,0.516203402,0.816951686
7656,0.661800953,0.509877129,0.516446892,0.816945251
7657,0.661802968,0.509963405,0.516719416,0.816955462
7658,0.66181865,0.509864776,0.51653447,0.817011589
7659,0.661806011,0.509965021,0.516289578,0.817029513
7660,0.661844196,0.50989285,0.516178883,0.817043249
7661,0.661841746,0.509988022,0.516189224,0.817066982
7662,0.661859641,0.509910945,0.516081197,0.817042723
7663,0.661870371,0.510022974,0.516390829,0.817056206
7664,0.661887012,0.509915422,0.516571145,0.817057903
7665,0.661855654,0.509994037,0.516683787,0.81698469
7666,0.661853454,0.509938415,0.516898061,0.816986255
7667,0.661840464,0.509992046,0.51695173,0.81701134
7668,0.661867209,0.509846592,0.516965009,0.816975884
7669,0.66184705,0.509949494,0.516801366,0.817013815
7670,0.661860728,0.50984027,0.516874264,0.816842561
7671,0.661849183,0.509921952,0.516910863,0.816886995
7672,0.661870346,0.509851083,0.516836529,0.816872685
7673,0.661891233,0.509922621,0.516933695,0.816912918
7674,0.661887944,0.509824093,0.516687216,0.816916068
7675,0.661859044,0.509831313,0.516489602,0.816943641
7676,0.661846584,0.509748126,0.516151523,0.816921248
7677,0.661838362,0.509844807,0.516629451,0.816939144
7678,0.661848647,0.509713126,0.51666325,0.817884776
7679,0.661821932,0.509792242,0.516537293,0.817908756
7680,0.661823831,0.5097144,0.516223567,0.817904103
7681,0.661792396,0.509735226,0.516027294,0.817874436
7682,0.661757683,0.509622147,0.5158533,0.818813357
7683,0.661727165,0.509673004,0.515906981,0.818832255
7684,0.661764226,0.509568018,0.516248735,0.818898052
7685,0.661743001,0.5096462,0.51672097,0.819881783
7686,0.661757225,0.509482462,0.516874846,0.820064171
7687,0.661727097,0.509558522,0.51724629,0.821077704
7688,0.661740598,0.509484249,0.517538978,0.821086349
7689,0.661686017,0.509528487,0.517401931,0.821073357
7690,0.661682616,0.509416116,0.517568981,0.821092711
7691,0.661643285,0.509477238,0.517044845,0.82108829
7692,0.661640449,0.509412361,0.517181714,0.821092411
7693,0.661639423,0.509457576,0.51741561,0.821093076
7694,0.661648726,0.509368096,0.517587899,0.821111029
7695,0.661656099,0.509460031,0.517224267,0.821110939
7696,0.66166954,0.509376459,0.517484059,0.821104378
7697,0.661664988,0.509441008,0.516965995,0.821050884
7698,0.661683225,0.5093881,0.517096717,0.820108823
7699,0.661695362,0.509457217,0.51667044,0.819901263
7700,0.661705592,0.509400692,0.516777405,0.819951028
7701,0.661719833,0.509428286,0.51677375,0.819924909
7702,0.661723278,0.509378045,0.517004594,0.820078727
7703,0.66171942,0.509388831,0.517094777,0.821032002
7704,0.661716537,0.509388042,0.517091533,0.821045132
7705,0.66171101,0.509397609,0.517309619,0.821940482
7706,0.661726207,0.509381037,0.51708459,0.82121173
7707,0.661728975,0.509404975,0.517202417,0.821144022
7708,0.661708173,0.509386958,0.516940837,0.82098546
7709,0.661695878,0.509426727,0.517030303,0.820988799
7710,0.661701745,0.509440331,0.516869952,0.820936082
7711,0.661690814,0.50944587,0.517139795,0.820937551
7712,0.661671733,0.509424552,0.517367353,0.820880729
7713,0.661660757,0.509439664,0.517572399,0.820727255
7714,0.661694996,0.509444538,0.517609181,0.820885273
7715,0.661666574,0.509436808,0.517860475,0.821669894
7716,0.66166876,0.509422537,0.517914367,0.82180828
7717,0.661695681,0.509440211,0.518215591,0.822731378
7718,0.661718103,0.509434598,0.518088963,0.822870044
7719,0.661741351,0.509459883,0.518341957,0.822930278
7720,0.661736128,0.509440211,0.517905966,0.822939579
7721,0.661733363,0.509473314,0.518025721,0.822960407
7722,0.66171322,0.50943161,0.518104588,0.822931039
7723,0.661717962,0.50947228,0.518377886,0.822939765
7724,0.661715781,0.509442766,0.518503467,0.822942481
7725,0.661732333,0.50948977,0.51878213,0.822994396
7726,0.661726537,0.509452768,0.518977307,0.822940794
7727,0.661728637,0.509494656,0.519318654,0.82290902
7728,0.661736855,0.509434709,0.519324817,0.823011221
7729,0.661734446,0.509486174,0.519052841,0.823208169
7730,0.661723436,0.509402437,0.51851527,0.824158839
7731,0.661705526,0.509437389,0.518849952,0.824180475
7732,0.661695449,0.509374594,0.518780697,0.824262746
7733,0.661677755,0.509421519,0.51904807,0.82535641
7734,0.661699253,0.509332665,0.518770868,0.825548107
7735,0.661681154,0.509389615,0.518994103,0.826441294
7736,0.661677953,0.50930104,0.519130405,0.826652313
7737,0.661651724,0.509335342,0.51925958,0.826645568
7738,0.661678382,0.509263242,0.519613536,0.826728819
7739,0.661676014,0.50932461,0.519702107,0.826737639
7740,0.661681967,0.50921604,0.519751118,0.826736847
7741,0.661657119,0.509308822,0.519727339,0.826765826
7742,0.661640099,0.509143597,0.519753667,0.826767538
7743,0.661622128,0.509240095,0.519923229,0.826784991
7744,0.661667158,0.509065494,0.52026585,0.826803899
7745,0.661653878,0.509179785,0.520469281,0.826819668
7746,0.661665392,0.50900061,0.52073578,0.826764757
7747,0.661654424,0.509111418,0.520796554,0.82687522
7748,0.661675293,0.508979266,0.520737756,0.826902373
7749,0.661639008,0.50909296,0.520659255,0.826931061
7750,0.661675357,0.508941125,0.520925365,0.8258992
7751,0.66166297,0.509097161,0.520885611,0.82596865
7752,0.661680887,0.508944587,0.521079414,0.826825309
7753,0.661620035,0.509054364,0.520884869,0.825947467
7754,0.661624752,0.508862408,0.521205126,0.825870851
7755,0.661622973,0.509030945,0.521480195,0.824998426
7756,0.661643238,0.508883266,0.521348337,0.825750658
7757,0.661609942,0.509048096,0.521357993,0.825911308
7758,0.661637942,0.508920818,0.521486151,0.825906797
7759,0.661589685,0.509074569,0.521298235,0.826018136
7760,0.661624228,0.508902566,0.521370111,0.825048814
7761,0.661562506,0.509018568,0.52138291,0.825065231
7762,0.661591885,0.508921802,0.522312093,0.825068841
7763,0.661578805,0.50904909,0.522492081,0.825136094
7764,0.661592375,0.508930704,0.523283972,0.825115824
7765,0.661559517,0.50905472,0.523280182,0.825166548
7766,0.661560837,0.508900316,0.523398148,0.825110571
7767,0.661541679,0.50904836,0.522868045,0.825152028
7768,0.661572072,0.50892082,0.523153319,0.826060661
7769,0.661545631,0.50902489,0.522888936,0.826193745
7770,0.661532121,0.508881352,0.522957592,0.827118591
7771,0.66150612,0.509005065,0.522952058,0.827177116
7772,0.661518298,0.50888951,0.522816661,0.828114435
7773,0.661493994,0.509048451,0.522488571,0.828106109
7774,0.661545979,0.50892295,0.522593909,0.828137753
7775,0.661519895,0.509089762,0.522442677,0.828119701
7776,0.661583531,0.508982323,0.522666865,0.829163493
7777,0.66159271,0.509140336,0.522507386,0.830200812
7778,0.661619757,0.509032416,0.522307519,0.830411687
7779,0.661617805,0.509166368,0.522125039,0.83135447
7780,0.66166499,0.509091165,0.521674074,0.8316297
7781,0.661651481,0.509195914,0.521536465,0.832562281
7782,0.66168274,0.509106193,0.521282348,0.832802568
7783,0.661668469,0.509291268,0.5209129,0.833705894
7784,0.661700163,0.50917711,0.521068111,0.832860648
7785,0.66168351,0.509315508,0.521076625,0.833750911
7786,0.661728724,0.509193158,0.521239824,0.833029538
7787,0.661732686,0.509383091,0.520901159,0.833881364
7788,0.661797376,0.509278441,0.520954711,0.833123682
7789,0.661785888,0.509372758,0.521309128,0.834113546
7790,0.661796115,0.50925602,0.521203681,0.834050487
7791,0.661801344,0.509437769,0.52089696,0.834170092
7792,0.661863996,0.509340064,0.521147407,0.834457367
7793,0.661846903,0.509442656,0.520746706,0.834670835
7794,0.661881978,0.509342626,0.520997719,0.835592533
7795,0.66187065,0.509431362,0.521194145,0.836657248
7796,0.661881599,0.509337721,0.521072944,0.837777507
7797,0.661855388,0.509447808,0.521176561,0.838842907
7798,0.661886131,0.509381154,0.521114618,0.839081694
7799,0.661855599,0.509492338,0.520981956,0.840014062
7800,0.661863137,0.509436308,0.521258013,0.840111756
7801,0.661870194,0.509531341,0.52095911,0.840141961
7802,0.661902628,0.509409386,0.5211506,0.840165282
7803,0.661884507,0.509513263,0.520843919,0.840193433
7804,0.661893577,0.509390815,0.521001959,0.840225973
7805,0.661912642,0.509473984,0.521037096,0.84044189
7806,0.661943126,0.509342409,0.521270274,0.84152467
7807,0.661922757,0.509482811,0.521329339,0.842618181
7808,0.661941727,0.509392811,0.521202959,0.843670192
7809,0.661918102,0.5095112,0.520975329,0.844733699
7810,0.661945512,0.50938291,0.521205715,0.844860856
7811,0.661921638,0.509475344,0.520897547,0.844845568
7812,0.661938833,0.509342995,0.520637252,0.845799393
7813,0.661917252,0.509439518,0.52084652,0.845979873
7814,0.661917805,0.509288423,0.520945051,0.846021047
7815,0.661902955,0.509398935,0.521287281,0.846011813
7816,0.661914625,0.509268774,0.521497299,0.846041076
7817,0.661876314,0.509339167,0.521030969,0.846047811
7818,0.661871853,0.509223921,0.521284265,0.846082904
7819,0.661856622,0.509327592,0.520912227,0.846088123
7820,0.661869754,0.509245818,0.521142174,0.846090535
7821,0.661826851,0.509332914,0.520649776,0.846093673
7822,0.661827016,0.509281785,0.520959956,0.846018072
7823,0.661790315,0.509370814,0.520778102,0.846027299
7824,0.661803595,0.509280196,0.520532239,0.84602395
7825,0.661792149,0.509367433,0.520554561,0.846002788
7826,0.661773751,0.509232226,0.520175198,0.845913478
7827,0.661729252,0.509297809,0.52015603,0.844926352
7828,0.661745263,0.509212203,0.520491752,0.844845162
7829,0.661707735,0.509320448,0.52046238,0.84577511
7830,0.661717547,0.509211495,0.520332127,0.84605847
7831,0.661696743,0.509286666,0.52023531,0.846949813
7832,0.661721268,0.509190551,0.520264187,0.847254358
7833,0.661701085,0.509311955,0.520159848,0.848985404
7834,0.661712616,0.50917074,0.520292768,0.849275641
7835,0.661680841,0.509273119,0.520091779,0.849205001
7836,0.661677405,0.509161507,0.519975265,0.84851851
7837,0.661676355,0.509287249,0.520034794,0.84926493
7838,0.661694833,0.509176978,0.520149408,0.849361322
7839,0.661664762,0.509314704,0.519751701,0.849389175
7840,0.661658109,0.509205012,0.519483846,0.850344324
7841,0.661643453,0.509318286,0.519537356,0.850284595
7842,0.661672469,0.509195254,0.519635813,0.850283253
7843,0.661653615,0.509295766,0.519753309,0.850246794
7844,0.661670752,0.509205467,0.519738081,0.851190008
7845,0.661635544,0.509263701,0.519497297,0.851389225
7846,0.661655735,0.509148521,0.519373032,0.852358434
7847,0.661629269,0.509244054,0.519257715,0.852479181
7848,0.661641619,0.50912257,0.519185033,0.85247356
7849,0.661637331,0.509229467,0.51962847,0.852522704
7850,0.661671914,0.509123608,0.519789002,0.852419191
7851,0.66162053,0.509237954,0.519590112,0.851469451
7852,0.661642685,0.509141136,0.519812956,0.851561551
7853,0.66162044,0.509218937,0.519790785,0.852531284
7854,0.661633977,0.50912181,0.519284972,0.852755499
7855,0.661608853,0.509171831,0.519398072,0.854691855
7856,0.661605925,0.509066608,0.519299285,0.854954776
7857,0.661578297,0.509127366,0.519253582,0.856851437
7858,0.661607594,0.508998479,0.519274711,0.857185364
7859,0.66157828,0.509047009,0.519125585,0.857127785
7860,0.661568459,0.508931771,0.519158983,0.857024854
7861,0.661562628,0.509016033,0.519272837,0.857026838
7862,0.661564199,0.508935481,0.51925958,0.857046703
7863,0.661556086,0.509026735,0.519417296,0.857037755
7864,0.661568129,0.508890123,0.519500083,0.857072529
7865,0.661584592,0.508983404,0.519550825,0.857072584
7866,0.661571167,0.50891724,0.519593445,0.857118522
7867,0.661565877,0.508982857,0.519288534,0.856139999
7868,0.661583146,0.508891912,0.519430445,0.856029938
7869,0.661558838,0.508945747,0.518958058,0.856052383
7870,0.66160188,0.508886259,0.519309538,0.856329803
7871,0.661591029,0.508992757,0.519175504,0.857278612
7872,0.661601941,0.508927155,0.519206388,0.857699485
7873,0.661592567,0.508997562,0.519044887,0.858643913
7874,0.661592234,0.508932999,0.519032224,0.85885373
7875,0.661594476,0.508986046,0.519097088,0.859011689
7876,0.661598596,0.508908496,0.518801963,0.858998989
7877,0.661581681,0.508962199,0.518812124,0.858116278
7878,0.661572456,0.508834144,0.518763461,0.857922498
7879,0.661560205,0.508914671,0.518688889,0.857006534
7880,0.661574362,0.508774938,0.51869124,0.856895084
7881,0.66156532,0.508854506,0.519054284,0.856907637
7882,0.661571744,0.50869899,0.51885572,0.857034875
7883,0.661546546,0.508797187,0.518714509,0.857043248
7884,0.661559125,0.508694184,0.518682275,0.857104069
7885,0.661540285,0.508793328,0.518830937,0.857075379
7886,0.661562525,0.508669917,0.518722098,0.857099783
7887,0.661501522,0.508744598,0.518703581,0.857038031
7888,0.661519656,0.508615509,0.518777071,0.85706737
7889,0.661490027,0.508738255,0.518783169,0.856913032
7890,0.661504772,0.508592036,0.518570621,0.856995671
7891,0.661472125,0.508718601,0.518664746,0.856972424
7892,0.661493533,0.508583604,0.518368601,0.857177655
7893,0.661459059,0.508680966,0.518575681,0.857149566
7894,0.661455582,0.508548116,0.517928617,0.857331525
7895,0.661406765,0.508660001,0.51819552,0.858188871
7896,0.661418174,0.508480856,0.517683158,0.85737555
7897,0.661375357,0.508604957,0.5178856,0.858242377
7898,0.661401306,0.508383099,0.517720573,0.857421495
7899,0.661383073,0.508491424,0.518161211,0.857292592
7900,0.66139717,0.508282096,0.517614129,0.856400285
7901,0.661356281,0.508386556,0.517625988,0.85632941
7902,0.661373263,0.508200889,0.517285757,0.855372721
7903,0.661336042,0.508345053,0.517496796,0.855311124
7904,0.661338445,0.508228296,0.517548676,0.855294594
7905,0.661292285,0.508355235,0.517383963,0.855263344
7906,0.661298752,0.508208326,0.51799624,0.855173064
7907,0.661264244,0.508325733,0.518047783,0.854214559
7908,0.661264272,0.508159959,0.518044911,0.854330226
7909,0.661196202,0.508252505,0.517969704,0.855257747
7910,0.661205473,0.508106003,0.517471249,0.855525614
7911,0.661132131,0.508275244,0.517311186,0.856375739
7912,0.661147913,0.508089917,0.517251623,0.856451806
7913,0.661109721,0.508216737,0.517133773,0.856450957
7914,0.661106737,0.507995327,0.517182674,0.856541851
7915,0.661061922,0.508166932,0.517260688,0.856535398
7916,0.661080594,0.507955059,0.516800098,0.856633335
7917,0.661038585,0.508058633,0.516975231,0.856617826
7918,0.661048078,0.507757682,0.516919421,0.85662551
7919,0.661014404,0.507909912,0.517085868,0.856582145
7920,0.661013057,0.50768833,0.517036983,0.856562744
7921,0.660983924,0.507810437,0.517283738,0.856680852
7922,0.660971025,0.507684073,0.516979731,0.857790541
7923,0.660938593,0.507753317,0.517082348,0.857948483
7924,0.660951995,0.50760834,0.517125552,0.857878511
7925,0.66089984,0.507752616,0.517070119,0.857950665
7926,0.660910445,0.507555041,0.517308902,0.857986904
7927,0.660903052,0.50767652,0.517749733,0.857983298
7928,0.660897361,0.507503363,0.517740303,0.858047192
7929,0.660876763,0.507701477,0.517734763,0.859001192
7930,0.660900722,0.50754973,0.517563211,0.859041474
7931,0.660881373,0.507709014,0.517385917,0.859090224
7932,0.660912119,0.507580739,0.517307119,0.859054686
7933,0.660900247,0.507770527,0.517024838,0.859097915
7934,0.66094677,0.50762292,0.516813336,0.859022763
7935,0.660924197,0.507914297,0.516905717,0.858117783
7936,0.660942043,0.507808199,0.517108834,0.858047575
7937,0.660929509,0.508077626,0.517647586,0.858037311
7938,0.66096022,0.507966511,0.517769861,0.858208397
7939,0.660946106,0.508164717,0.518247194,0.858160885
7940,0.660978587,0.508021245,0.518460179,0.85823099
7941,0.660956568,0.508278633,0.518741935,0.859189354
7942,0.660997588,0.508156805,0.518749864,0.859320172
7943,0.66096394,0.508408939,0.519136002,0.860290601
7944,0.661016206,0.508265176,0.519293597,0.86039998
7945,0.661031381,0.508534622,0.519675635,0.860415035
7946,0.661058492,0.508428915,0.519590124,0.860377347
7947,0.661021964,0.508723875,0.519761122,0.860394941
7948,0.661079792,0.508649554,0.519896629,0.860319579
7949,0.661077913,0.508881507,0.519992393,0.859397746
7950,0.661080809,0.508824108,0.519736597,0.859281207
7951,0.661074552,0.509003986,0.519787998,0.858396583
7952,0.661099669,0.508953555,0.519808237,0.858325434
7953,0.661104964,0.509101298,0.51968065,0.857539947
7954,0.661134352,0.508997615,0.519843138,0.858264603
7955,0.661166863,0.509160339,0.519890921,0.857453136
7956,0.661201577,0.50908521,0.519822581,0.857333057
7957,0.661175084,0.509153422,0.520169852,0.857333202
7958,0.661214798,0.50907706,0.52014938,0.857336408
7959,0.6611984,0.509139891,0.519907761,0.857284292
7960,0.661211853,0.509063086,0.519718676,0.857288838
7961,0.661203996,0.509124769,0.519716602,0.85735727
7962,0.661201601,0.509039504,0.519590605,0.858280711
7963,0.661175935,0.509144255,0.520079931,0.858421576
7964,0.661194598,0.509069439,0.520052022,0.859381373
7965,0.661170891,0.509161739,0.520217593,0.859594881
7966,0.661183875,0.50907519,0.520159163,0.859606342
7967,0.661182683,0.509141817,0.520485104,0.859637839
7968,0.661220262,0.509082579,0.520558867,0.859591494
7969,0.66120865,0.509150619,0.520717062,0.859618164
7970,0.661217115,0.509096748,0.520714978,0.859572378
7971,0.661186017,0.50916358,0.520234607,0.85960229
7972,0.661232102,0.509103843,0.520415438,0.859501088
7973,0.661230794,0.509187849,0.520060188,0.859488171
7974,0.661240008,0.509127527,0.520046886,0.859471895
7975,0.661228253,0.509167962,0.519770346,0.85946301
7976,0.661242476,0.509125886,0.519744609,0.859554176
7977,0.661245221,0.509150989,0.519568403,0.859530584
7978,0.661244723,0.509096099,0.519440798,0.859563812
7979,0.661217665,0.509132303,0.519570685,0.859530873
7980,0.661235535,0.509091407,0.519744964,0.8598203
7981,0.661213923,0.509180929,0.519370132,0.861716333
7982,0.661200659,0.509140285,0.519437096,0.86170975
7983,0.661204317,0.509165395,0.519519252,0.862670249
7984,0.661217331,0.509086366,0.519581102,0.86289466
7985,0.661211709,0.509124098,0.519160298,0.862829352
7986,0.661218696,0.509077584,0.519371564,0.862812168
7987,0.661209951,0.509125213,0.519617247,0.86278326
7988,0.661204862,0.509086842,0.519524535,0.862810603
7989,0.661178318,0.509106771,0.519695725,0.863747576
7990,0.661167779,0.509071434,0.519702937,0.863821334
7991,0.661174797,0.509127848,0.519661244,0.864759569
7992,0.661184433,0.509101356,0.519629245,0.864957438
7993,0.661200508,0.509179523,0.519961778,0.8649296
7994,0.661187317,0.509080275,0.519944576,0.864955813
7995,0.661168852,0.509149172,0.520097108,0.864838413
7996,0.661168374,0.50911353,0.520176449,0.86480607
7997,0.661168392,0.50916195,0.520354352,0.864765289
7998,0.661160579,0.509112102,0.520708014,0.86471104
7999,0.661157053,0.509203354,0.520720483,0.864696204
8000,0.661156037,0.509150449,0.520650996,0.864703911
8001,0.661192494,0.509240272,0.520988563,0.86464761
8002,0.661201455,0.509171866,0.520774282,0.863679873
8003,0.661203195,0.509267862,0.520825236,0.86361086
8004,0.661207255,0.509223808,0.520802702,0.863601881
8005,0.661195932,0.509351282,0.520644089,0.863619602
8006,0.661198301,0.509297773,0.520622932,0.863574385
8007,0.661184943,0.509369459,0.520636239,0.863563527
8008,0.661197496,0.50935219,0.520622347,0.86363255
8009,0.661179253,0.509445157,0.520607456,0.864594068
8010,0.661185011,0.509409823,0.520757586,0.864738192
8011,0.661197107,0.509513847,0.521121057,0.86570113
8012,0.661196169,0.509444927,0.521095922,0.865687035
8013,0.661189207,0.50949795,0.521156294,0.866654478
8014,0.66120653,0.509467356,0.521287447,0.866649935
8015,0.661225197,0.509542136,0.521420263,0.867600694
8016,0.661254281,0.509529803,0.521609977,0.867774754
8017,0.661256678,0.50962618,0.52159432,0.867761551
8018,0.661258374,0.509563625,0.521732723,0.867704966
8019,0.661254721,0.50961315,0.521779155,0.866754724
8020,0.661289292,0.509605603,0.521830577,0.866757712
8021,0.661295308,0.509734266,0.522010213,0.866769002
8022,0.661305532,0.509699657,0.521991643,0.866782701
8023,0.661307944,0.509813391,0.522288268,0.867776046
8024,0.661304031,0.509795002,0.521880727,0.867828877
8025,0.66131611,0.509896504,0.522194012,0.86882155
8026,0.661338152,0.509886306,0.521952391,0.868861715
8027,0.661333315,0.509980033,0.522265771,0.86989774
8028,0.661352214,0.509930186,0.522287676,0.870934776
8029,0.661333165,0.509950681,0.522492615,0.871024328
8030,0.661329236,0.509894795,0.522349659,0.871989298
8031,0.661330663,0.510021796,0.522423878,0.872060202
8032,0.661343213,0.509985639,0.522386129,0.872058755
8033,0.661360766,0.510078566,0.522675968,0.872117108
8034,0.661375929,0.510063041,0.522561034,0.87219229
8035,0.661358823,0.510141568,0.522556265,0.87218876
8036,0.661364537,0.510125617,0.522317972,0.872281519
8037,0.66137198,0.510173652,0.522397418,0.873230941
8038,0.661379052,0.510143619,0.522310982,0.873284195
8039,0.661348076,0.510237879,0.522035317,0.87423459
8040,0.661381313,0.510220187,0.522369298,0.874394744
8041,0.661388689,0.510324589,0.522502462,0.87535053
8042,0.661387208,0.510308532,0.522608474,0.875363633
8043,0.661392159,0.510392582,0.523017303,0.875396087
8044,0.661396063,0.510346975,0.522561239,0.875321141
8045,0.661386658,0.510448735,0.523067366,0.875353704
8046,0.661370649,0.510360351,0.522774422,0.875364779
8047,0.661367532,0.510469776,0.523059644,0.875330483
8048,0.661359586,0.510419562,0.52287839,0.875339182
8049,0.6613364,0.510570435,0.522944242,0.875327127
8050,0.661344357,0.510519641,0.522841371,0.875331951
8051,0.661305857,0.510634128,0.522787353,0.875300112
8052,0.66129942,0.510607136,0.522672124,0.875278349
8053,0.66130069,0.510766197,0.522766189,0.875305822
8054,0.661313454,0.510740164,0.522795492,0.875398552
8055,0.661300024,0.510944655,0.522988388,0.87635676
8056,0.661304295,0.510910704,0.522940662,0.876231653
8057,0.661324193,0.511133545,0.523132734,0.87527481
8058,0.661354358,0.511070838,0.523298725,0.875157029
8059,0.6613653,0.511526802,0.523136051,0.875137797
8060,0.661378718,0.511461132,0.523001771,0.875153715
8061,0.661377776,0.511688226,0.523013556,0.875130627
8062,0.661396161,0.511663729,0.52300772,0.875131521
8063,0.661402801,0.511966651,0.523091052,0.87506043
8064,0.661406714,0.511918199,0.522933941,0.875068384
8065,0.661419438,0.512051845,0.523068004,0.875079697
8066,0.661441238,0.512013227,0.522969607,0.875088644
8067,0.661434332,0.512036558,0.523212459,0.875071008
8068,0.661431376,0.51197451,0.523172165,0.875095857
8069,0.661430398,0.512075508,0.522954505,0.875094466
8070,0.661458234,0.512053763,0.522957944,0.875117812
8071,0.661442677,0.512244232,0.522943345,0.875019691
8072,0.6614479,0.512227715,0.522806309,0.87408086
8073,0.661439014,0.512395904,0.522700989,0.873983874
8074,0.661448482,0.512368017,0.522658587,0.873242595
8075,0.661408817,0.512490424,0.522300366,0.874073851
8076,0.661417902,0.512443888,0.522291626,0.872281209
8077,0.661425498,0.512569979,0.522212687,0.872161807
8078,0.66142992,0.512555585,0.522254359,0.87230877
8079,0.661409336,0.512673231,0.521814375,0.874191668
8080,0.661379069,0.512641886,0.521993683,0.874343804
8081,0.661377172,0.512770386,0.521822169,0.875165332
8082,0.661345522,0.512730308,0.521369903,0.875381087
8083,0.661336734,0.512779529,0.521583858,0.876288552
8084,0.661348886,0.512740306,0.52158166,0.876503176
8085,0.661318127,0.512813762,0.521841313,0.877328719
8086,0.66131812,0.512782552,0.521526675,0.876529289
8087,0.661302715,0.512815826,0.522377145,0.876213606
8088,0.661275096,0.512802088,0.522050318,0.87538077
8089,0.661252157,0.512895186,0.521466452,0.87530533
8090,0.661225784,0.512895123,0.521157801,0.874337626
8091,0.661222648,0.512906368,0.521579404,0.874264728
8092,0.661216318,0.512913531,0.521221779,0.873335054
8093,0.661188275,0.512955207,0.521148955,0.874181064
8094,0.661153504,0.512971315,0.520858619,0.874240332
8095,0.661154735,0.513001281,0.52059043,0.875116285
8096,0.661162688,0.512978005,0.520481572,0.875200889
8097,0.661143392,0.51304603,0.520409493,0.876086128
8098,0.661169359,0.51302677,0.520420975,0.876357308
8099,0.661162475,0.513027728,0.520231344,0.87727299
8100,0.66116605,0.513011237,0.520275565,0.877366588
8101,0.661158567,0.513094253,0.520125341,0.878245157
8102,0.661175798,0.513074527,0.520429033,0.878330732
8103,0.661179227,0.51313915,0.520227064,0.878330915
8104,0.661173847,0.513118973,0.520255042,0.878312036
8105,0.661165638,0.513185612,0.520185177,0.878309673
8106,0.661181389,0.513166212,0.520464612,0.878295346
8107,0.661180983,0.513277319,0.520252246,0.878403484
8108,0.661186866,0.513257926,0.52039127,0.878429388
8109,0.661165221,0.513333819,0.520149837,0.879393065
8110,0.661159087,0.513279483,0.520122099,0.879405939
8111,0.661157825,0.513339859,0.520042245,0.879414089
8112,0.661171608,0.513328035,0.520192507,0.879409303
8113,0.661170063,0.513370619,0.520097014,0.879441737
8114,0.661175415,0.513359784,0.520553193,0.879409458
8115,0.661170599,0.513386646,0.520455772,0.879453296
8116,0.661188651,0.513359094,0.520953323,0.879341138
8117,0.661183411,0.51339859,0.520695232,0.879335397
8118,0.661194437,0.51335336,0.520946361,0.879330976
8119,0.661172723,0.513434674,0.520795843,0.879326966
8120,0.66118431,0.513409811,0.520372173,0.879331006
8121,0.661193641,0.513446919,0.520328696,0.879421339
8122,0.66118951,0.513408638,0.520004929,0.879406019
8123,0.661194604,0.513480533,0.519932563,0.879442774
8124,0.661196747,0.513461994,0.51965178,0.879312718
8125,0.661210498,0.513505474,0.519645744,0.880421692
8126,0.661212627,0.513500909,0.519733314,0.881461248
8127,0.661206074,0.513544489,0.51953581,0.881523519
8128,0.661213369,0.513528849,0.519374701,0.882343359
8129,0.661222367,0.513626545,0.519226179,0.882330986
8130,0.661225136,0.513600854,0.519502511,0.882275764
8131,0.661241449,0.513689458,0.519480296,0.882278629
8132,0.661247965,0.513661299,0.519659887,0.88133944
8133,0.661225337,0.513720174,0.519360629,0.882170575
8134,0.661238918,0.513677743,0.519791074,0.88130749
8135,0.661210195,0.513724695,0.519420589,0.882131349
8136,0.661208458,0.513739999,0.519789801,0.882336871
8137,0.661215223,0.51379419,0.51965952,0.882150371
8138,0.661194735,0.513783498,0.519365884,0.882197685
8139,0.661212634,0.51378085,0.519320138,0.882105093
8140,0.661210561,0.513789862,0.519214157,0.882153653
8141,0.661220286,0.513756117,0.518849875,0.882143874
8142,0.66120477,0.513777066,0.51860645,0.882135095
8143,0.66122497,0.513759858,0.518422099,0.882191516
8144,0.661210543,0.513760644,0.518560523,0.883089461
8145,0.661223944,0.513751343,0.518310861,0.882306844
8146,0.661205161,0.51372688,0.518577602,0.882265429
8147,0.661189161,0.513694965,0.518736122,0.882232765
8148,0.661167566,0.513714962,0.519070182,0.882202966
8149,0.661130023,0.513668553,0.519081179,0.882275273
8150,0.661110957,0.513679583,0.519314006,0.882223917
8151,0.66110362,0.513652948,0.51954717,0.882248799
8152,0.66108491,0.513661469,0.519706539,0.883079775
8153,0.661075976,0.513613921,0.519898257,0.883208374
8154,0.66107824,0.513609573,0.520190535,0.883265069
8155,0.661050306,0.513588671,0.519984943,0.883233477
8156,0.66101186,0.513601577,0.519852907,0.883273127
8157,0.661008786,0.513577093,0.519663147,0.883243104
8158,0.660983562,0.513601664,0.519676917,0.883249216
8159,0.660987525,0.513572306,0.519964466,0.88323224
8160,0.660963762,0.513603038,0.520246442,0.883103895
8161,0.660978357,0.513596531,0.520308322,0.882153869
8162,0.660968359,0.513591914,0.52020436,0.881993088
8163,0.66096682,0.513592192,0.520029345,0.88201041
8164,0.660943841,0.513613834,0.519853852,0.881857082
8165,0.660951527,0.513597254,0.519800007,0.880986358
8166,0.660974067,0.513614832,0.520343712,0.880867879
8167,0.660982615,0.513623056,0.520402941,0.880864187
8168,0.660979737,0.513623193,0.520949682,0.880780118
8169,0.66098779,0.513604176,0.520883762,0.879806937
8170,0.660997737,0.51361753,0.521478247,0.87976414
8171,0.661016452,0.513635103,0.521409898,0.879705365
8172,0.661021549,0.513637225,0.521705628,0.879657024
8173,0.660990087,0.513645772,0.521558767,0.879616121
8174,0.660993649,0.513640704,0.521636515,0.879578438
8175,0.661025103,0.513712434,0.521768674,0.878585788
8176,0.661024438,0.513696164,0.521946858,0.878494447
8177,0.661044505,0.513698544,0.521806285,0.877526886
8178,0.661045864,0.513708765,0.522011984,0.87743209
8179,0.661038801,0.51371112,0.521828662,0.877501519
8180,0.661015025,0.513640623,0.521984531,0.878377346
8181,0.6609896,0.51369595,0.521960373,0.878412505
8182,0.661019255,0.513670711,0.522045683,0.878389699
8183,0.661024649,0.513688017,0.521871983,0.87742608
8184,0.661024508,0.513654257,0.522041422,0.877344835
8185,0.661008451,0.513670048,0.521734079,0.876377442
8186,0.66099651,0.513632869,0.521203648,0.876259344
8187,0.660984952,0.513669914,0.52105882,0.875289339
8188,0.660994368,0.51362453,0.521251487,0.875226138
8189,0.66101936,0.513666878,0.521555524,0.874198953
8190,0.661046747,0.513594891,0.521955546,0.874125725
8191,0.661033303,0.513645883,0.521731245,0.873117642
8192,0.661060063,0.513603516,0.52212312,0.873033764
8193,0.661033715,0.513694936,0.521884317,0.873029909
8194,0.661042012,0.513656427,0.522312633,0.872995845
8195,0.660984661,0.513723628,0.522019357,0.872861828
8196,0.660950419,0.513691685,0.521676041,0.871898654
8197,0.660902295,0.513707053,0.521522605,0.871833306
8198,0.660902438,0.51366185,0.521732654,0.871827473
8199,0.66087142,0.513692561,0.521657371,0.871905649
8200,0.660867506,0.513653356,0.521796683,0.871895951
8201,0.660850148,0.513706846,0.52176274,0.871881356
8202,0.660849843,0.513664844,0.521738597,0.871906354
8203,0.660841281,0.513724662,0.521573722,0.87190241
8204,0.66085973,0.513688387,0.521892231,0.872001101
8205,0.660853193,0.513753415,0.521772354,0.872021142
8206,0.660871468,0.513705823,0.522273732,0.872998736
8207,0.660879475,0.513767291,0.522333846,0.873041036
8208,0.660902334,0.51372066,0.522556285,0.873203281
8209,0.660884301,0.513782003,0.522516487,0.873182512
8210,0.660900467,0.513750319,0.52278719,0.873228854
8211,0.660911182,0.513812526,0.522762816,0.873208896
8212,0.660942075,0.513786275,0.522984115,0.873237811
8213,0.660941999,0.513839269,0.522995253,0.874307502
8214,0.66093077,0.513782635,0.522736006,0.874387338
8215,0.660926708,0.513869048,0.522754168,0.874486193
8216,0.66095067,0.513835706,0.522619004,0.873532753
8217,0.660931741,0.513920542,0.522444457,0.873401756
8218,0.660920103,0.513856984,0.521959016,0.873385532
8219,0.660905143,0.513945258,0.522001272,0.873384379
8220,0.660903024,0.513892704,0.521612735,0.873361903
8221,0.660903417,0.513971346,0.521815881,0.873427001
8222,0.660922536,0.513923188,0.521432032,0.873411599
8223,0.660894332,0.513995828,0.521241432,0.873428838
8224,0.660916806,0.513937445,0.521131192,0.873234348
8225,0.66089596,0.513993836,0.521179325,0.872264284
8226,0.660912284,0.513934438,0.521425574,0.872105414
8227,0.660892322,0.513951082,0.52126374,0.872124
8228,0.660900725,0.513894925,0.521134969,0.872054945
8229,0.660898216,0.513961109,0.521295363,0.871081818
8230,0.660919983,0.513902713,0.521366823,0.871021553
8231,0.660916173,0.513966155,0.521440252,0.871032777
8232,0.66095284,0.513928819,0.521567016,0.870934372
8233,0.660939944,0.513980436,0.52154427,0.870984497
8234,0.660952293,0.513958169,0.521517881,0.870950547
8235,0.660951097,0.514002144,0.521223975,0.870976781
8236,0.660978575,0.513967258,0.521301163,0.870008138
8237,0.660982712,0.514031341,0.521157155,0.870802034
8238,0.660969243,0.513993994,0.520896702,0.869889123
8239,0.660968432,0.514048905,0.52073937,0.869830511
8240,0.660993958,0.514016956,0.520623612,0.868866626
8241,0.660995887,0.514050143,0.521031566,0.868727693
8242,0.661021772,0.514055331,0.520858049,0.868704465
8243,0.660987946,0.514115325,0.520770008,0.86868966
8244,0.661000242,0.514124725,0.520460281,0.868693907
8245,0.660972977,0.514175555,0.520228349,0.86867444
8246,0.660996281,0.514145166,0.520096605,0.868705828
8247,0.660971392,0.514180149,0.519911458,0.868694272
8248,0.660986617,0.514181819,0.519916041,0.868669193
8249,0.661002338,0.514195712,0.52029329,0.868741201
8250,0.661010986,0.514187009,0.519888553,0.869714651
8251,0.660973758,0.514172557,0.519966504,0.869804071
8252,0.660989984,0.514170576,0.519614234,0.869815196
8253,0.661002316,0.514178626,0.519842578,0.869883767
8254,0.661029176,0.514180949,0.519902308,0.869812983
8255,0.661013369,0.514162722,0.519922023,0.869814701
8256,0.661004711,0.514127286,0.519714005,0.869849832
8257,0.660990662,0.514069808,0.519876923,0.868945496
8258,0.660986212,0.514056271,0.519531722,0.869842665
8259,0.660957843,0.514047419,0.519525271,0.869892385
8260,0.660957892,0.51403257,0.519350415,0.870862422
8261,0.66096735,0.51405297,0.519602104,0.870865541
8262,0.660980402,0.514049274,0.519308953,0.870793018
8263,0.660960288,0.514026867,0.519193857,0.869846775
8264,0.660972771,0.514008876,0.519444688,0.869745509
8265,0.660952854,0.514012946,0.519351228,0.868778463
8266,0.660997067,0.513985121,0.519636196,0.868623403
8267,0.660965164,0.513979722,0.519551057,0.868525298
8268,0.660978679,0.513953623,0.519394307,0.867573897
8269,0.660960676,0.513977608,0.519122981,0.867527857
8270,0.660990228,0.513933662,0.518863199,0.866514726
8271,0.660971603,0.513941557,0.518441002,0.866461466
8272,0.660976637,0.513880131,0.518739526,0.86642885
8273,0.660957393,0.513861362,0.518589566,0.866495334
8274,0.660949399,0.513861515,0.51884491,0.866474926
8275,0.660951671,0.513823317,0.518795912,0.866557344
8276,0.660929581,0.513819709,0.518759781,0.866552461
8277,0.66090007,0.513787319,0.51897046,0.86655496
8278,0.660878483,0.51377786,0.519042752,0.866554103
8279,0.660844686,0.513735907,0.519219167,0.866559259
8280,0.660811107,0.513708824,0.519454141,0.866554431
8281,0.660807735,0.513725836,0.519676148,0.866553614
8282,0.660796887,0.513722552,0.519462797,0.866563878
8283,0.6607982,0.513645724,0.5196874,0.866609759
8284,0.660807242,0.513640606,0.520316893,0.86763115
8285,0.660767013,0.513628831,0.519874349,0.867661383
8286,0.66076726,0.513641239,0.520228718,0.868701958
8287,0.660729956,0.513560685,0.520234082,0.86874267
8288,0.6606884,0.513546654,0.520227633,0.869740671
8289,0.660672695,0.513563006,0.519630984,0.869721961
8290,0.660685508,0.513573927,0.519907949,0.870021525
8291,0.660628792,0.513470185,0.519779024,0.870856146
8292,0.660578717,0.513476544,0.519358331,0.870788179
8293,0.660570265,0.513449216,0.51941038,0.871755593
8294,0.660568537,0.513458678,0.51903813,0.871865673
8295,0.660571139,0.51346457,0.518854489,0.871892963
8296,0.660574506,0.513458386,0.518600814,0.871846389
8297,0.660553404,0.513440652,0.518323273,0.871857285
8298,0.660541863,0.513441829,0.517937305,0.871855917
8299,0.660524352,0.513430834,0.51779586,0.871869749
8300,0.660532694,0.513392169,0.517346118,0.8718828
8301,0.660494326,0.513371265,0.517585668,0.87187617
8302,0.660489888,0.513374071,0.517289264,0.871852546
8303,0.660478327,0.513366556,0.517322679,0.871872775
8304,0.660459539,0.513340781,0.5172569,0.871818671
8305,0.660430431,0.513364187,0.517003967,0.87088175
8306,0.660425918,0.513335595,0.516945738,0.870778723
8307,0.660417053,0.513339621,0.516707916,0.869851326
8308,0.660416516,0.513285594,0.516525357,0.869772682
8309,0.660427915,0.513299595,0.516759608,0.868850402
8310,0.660424761,0.51329099,0.51655869,0.868706633
8311,0.660412399,0.513300659,0.516749195,0.868746008
8312,0.660414518,0.513296599,0.517308803,0.868647607
8313,0.6603981,0.513279959,0.517766982,0.86762191
8314,0.660422159,0.513273877,0.517843248,0.86752142
8315,0.660408857,0.51329848,0.517514179,0.866572047
8316,0.660418459,0.513287329,0.517467099,0.866425694
8317,0.660419078,0.513364873,0.517235094,0.865445987
8318,0.660453645,0.513342877,0.517219917,0.864339485
8319,0.660440192,0.513358445,0.517058037,0.863341496
8320,0.660454629,0.51333741,0.517051481,0.862228816
8321,0.660491483,0.513367144,0.517024652,0.861219504
8322,0.660516918,0.513362093,0.516787245,0.860174521
8323,0.660502587,0.513360831,0.516448107,0.859140358
8324,0.660503072,0.513328137,0.516493128,0.858131703
8325,0.660468894,0.513366653,0.516204697,0.856946086
8326,0.660497175,0.513373762,0.516379845,0.855877244
8327,0.660496874,0.513453532,0.516193228,0.855734485
8328,0.66049814,0.51344293,0.516428038,0.855629409
8329,0.660483518,0.513489198,0.516574779,0.855691497
8330,0.660531155,0.51345682,0.516770917,0.855658508
8331,0.660502726,0.51350991,0.516740936,0.855753639
8332,0.660502592,0.513475889,0.516574517,0.855624704
8333,0.660490941,0.513512583,0.516641374,0.855814808
8334,0.660492352,0.513473585,0.516308511,0.855742733
8335,0.660449657,0.513491365,0.516371442,0.855759871
8336,0.66049851,0.513482368,0.516481595,0.856681601
8337,0.660486432,0.513549265,0.516485714,0.856901533
8338,0.660516864,0.513503233,0.516130747,0.85685951
8339,0.660506372,0.51353312,0.5163537,0.856891971
8340,0.660545082,0.513506394,0.516609169,0.856860986
8341,0.660530329,0.513570389,0.516754802,0.857049046
8342,0.660542939,0.51352732,0.516739948,0.857899059
8343,0.660524116,0.513555363,0.516679151,0.857038147
8344,0.660538217,0.513498959,0.51670849,0.856872741
8345,0.660522626,0.513560247,0.516864799,0.856874804
8346,0.660529823,0.513500966,0.516791649,0.856808392
8347,0.66050075,0.513559754,0.516850734,0.856784047
8348,0.660508346,0.51352231,0.516592347,0.856736815
8349,0.660472535,0.513570881,0.516412815,0.856696927
8350,0.660459917,0.513520802,0.516071001,0.856782534
8351,0.66046195,0.513561106,0.516181228,0.857702124
8352,0.660441429,0.513488565,0.516010662,0.857793874
8353,0.660413259,0.513554806,0.516104221,0.857766822
8354,0.660432402,0.51351879,0.516368586,0.857744395
8355,0.66041253,0.51363185,0.516553232,0.857718217
8356,0.660448374,0.513573933,0.516407838,0.857695719
8357,0.660430591,0.513685985,0.516662562,0.857688169
8358,0.660454397,0.513650802,0.516735396,0.85768937
8359,0.660441133,0.513756737,0.516815691,0.857749101
8360,0.66050177,0.513718829,0.517095811,0.85790341
8361,0.660491824,0.513839103,0.517090862,0.857906256
8362,0.660538388,0.513791016,0.517264579,0.857895556
8363,0.660512129,0.513901663,0.517190468,0.857901831
8364,0.660549878,0.513863952,0.517056806,0.857994202
8365,0.660514746,0.514037733,0.517223501,0.858849769
8366,0.660556567,0.5139657,0.517079098,0.858012683
8367,0.660511486,0.514068554,0.517149685,0.858832317
8368,0.660559987,0.514013405,0.517212722,0.858031348
8369,0.660547441,0.514227225,0.517195855,0.857828334
8370,0.66056837,0.514120714,0.516803159,0.855947522
8371,0.660544153,0.514228151,0.516783753,0.856673694
8372,0.66058381,0.514168703,0.51666125,0.856711488
8373,0.660576396,0.514392435,0.516707524,0.85757804
8374,0.660623188,0.514304424,0.517004245,0.856729744
8375,0.660620067,0.514569672,0.516862124,0.856594347
8376,0.660670299,0.514496768,0.517301739,0.855716832
8377,0.660626114,0.514641759,0.516883173,0.856580003
8378,0.660660514,0.514569713,0.517055636,0.855821269
8379,0.660628034,0.514720018,0.516900619,0.856548843
8380,0.660661889,0.514656325,0.517105498,0.855725908
8381,0.660622271,0.514770944,0.516936569,0.855529256
8382,0.660672115,0.514720009,0.517035045,0.854624851
8383,0.660621622,0.514871521,0.51682329,0.854353782
8384,0.660673211,0.514794397,0.517005438,0.853490016
8385,0.660657246,0.514888313,0.517077177,0.854149847
8386,0.660711126,0.514826446,0.517348583,0.85336096
8387,0.660733041,0.514996874,0.517458356,0.853216448
8388,0.660774415,0.514928924,0.517541886,0.853226065
8389,0.660766672,0.51504843,0.517457677,0.85335605
8390,0.660797034,0.514992126,0.517488305,0.853369093
8391,0.660782754,0.515079559,0.51755488,0.853315077
8392,0.660815218,0.5150378,0.517715093,0.853323526
8393,0.660806246,0.515118565,0.517266029,0.853223777
8394,0.660852773,0.515083191,0.517540807,0.85321329
8395,0.660842735,0.515189678,0.51749883,0.853188242
8396,0.660875197,0.515117128,0.517750827,0.854131044
8397,0.660835835,0.515195231,0.517524377,0.854179596
8398,0.660851635,0.515121439,0.517723362,0.855117366
8399,0.660841011,0.515351036,0.517607048,0.855111264
8400,0.660881792,0.515277526,0.517766408,0.855105732
8401,0.660878643,0.515553292,0.517871548,0.855103548
8402,0.660941455,0.515481857,0.518298866,0.855098426
8403,0.660916262,0.515664518,0.518082673,0.855098714
8404,0.660973173,0.515589331,0.518359696,0.8541473
8405,0.660983343,0.515770056,0.518632616,0.854155858
8406,0.661020728,0.515699633,0.518682755,0.854250345
8407,0.661012317,0.51588846,0.519086361,0.855192447
8408,0.661057235,0.515828396,0.519206428,0.855245696
8409,0.661068729,0.515963114,0.519327515,0.855262929
8410,0.661100449,0.515886854,0.519583726,0.855247439
8411,0.661111224,0.51588478,0.519950448,0.855330967
8412,0.661153768,0.51582022,0.519620391,0.855314982
8413,0.661153032,0.515926336,0.519427355,0.855319432
8414,0.661185732,0.515867109,0.519200541,0.855297015
8415,0.661170603,0.515832539,0.519031669,0.855254468
8416,0.661183171,0.515774153,0.519160436,0.85526299
8417,0.661165905,0.515853482,0.519082682,0.855185778
8418,0.661198159,0.515789134,0.51916648,0.854230621
8419,0.66120728,0.51581071,0.51914505,0.854202859
8420,0.661237861,0.515775154,0.51897741,0.854211609
8421,0.66121111,0.515838194,0.518640801,0.854212305
8422,0.661253026,0.515781036,0.518881871,0.85424119
8423,0.661214324,0.515922593,0.518678628,0.854193662
8424,0.661210586,0.515870646,0.519088182,0.854250996
8425,0.661190534,0.515917196,0.518887796,0.854240592
8426,0.6612199,0.515885862,0.519254146,0.854276355
8427,0.661178775,0.515950669,0.518569685,0.854230921
8428,0.661198827,0.515929909,0.519035977,0.854241866
8429,0.661167352,0.515922089,0.518976047,0.854241096
8430,0.661157225,0.515894387,0.519385196,0.854244549
8431,0.66113073,0.515891249,0.519621322,0.854243828
8432,0.661145042,0.515881756,0.519860361,0.854284783
8433,0.661100026,0.515848888,0.520093084,0.854186687
8434,0.661098202,0.51586296,0.520305257,0.854318117
8435,0.66109563,0.515722645,0.520217442,0.855196152
8436,0.661089345,0.515707891,0.520316317,0.855315263
8437,0.661085321,0.515576665,0.519786217,0.855086401
8438,0.661120243,0.515580915,0.519893905,0.85416742
8439,0.66109395,0.515518516,0.519604404,0.853809088
8440,0.661088701,0.515497505,0.519643771,0.852880347
8441,0.661070055,0.515454451,0.519528356,0.852616964
8442,0.661083553,0.515434884,0.519514804,0.850779274
8443,0.66109028,0.515377865,0.519359108,0.85054089
8444,0.661075218,0.51537026,0.519308761,0.849623691
8445,0.661063367,0.51529526,0.519110012,0.849443996
8446,0.661066749,0.515285533,0.519216212,0.848576988
8447,0.66107146,0.515191098,0.51910493,0.848374465
8448,0.661059654,0.515185578,0.519129686,0.847510715
8449,0.661040694,0.515116475,0.519165365,0.848301542
8450,0.661072264,0.515077888,0.519490325,0.847474181
8451,0.661074781,0.515059159,0.519595584,0.848332531
8452,0.661099353,0.515024337,0.519674539,0.84745988
8453,0.661085947,0.515024169,0.519981395,0.848315135
8454,0.661069032,0.515009189,0.519858591,0.84855836
8455,0.661034302,0.51502725,0.520080715,0.849515781
8456,0.661034075,0.515004041,0.51998885,0.849594469
8457,0.661039545,0.515087799,0.519354401,0.849567129
8458,0.661046502,0.515046462,0.519383755,0.849570705
8459,0.66106168,0.515118783,0.519863416,0.849743354
8460,0.661052037,0.51509009,0.519859054,0.850663269
8461,0.661029572,0.515185559,0.519825255,0.850741249
8462,0.661032519,0.515134367,0.519934057,0.850619353
8463,0.66102344,0.515190212,0.519556763,0.850612946
8464,0.661024614,0.515160444,0.519431705,0.850572915
8465,0.661027413,0.5152239,0.519480577,0.850584699
8466,0.661042331,0.515215807,0.519461255,0.850581433
8467,0.661050218,0.515324808,0.519496577,0.850555157
8468,0.661060838,0.515299462,0.519444773,0.85057795
8469,0.661035681,0.515330757,0.519460933,0.850567003
8470,0.661085117,0.515293955,0.519509803,0.850594846
8471,0.661082736,0.51545108,0.519981823,0.850552543
8472,0.661085358,0.515438274,0.519832595,0.850695993
8473,0.661081914,0.515577576,0.520237783,0.850667099
8474,0.661098141,0.515549894,0.520106519,0.850729991
8475,0.661098319,0.515711727,0.520565769,0.850673489
8476,0.661145647,0.515660464,0.52056526,0.849730146
8477,0.661149025,0.5158218,0.520905297,0.8495793
8478,0.661172897,0.515772439,0.520752545,0.848632481
8479,0.661171852,0.515861175,0.520745568,0.848476674
8480,0.661216191,0.515776879,0.520669769,0.848528507
8481,0.661215147,0.51586981,0.521116167,0.848501649
8482,0.661255194,0.515776917,0.521008476,0.848693735
8483,0.661215183,0.515939211,0.520707956,0.848674491
8484,0.661216423,0.515864555,0.520683292,0.848657709
8485,0.661198034,0.515904007,0.520688928,0.848708179
8486,0.661219884,0.515805085,0.52030986,0.848729823
8487,0.66120643,0.515901561,0.520243631,0.848749395
8488,0.661235909,0.515815575,0.520314311,0.848630238
8489,0.661219122,0.516094578,0.520109935,0.848639747
8490,0.661257533,0.516017955,0.5199126,0.848617897
8491,0.6612405,0.516163861,0.520164425,0.848683104
8492,0.661252464,0.516070834,0.519978439,0.848640764
8493,0.661252674,0.516232745,0.51961164,0.848694471
8494,0.661318931,0.516185204,0.51942679,0.848638382
8495,0.661366311,0.516404775,0.519241951,0.848800664
8496,0.661426599,0.51632644,0.518923178,0.848788223
8497,0.661433296,0.516613859,0.519071,0.848851456
8498,0.661510255,0.516512137,0.518695663,0.848884384
8499,0.661515952,0.516791037,0.51889012,0.848933292
8500,0.661567923,0.516713338,0.518731724,0.848887466
8501,0.66156038,0.516862664,0.518270058,0.848999566
8502,0.661602868,0.516798618,0.518043665,0.849770381
8503,0.661589866,0.517200505,0.518314644,0.848872248
8504,0.661638275,0.517124256,0.517860476,0.848713053
8505,0.661641482,0.517372094,0.517672995,0.847768408
8506,0.661713193,0.517298789,0.51753742,0.847686561
8507,0.661712511,0.517436707,0.517702362,0.84675234
8508,0.661757247,0.517344227,0.51743389,0.846666808
8509,0.661761828,0.517433028,0.517702623,0.846683354
8510,0.661813233,0.517371614,0.517324086,0.84667562
8511,0.661794681,0.517390275,0.517400253,0.845717786
8512,0.66186399,0.517351955,0.517282466,0.845718763
8513,0.661846264,0.517447176,0.517557606,0.845723963
8514,0.661854357,0.517352035,0.517516057,0.84570939
8515,0.661851367,0.51738425,0.517924008,0.84575569
8516,0.661908265,0.517311009,0.51788446,0.845689568
8517,0.661901877,0.517321869,0.518293814,0.845679876
8518,0.661952533,0.517290034,0.517962464,0.845647361
8519,0.66195437,0.517327134,0.518013437,0.845629859
8520,0.661983664,0.517271443,0.517855027,0.845541276
8521,0.661996468,0.517309187,0.517815688,0.844571456
8522,0.662028424,0.517235794,0.51779042,0.844490232
8523,0.662002269,0.51725725,0.517488021,0.843492163
8524,0.662061353,0.51719504,0.517464271,0.843418071
8525,0.662053151,0.517251508,0.517164766,0.842424702
8526,0.662062448,0.517186755,0.517359203,0.842226654
8527,0.6620756,0.517227517,0.516641291,0.841256301
8528,0.662081199,0.517189441,0.516975154,0.841027795
8529,0.662105093,0.51725557,0.516396762,0.841022401
8530,0.662137599,0.517236931,0.5161502,0.840981378
8531,0.662141836,0.517300675,0.515803548,0.840996049
8532,0.66215808,0.517262802,0.51554179,0.841771181
8533,0.662153926,0.517343203,0.515464488,0.840814107
8534,0.662199621,0.517273392,0.515117274,0.840710639
8535,0.662209057,0.51738441,0.515064164,0.839775337
8536,0.662239595,0.517295374,0.514806622,0.839649035
8537,0.662227322,0.517399451,0.514702893,0.838699917
8538,0.662260915,0.517325428,0.514931029,0.838568456
8539,0.662253369,0.517332194,0.515098501,0.838587541
8540,0.662272759,0.517268343,0.515137536,0.838625548
8541,0.662254243,0.517311602,0.514456562,0.838661809
8542,0.662303841,0.517217093,0.514113395,0.838678958
8543,0.66230897,0.517281033,0.514060002,0.838694268
8544,0.662337342,0.517228321,0.514282352,0.838685286
8545,0.662314464,0.517280133,0.513828663,0.838745722
8546,0.662378555,0.517282017,0.514444606,0.838671633
8547,0.662371015,0.517328579,0.514332728,0.837741196
8548,0.662417484,0.517297632,0.514552398,0.837580185
8549,0.662413625,0.517237688,0.514500567,0.837617249
8550,0.662438127,0.517218858,0.514463535,0.837560768
8551,0.66244461,0.517113496,0.514589117,0.837604646
8552,0.662485322,0.5170483,0.514740476,0.837612853
8553,0.662461499,0.516952087,0.514704113,0.837680438
8554,0.662475143,0.516910784,0.51454039,0.837496308
8555,0.66249646,0.516815207,0.514318859,0.836538854
8556,0.66252589,0.516783934,0.514161341,0.836618859
8557,0.662510137,0.516646625,0.5143009,0.837577185
8558,0.662525163,0.516631312,0.5139335,0.837658047
8559,0.662500411,0.516252174,0.514245675,0.837690293
8560,0.662524639,0.516241947,0.514208306,0.837695118
8561,0.662510859,0.516061696,0.514627098,0.837707197
8562,0.662539908,0.516027807,0.514583868,0.837704822
8563,0.662527873,0.515796456,0.514716312,0.837777015
8564,0.66253621,0.515756942,0.51465441,0.837766299
8565,0.662510964,0.515687775,0.514583039,0.837773794
8566,0.662529539,0.515649888,0.514644663,0.837757226
8567,0.662498072,0.515665729,0.514620198,0.837640451
8568,0.662493099,0.515675892,0.514396236,0.837611708
8569,0.662485907,0.515629902,0.514808588,0.837608369
8570,0.662483428,0.515633565,0.514593218,0.837572641
8571,0.662471669,0.515489559,0.514753316,0.837643717
8572,0.662499101,0.515484428,0.514773761,0.838550663
8573,0.662466971,0.515353427,0.51484794,0.838623096
8574,0.662478782,0.515324843,0.514934743,0.839549052
8575,0.662472081,0.515247508,0.51486068,0.83966588
8576,0.662455787,0.515217842,0.514686983,0.841560796
8577,0.662409157,0.515103443,0.514600626,0.841650959
8578,0.662415741,0.515069251,0.514626556,0.841630193
8579,0.66241286,0.515005852,0.514931834,0.841636818
8580,0.662446282,0.514994937,0.51517114,0.841637879
8581,0.662444019,0.514964378,0.515271727,0.841749266
8582,0.662477765,0.514937784,0.515685656,0.841741417
8583,0.662466466,0.514948156,0.515756638,0.841744112
8584,0.662462812,0.514936604,0.515643273,0.841740323
8585,0.662465928,0.514871569,0.515687307,0.841767912
8586,0.662481018,0.514873672,0.515854734,0.842692766
8587,0.662487123,0.514915364,0.515052865,0.842975861
8588,0.662532814,0.514906864,0.515317763,0.843929245
8589,0.662536538,0.514894164,0.515341982,0.843927906
8590,0.662578154,0.514891386,0.515557634,0.844815246
8591,0.662574827,0.514885124,0.514841969,0.844774059
8592,0.662589452,0.514871219,0.515015714,0.845728644
8593,0.662599823,0.514859758,0.514832793,0.845819179
8594,0.662623511,0.514805259,0.514553967,0.845810952
8595,0.662621604,0.514786416,0.514606118,0.845882981
8596,0.66265303,0.514769312,0.51442943,0.84589435
8597,0.662676701,0.514785141,0.514875215,0.845882435
8598,0.662683142,0.514748919,0.514506752,0.844898597
8599,0.662675988,0.51481699,0.514046035,0.844821414
8600,0.662691414,0.514774142,0.513813777,0.843833132
8601,0.662694177,0.514754336,0.513478492,0.843793128
8602,0.662719233,0.514721228,0.513356231,0.842832391
8603,0.662713832,0.514760486,0.512944007,0.842761883
8604,0.662740905,0.514725249,0.513015839,0.842686836
8605,0.662735022,0.514741602,0.512517087,0.841746662
8606,0.662744753,0.51472432,0.512245423,0.841642771
8607,0.662737435,0.514680403,0.512259857,0.840692413
8608,0.662742976,0.514677788,0.512089336,0.840656259
8609,0.662754803,0.514651793,0.512650482,0.839568868
8610,0.662775231,0.514666853,0.512268809,0.839553379
8611,0.662768671,0.514683718,0.512682457,0.839487328
8612,0.662778678,0.514668498,0.512315667,0.839510888
8613,0.662767475,0.514709825,0.512559893,0.839446083
8614,0.662794839,0.514698492,0.512251777,0.839442432
8615,0.662786328,0.5147913,0.512304833,0.839391726
8616,0.662795839,0.51476176,0.512055436,0.839478685
8617,0.66277033,0.514807395,0.511767528,0.83933624
8618,0.662790409,0.514808542,0.511397482,0.839376715
8619,0.66276918,0.514838367,0.511081707,0.83932278
8620,0.662807245,0.514814041,0.511495623,0.839390006
8621,0.662797425,0.514920846,0.511269037,0.839253389
8622,0.662836056,0.51490095,0.511733785,0.838320393
8623,0.662834699,0.514941729,0.511826757,0.838097901
8624,0.662866787,0.514918002,0.512157127,0.837337014
8625,0.662872192,0.514959008,0.512173952,0.83717754
8626,0.662900877,0.514925555,0.511773674,0.837189138
8627,0.662912012,0.514971514,0.512222064,0.837124427
8628,0.662949649,0.514944221,0.512168993,0.83727924
8629,0.6629317,0.514871745,0.512793546,0.837279813
8630,0.662929454,0.514845492,0.512348807,0.838238585
8631,0.662912142,0.514857993,0.512632013,0.838239313
8632,0.662948352,0.514849338,0.512318694,0.839213712
8633,0.662984794,0.514859306,0.512429828,0.839244408
8634,0.662991449,0.514851709,0.511779298,0.840208979
8635,0.662998367,0.514869214,0.511741685,0.840233506
8636,0.662978238,0.514824806,0.511152992,0.84019249
8637,0.662988585,0.514845976,0.511671985,0.84038507
8638,0.663038925,0.514826226,0.511933736,0.840353211
8639,0.663035693,0.514821931,0.512394349,0.840421878
8640,0.663038498,0.514773106,0.512311902,0.840385679
8641,0.663033869,0.514816669,0.512911136,0.840408845
8642,0.663059134,0.514766383,0.512995143,0.840393678
8643,0.663050315,0.514798144,0.513520738,0.840408057
8644,0.66307226,0.514757992,0.513250424,0.840452804
8645,0.663039123,0.514726343,0.513746845,0.841441808
8646,0.663057279,0.514727581,0.513502978,0.841429008
8647,0.663046621,0.51475987,0.513884008,0.841445896
8648,0.663067911,0.514741815,0.513673101,0.84146275
8649,0.663083677,0.514772765,0.514244494,0.841514465
8650,0.663132326,0.514769744,0.514262659,0.841636931
8651,0.663119425,0.514786579,0.514553596,0.842604271
8652,0.663139001,0.514732249,0.514510523,0.842786475
8653,0.663137627,0.51479799,0.515172778,0.843733199
8654,0.663161362,0.514769638,0.514967601,0.843935907
8655,0.663183748,0.514821307,0.515404739,0.843840576
8656,0.663216107,0.514786515,0.515326389,0.843847641
8657,0.663209832,0.514801753,0.515574022,0.843823447
8658,0.66322118,0.514736648,0.51542567,0.84385765
8659,0.663198061,0.514771616,0.515481497,0.8437518
8660,0.663197495,0.514698781,0.515074952,0.842957422
8661,0.663172688,0.514744682,0.515087218,0.843713879
8662,0.663196572,0.514704585,0.514996011,0.842984745
8663,0.663177379,0.514764573,0.515573193,0.842826948
8664,0.663207918,0.514704225,0.51551642,0.842054255
8665,0.663178438,0.514790127,0.515389341,0.842786442
8666,0.663190449,0.514751913,0.514730899,0.84292846
8667,0.663193514,0.514818186,0.514832152,0.842805519
8668,0.66321731,0.514785576,0.514037846,0.841957426
8669,0.66322783,0.514858244,0.514471225,0.842825172
8670,0.663246306,0.514839774,0.513598046,0.84206288
8671,0.663240431,0.514858975,0.51393784,0.841960415
8672,0.663263849,0.514837349,0.513392572,0.841056888
8673,0.663285159,0.514843607,0.513641084,0.840961765
8674,0.663318547,0.514827516,0.513367684,0.84005028
8675,0.663296024,0.514844885,0.513616613,0.84074479
8676,0.663336223,0.514805942,0.51337611,0.839891351
8677,0.663321912,0.514815907,0.513620546,0.840714013
8678,0.663320983,0.51478796,0.513462707,0.840770792
8679,0.663334515,0.514779293,0.514088802,0.83972795
8680,0.663374204,0.514808924,0.513898797,0.83972157
8681,0.663381839,0.514806699,0.514082307,0.838777779
8682,0.663397992,0.514800609,0.514236865,0.8387858
8683,0.663387276,0.514832952,0.514441588,0.83971638
8684,0.663380864,0.514798464,0.513824602,0.839798162
8685,0.663367551,0.514832123,0.513863918,0.840740032
8686,0.663379334,0.514820294,0.513831974,0.840841574
8687,0.663332748,0.514803205,0.513716223,0.841784785
8688,0.663329847,0.514781178,0.513114154,0.841778911
8689,0.663321086,0.514800789,0.513158453,0.841861868
8690,0.663326798,0.514787081,0.512441178,0.841873802
8691,0.663338687,0.514816646,0.512810968,0.841937634
8692,0.663345304,0.514796133,0.512144284,0.841795356
8693,0.663375466,0.514807313,0.512654252,0.840856258
8694,0.663401809,0.514759509,0.512422597,0.84077814
8695,0.663427856,0.51473514,0.512976827,0.839955714
8696,0.663457092,0.51474585,0.51318078,0.8408257
8697,0.663469728,0.514749708,0.51350652,0.839999662
8698,0.66349336,0.514730271,0.513342584,0.840745944
8699,0.66348785,0.51472488,0.513571681,0.840873549
8700,0.663501267,0.514702876,0.513391316,0.840844954
8701,0.663499536,0.51470949,0.513722555,0.840871021
8702,0.663520091,0.514708494,0.51354141,0.840822534
8703,0.663506109,0.514716258,0.513308942,0.84078325
8704,0.6635099,0.514681037,0.512489153,0.840774979
8705,0.663519314,0.514696571,0.512722765,0.840811023
8706,0.663526002,0.514697001,0.511877883,0.840764317
8707,0.663511582,0.514687274,0.512197961,0.840746806
8708,0.663525766,0.514688376,0.512072591,0.840727366
8709,0.663500269,0.514668515,0.512383764,0.84055454
8710,0.663506237,0.514661684,0.51241292,0.8396006
8711,0.663513497,0.51466034,0.512694657,0.839529795
8712,0.663533733,0.514636863,0.512583601,0.838624389
8713,0.663535113,0.514656653,0.512397402,0.838500143
8714,0.663555726,0.514639065,0.512564012,0.837500121
8715,0.663556572,0.514650692,0.512572301,0.837318284
8716,0.663563806,0.514642354,0.512730491,0.838233892
8717,0.663550309,0.51464509,0.512493265,0.838226285
8718,0.663568823,0.514645937,0.513143249,0.838162386
8719,0.663557606,0.514624019,0.512628815,0.83816142
8720,0.663583631,0.514619695,0.513102942,0.838165752
8721,0.663580387,0.514617731,0.51342987,0.838138346
8722,0.663582535,0.514636312,0.513756418,0.838144095
8723,0.663580893,0.514625197,0.514130888,0.838056225
8724,0.663595818,0.514652663,0.513858126,0.838226857
8725,0.663601267,0.514691181,0.513934246,0.839186637
8726,0.663629149,0.514701527,0.513975512,0.839394396
8727,0.663621461,0.514779859,0.51414912,0.839244103
8728,0.663655269,0.514737772,0.514265886,0.839327184
8729,0.663651976,0.514780331,0.514375168,0.840255552
8730,0.663671204,0.514778706,0.514436168,0.840353866
8731,0.663657364,0.514838437,0.514446134,0.839983863
8732,0.663657121,0.514820165,0.514592525,0.840070783
8733,0.663653333,0.514875815,0.51439431,0.840053584
8734,0.66366928,0.514849662,0.514386999,0.840078739
8735,0.66366645,0.514922538,0.515022137,0.840042373
8736,0.66368157,0.514891523,0.515016948,0.841075281
8737,0.663680647,0.514934437,0.515589232,0.841159031
8738,0.663721564,0.514912703,0.515468129,0.842166375
8739,0.663707057,0.514944396,0.515966342,0.842106805
8740,0.663728821,0.514907669,0.515887372,0.843114168
8741,0.663729612,0.514972807,0.516079564,0.843125757
8742,0.663740407,0.514923893,0.515882585,0.843167447
8743,0.66375108,0.514993331,0.515753297,0.843174074
8744,0.663755553,0.514948824,0.515275909,0.843155156
8745,0.663748954,0.514986343,0.515446762,0.843172862
8746,0.663749073,0.514959836,0.514799082,0.843196442
8747,0.663747313,0.515030859,0.515443171,0.84317549
8748,0.663780711,0.515017617,0.514933985,0.843223115
8749,0.663783104,0.515060037,0.515298478,0.843194444
8750,0.66378784,0.515030421,0.515314231,0.843241042
8751,0.663840953,0.51509669,0.516033162,0.843208903
8752,0.66384209,0.515069025,0.51595851,0.843313913
8753,0.663868477,0.515138459,0.51660125,0.844248939
8754,0.663885643,0.515107627,0.516561105,0.844380262
8755,0.663890402,0.515139261,0.516966902,0.845257081
8756,0.663923149,0.515121149,0.516877477,0.845444491
8757,0.663942703,0.515245704,0.51691788,0.846409806
8758,0.663966456,0.515225256,0.516685446,0.846507046
8759,0.663973857,0.515259475,0.517110918,0.846443685
8760,0.663980367,0.515232411,0.516882406,0.846426284
8761,0.663977653,0.515248811,0.5172594,0.846411366
8762,0.664001307,0.515229222,0.517027826,0.846486699
8763,0.663994802,0.515278489,0.517484414,0.8473165
8764,0.663974469,0.515231504,0.51659808,0.84646585
8765,0.664004564,0.515272369,0.517286354,0.84732466
8766,0.664004815,0.515269452,0.5169542,0.846469105
8767,0.664019822,0.515278644,0.516844763,0.845485884
8768,0.66403049,0.515234127,0.516926446,0.84537742
8769,0.664043007,0.515273053,0.517251776,0.844302804
8770,0.664058509,0.515256271,0.517390218,0.844313907
8771,0.664072189,0.51525795,0.517771017,0.843294995
8772,0.664107801,0.515274736,0.517666024,0.843318277
8773,0.664122005,0.515286397,0.517926763,0.843302996
8774,0.664131695,0.515278356,0.517646989,0.843308728
8775,0.664124443,0.515290848,0.517607522,0.843401676
8776,0.664123996,0.515260575,0.517593825,0.843395096
8777,0.664112404,0.51520716,0.517546266,0.84338967
8778,0.664120832,0.515187298,0.517745235,0.84325046
8779,0.664120752,0.515177011,0.517954465,0.843263374
8780,0.664158979,0.515174048,0.518127484,0.843221882
8781,0.664148746,0.515166127,0.518324943,0.843235966
8782,0.664151487,0.5151418,0.518692475,0.843112172
8783,0.664124693,0.515145219,0.518760499,0.843120437
8784,0.664127186,0.515165474,0.518441239,0.843067741
8785,0.664156242,0.515130653,0.518787393,0.843098796
8786,0.664154711,0.515137509,0.518772817,0.842935955
8787,0.664181524,0.515142289,0.518858544,0.842029252
8788,0.664198543,0.515141085,0.518861281,0.841868822
8789,0.664192815,0.51513711,0.519297189,0.84096602
8790,0.664210931,0.51515463,0.519144932,0.840804744
8791,0.664231851,0.515156574,0.519674154,0.839996407
8792,0.664242604,0.515174002,0.51985148,0.839854523
8793,0.66424616,0.515147504,0.520334319,0.838906066
8794,0.664243935,0.515177428,0.520462257,0.838667897
8795,0.664244177,0.515192799,0.521029308,0.837712489
8796,0.664245714,0.515220628,0.521153475,0.837497527
8797,0.664258305,0.515235475,0.521729653,0.83655294
8798,0.66426703,0.515257477,0.522026225,0.836264404
8799,0.664285412,0.515277006,0.522912055,0.836277237
8800,0.66432747,0.515324354,0.523072083,0.83623508
8801,0.664347038,0.515357447,0.52285395,0.836252603
8802,0.664389096,0.51536876,0.522988282,0.83626589
8803,0.66442343,0.515409322,0.52302225,0.836259604
8804,0.664461536,0.515413385,0.522710465,0.836303358
8805,0.664477091,0.515380176,0.52269635,0.837268205
8806,0.664485177,0.515401008,0.522481761,0.837327931
8807,0.664468999,0.515386756,0.522338135,0.83823995
8808,0.66450556,0.515428229,0.522558445,0.838369506
8809,0.664509604,0.515408915,0.522334881,0.839209203
8810,0.664504074,0.515393055,0.522108968,0.839393419
8811,0.664509623,0.515405426,0.521765218,0.839339343
8812,0.664515878,0.515406123,0.521412304,0.839464888
8813,0.66452569,0.515467057,0.520856169,0.840393564
8814,0.664520891,0.515485024,0.520398556,0.840495366
8815,0.664509011,0.515475109,0.521092365,0.841351459
8816,0.664502295,0.515471795,0.520794062,0.841471006
8817,0.664517159,0.515431132,0.521587703,0.842470616
8818,0.66452179,0.515436977,0.521351229,0.842631983
8819,0.664522261,0.515403065,0.5218758,0.843512121
8820,0.664506118,0.515404551,0.521654784,0.844577395
8821,0.66450243,0.515382652,0.522374015,0.845595386
8822,0.664504229,0.515393618,0.522041093,0.846623712
8823,0.664500062,0.515403689,0.522589898,0.846677661
8824,0.664505102,0.515389745,0.522414235,0.847531921
8825,0.664538157,0.515365448,0.523207627,0.847780428
8826,0.664549074,0.515360837,0.523053217,0.848758727
8827,0.664563356,0.515333384,0.523997187,0.848902344
8828,0.664583637,0.515313153,0.523623726,0.848937728
8829,0.664600087,0.515239119,0.523967562,0.848884138
8830,0.664554347,0.515241609,0.523899654,0.848867206
8831,0.664572704,0.51518999,0.524228951,0.848830912
8832,0.664574863,0.515185538,0.523935845,0.848811517
8833,0.664568681,0.515140168,0.523898239,0.848795263
8834,0.66454553,0.515163545,0.524007896,0.848684006
8835,0.664584817,0.515127409,0.524046442,0.848741697
8836,0.664545152,0.515121167,0.524155032,0.848728259
8837,0.664538142,0.515058412,0.524068628,0.848719019
8838,0.664511919,0.515077743,0.524607044,0.84874376
8839,0.664517806,0.51502998,0.524425546,0.84872997
8840,0.664478551,0.515039792,0.524282196,0.848559225
8841,0.664448958,0.515017942,0.524170114,0.848436186
8842,0.664418417,0.515041129,0.52411571,0.84758332
8843,0.664421864,0.515073184,0.524205287,0.84843334
8844,0.664412867,0.515066448,0.524583597,0.847626882
8845,0.664418919,0.515097482,0.524176084,0.847506861
8846,0.664403103,0.515114856,0.524273028,0.846633158
8847,0.664425182,0.515107594,0.52395787,0.846517084
8848,0.664424737,0.515124947,0.523893105,0.845624024
8849,0.664430472,0.515077708,0.52403855,0.845531377
8850,0.664432807,0.515102987,0.524141187,0.844608194
8851,0.664434317,0.515093896,0.524221967,0.844418791
8852,0.664456065,0.515111146,0.52414106,0.843474197
8853,0.664455317,0.515043833,0.524085766,0.843357401
8854,0.664428472,0.515033272,0.524048959,0.842414527
8855,0.664429873,0.514959211,0.524082315,0.842303762
8856,0.664395454,0.514960709,0.524035926,0.841349986
8857,0.664405605,0.5149064,0.523881912,0.841281585
8858,0.664385495,0.514908116,0.523889392,0.840154794
8859,0.664391365,0.514866467,0.523659169,0.839006638
8860,0.664336644,0.514865229,0.523308521,0.837984186
8861,0.664323112,0.514787288,0.52309789,0.837890009
8862,0.664288479,0.514812181,0.522908405,0.836821556
8863,0.66429033,0.514719058,0.522665154,0.835773954
8864,0.664249314,0.514704482,0.522792385,0.835613004
8865,0.664248101,0.514613395,0.522595889,0.834732924
8866,0.664211633,0.514609022,0.522801764,0.83549765
8867,0.664201343,0.514521969,0.522676884,0.835628973
8868,0.664144545,0.514524948,0.522844735,0.836528665
8869,0.664150567,0.514371588,0.522929288,0.836699035
8870,0.66409579,0.514416346,0.522919819,0.838567933
8871,0.664119085,0.514333668,0.52313073,0.838789257
8872,0.664090406,0.514335785,0.523393267,0.83875543
8873,0.664066981,0.514177125,0.523359313,0.838796252
8874,0.664016283,0.514205528,0.523041957,0.83972548
8875,0.664016978,0.514013291,0.523125248,0.839836799
8876,0.663989876,0.514041638,0.522750371,0.84078492
8877,0.664019483,0.513958907,0.523085692,0.84084265
8878,0.663993769,0.513995573,0.5230403,0.841781389
8879,0.663993705,0.513882486,0.523108131,0.841970063
8880,0.663966908,0.5139009,0.52296647,0.842908702
8881,0.663968755,0.513868993,0.522944713,0.843083783
8882,0.663942071,0.513847343,0.522891628,0.844060498
8883,0.663974179,0.513802565,0.523295884,0.844186195
8884,0.663972747,0.513832562,0.523196861,0.845172015
8885,0.663973408,0.513797651,0.523295448,0.845328828
8886,0.663925556,0.513830937,0.52290145,0.845332294
8887,0.663925094,0.513758098,0.523064106,0.845239579
8888,0.66389484,0.513796228,0.522808039,0.84427978
8889,0.663898413,0.513739019,0.523036801,0.844143854
8890,0.663871776,0.513751528,0.5230606,0.844117632
8891,0.663855253,0.513749197,0.522583769,0.844168954
8892,0.663846795,0.513739699,0.522606392,0.84414926
8893,0.663856129,0.513810566,0.522672859,0.844223481
8894,0.663836841,0.513796804,0.522687782,0.844186561
8895,0.66381446,0.51378251,0.522484984,0.844250791
8896,0.663794376,0.513794836,0.522654614,0.844239908
8897,0.663794852,0.513913956,0.522482559,0.844089611
8898,0.663785827,0.513948271,0.522592729,0.844081162
8899,0.663760682,0.513849002,0.522302462,0.844087627
8900,0.663741765,0.513852372,0.522853766,0.844083215
8901,0.663721075,0.513676714,0.522448735,0.844054307
8902,0.663685753,0.513708983,0.522071184,0.844049916
8903,0.663705341,0.513577624,0.521824164,0.844034676
8904,0.663683035,0.51361702,0.522383571,0.844965669
8905,0.663650653,0.513519349,0.521907946,0.845020189
8906,0.663604332,0.51353657,0.521663287,0.845009656
8907,0.663573188,0.513340611,0.521048741,0.84499238
8908,0.663569169,0.513376718,0.521019075,0.845034491
8909,0.663544902,0.513246683,0.52093758,0.844872637
8910,0.663527767,0.513289489,0.520462943,0.843919546
8911,0.663529179,0.51326289,0.520483132,0.843817023
8912,0.663492106,0.513306411,0.520990013,0.843832753
8913,0.66348188,0.513238552,0.521584166,0.84367302
8914,0.663464345,0.513282007,0.521498385,0.843726989
8915,0.663479082,0.513302215,0.522136232,0.843736373
8916,0.663498615,0.513354506,0.522014877,0.843748018
8917,0.66348188,0.513331692,0.522118235,0.843802002
8918,0.663441889,0.513376549,0.521874238,0.844749522
8919,0.663430497,0.513392224,0.522134347,0.844822957
8920,0.663441525,0.513401463,0.522087757,0.844811075
8921,0.663411101,0.513359479,0.522371211,0.844814525
8922,0.663399511,0.513378271,0.521811521,0.844800839
8923,0.663422259,0.513311384,0.52207127,0.844807887
8924,0.663440148,0.513328267,0.521847983,0.8448306
8925,0.663452832,0.513248802,0.52188275,0.844850436
8926,0.663439698,0.513262254,0.521585938,0.84485881
8927,0.663453348,0.513197171,0.521882823,0.844778746
8928,0.663402536,0.513167912,0.521019214,0.84478995
8929,0.663398707,0.51309032,0.521553249,0.844760456
8930,0.663421984,0.513107751,0.521156696,0.844778862
8931,0.663413589,0.513036538,0.521424671,0.844744898
8932,0.663370514,0.513025521,0.520925431,0.844739549
8933,0.663378657,0.512969795,0.521082411,0.844796314
8934,0.663369665,0.512971975,0.52088471,0.844736349
8935,0.663355062,0.512935737,0.521031957,0.844808289
8936,0.663361707,0.512951756,0.520985214,0.844764454
8937,0.663339764,0.512878112,0.521195214,0.845000768
8938,0.663269179,0.512883002,0.52097452,0.845919018
8939,0.663297307,0.512818342,0.5211698,0.846298442
8940,0.663286277,0.51284965,0.521329043,0.847204934
8941,0.663249557,0.512669101,0.521522859,0.847429957
8942,0.66319806,0.512660585,0.521568901,0.849351993
8943,0.663190802,0.512552918,0.521829683,0.849500685
8944,0.663168642,0.51255645,0.521931192,0.85045562
8945,0.663153664,0.512480699,0.521856012,0.850605816
8946,0.663119754,0.51247601,0.521734455,0.851556136
8947,0.663115167,0.512357891,0.521602748,0.851707909
8948,0.663086378,0.512352048,0.521172466,0.852706546
8949,0.663089247,0.512288519,0.521108191,0.852812918
8950,0.663046211,0.512295335,0.521258008,0.853760051
8951,0.663023593,0.512252958,0.521168683,0.853829042
8952,0.66297497,0.512246208,0.520700027,0.854791378
8953,0.662966942,0.512166432,0.520634699,0.854835953
8954,0.662974594,0.512161795,0.520809791,0.854853396
8955,0.662987903,0.512074276,0.520993261,0.854844101
8956,0.662978383,0.512068476,0.521024797,0.854902058
8957,0.662966839,0.512006869,0.521587925,0.854768767
8958,0.662958575,0.512020136,0.521724434,0.853799283
8959,0.662931208,0.511967032,0.521579741,0.853742497
8960,0.66291256,0.511945353,0.521544332,0.852696328
8961,0.66290776,0.511894511,0.522050764,0.852640825
8962,0.662916469,0.511919574,0.521949124,0.851839644
8963,0.662906936,0.511877143,0.522230251,0.851787431
8964,0.662890864,0.511883926,0.522272321,0.85084747
8965,0.662846807,0.511872751,0.522477853,0.850513649
8966,0.66280888,0.511892479,0.522451555,0.850531412
8967,0.6627539,0.511799708,0.522548593,0.850358288
8968,0.662725435,0.511826327,0.522440211,0.849439568
8969,0.662725132,0.511788856,0.522417199,0.849071475
8970,0.662687006,0.511808708,0.522305969,0.848102819
8971,0.662694042,0.511708472,0.52267072,0.848026802
8972,0.662683606,0.511715804,0.522801636,0.848003406
8973,0.662675041,0.511595593,0.523014701,0.847968906
8974,0.662666033,0.511618425,0.523174953,0.846957464
8975,0.662636478,0.511472259,0.523139501,0.846920742
8976,0.662609284,0.511484796,0.523170754,0.846914253
8977,0.662595554,0.511405535,0.523463593,0.846984376
8978,0.662594789,0.511411764,0.523834699,0.846944725
8979,0.662575389,0.511399781,0.523379443,0.84684176
8980,0.662570365,0.511413768,0.523012953,0.845853984
8981,0.662542852,0.511331262,0.522511451,0.845700385
8982,0.662554418,0.511343682,0.522640496,0.845724575
8983,0.662546281,0.511239962,0.522913104,0.845585533
8984,0.662563257,0.511270496,0.522513587,0.845622298
8985,0.662554487,0.511282473,0.522560942,0.845423296
8986,0.662535994,0.511291723,0.522389089,0.844500208
8987,0.66254666,0.511304593,0.522284201,0.844422367
8988,0.662534951,0.511299416,0.522418131,0.84359265
8989,0.66253501,0.51117081,0.522100222,0.843408913
8990,0.662520695,0.511190041,0.522703123,0.842468122
8991,0.662498026,0.511122751,0.522378577,0.842254524
8992,0.662504602,0.511146629,0.523284047,0.841345931
8993,0.662475337,0.511059995,0.52343027,0.841120236
8994,0.662428124,0.51107054,0.524157304,0.840233083
8995,0.662387126,0.510940186,0.524238152,0.839961624
8996,0.662313597,0.510963038,0.524392018,0.840000096
8997,0.662292982,0.510759899,0.524145129,0.839942318
8998,0.662235082,0.51079414,0.524329537,0.839978287
8999,0.662196238,0.510463459,0.524337504,0.839923684
9000,0.662152675,0.510495645,0.524664893,0.839971501
9001,0.662137772,0.510363077,0.524973211,0.839920864
9002,0.662096075,0.510376777,0.524897926,0.840096497
9003,0.662085611,0.509999171,0.524712418,0.841047971
9004,0.662018367,0.51006261,0.525066087,0.841104214
9005,0.661999983,0.509751672,0.525385124,0.842065808
9006,0.661928947,0.509809785,0.525589442,0.842000855
9007,0.661930814,0.509662285,0.525536959,0.841980567
9008,0.661884892,0.509732334,0.525832116,0.841851297
9009,0.661864786,0.50962873,0.525624818,0.840831252
9010,0.661816697,0.509648369,0.525697964,0.840890094
9011,0.661811395,0.509655237,0.525560437,0.84183946
9012,0.661768148,0.509702585,0.525649611,0.841890053
9013,0.661793936,0.50963414,0.525565779,0.84189716
9014,0.661795194,0.509685795,0.525212643,0.841825426
9015,0.66180062,0.509707412,0.524902037,0.84179855
9016,0.661737478,0.509712348,0.524737591,0.841774425
9017,0.661729707,0.509723793,0.524307374,0.841826525
9018,0.661686565,0.509749492,0.524235314,0.841721081
9019,0.6616728,0.509757289,0.52414876,0.842707616
9020,0.661638997,0.509769957,0.523886134,0.842780612
9021,0.661615738,0.509712602,0.523866315,0.843741217
9022,0.661595128,0.509748356,0.523628202,0.84390071
9023,0.661598195,0.509687778,0.523433103,0.844849861
9024,0.661558335,0.509711846,0.523863203,0.844959459
9025,0.661529733,0.509597051,0.523765229,0.845929878
9026,0.661503641,0.509635885,0.523733616,0.846135707
9027,0.661450626,0.509542323,0.52396062,0.847071024
9028,0.661421059,0.509581505,0.523584148,0.847312284
9029,0.661397896,0.509550203,0.52411153,0.847296455
9030,0.661343088,0.509581699,0.524549363,0.847352123
9031,0.661328471,0.50945997,0.525045595,0.847208068
9032,0.661310294,0.509494907,0.525580107,0.846444814
9033,0.661286289,0.509343237,0.525652836,0.847120791
9034,0.66121914,0.509395938,0.526042799,0.846262444
9035,0.661207717,0.509236235,0.525979677,0.847143151
9036,0.661174287,0.509288415,0.526578638,0.846293187
9037,0.661161893,0.509157598,0.526427476,0.847138566
9038,0.661114091,0.509223331,0.525919644,0.847261272
9039,0.661103546,0.509158904,0.525854688,0.847241139
9040,0.661072948,0.509210655,0.525456297,0.847261245
9041,0.661047787,0.509033292,0.525902255,0.847221427
9042,0.660978192,0.50909499,0.525809084,0.847321668
9043,0.660958783,0.50893478,0.52595359,0.847281305
9044,0.660926655,0.509005266,0.525899743,0.847389313
9045,0.660936008,0.508835716,0.525806784,0.847348616
9046,0.660872557,0.508846438,0.525439865,0.847438852
9047,0.660870375,0.508678511,0.525773028,0.848298801
9048,0.660819981,0.508716981,0.525580826,0.847466657
9049,0.66081956,0.508624295,0.526033006,0.847374943
9050,0.660769418,0.508665264,0.525979157,0.846347095
9051,0.660776697,0.508664516,0.526092013,0.845221572
9052,0.660734171,0.508723,0.525835991,0.845140963
9053,0.660738631,0.508648891,0.525820005,0.845028759
9054,0.660736874,0.508676452,0.525916114,0.844284198
9055,0.66070972,0.508604673,0.526355118,0.845066559
9056,0.660671585,0.508628707,0.526606515,0.845169194
9057,0.660673074,0.508560774,0.526073749,0.845155099
9058,0.660647403,0.508585124,0.526361065,0.845221295
9059,0.660624711,0.508534273,0.525946699,0.845207851
9060,0.660577285,0.50856776,0.526001226,0.845239067
9061,0.660562256,0.508524819,0.525340299,0.845239214
9062,0.660508463,0.508559294,0.52533947,0.845218338
9063,0.660510502,0.50848355,0.525238247,0.845176545
9064,0.660449149,0.508541358,0.524895317,0.845173938
9065,0.660459673,0.508476311,0.524436841,0.845160273
9066,0.660427003,0.508516811,0.524205864,0.845163222
9067,0.66046296,0.508473171,0.52374954,0.84520146
9068,0.660450555,0.508489449,0.523723381,0.84426421
9069,0.660447771,0.508396695,0.52329393,0.844145569
9070,0.660427922,0.508425682,0.523528551,0.844180075
9071,0.660421495,0.50839999,0.523203463,0.844171928
9072,0.660369004,0.508400235,0.523296125,0.844230103
9073,0.660396756,0.508377215,0.523060245,0.844110394
9074,0.660368346,0.508420232,0.522574137,0.843981766
9075,0.660385947,0.50835529,0.522492754,0.84302338
9076,0.660374197,0.50836863,0.522392062,0.842871324
9077,0.660386084,0.508326749,0.522310844,0.842848358
9078,0.660355383,0.508333141,0.52224012,0.842665604
9079,0.660363054,0.508261225,0.521916346,0.841716891
9080,0.660319486,0.50826774,0.521814591,0.841576868
9081,0.660315595,0.508183267,0.521544874,0.840638236
9082,0.660280426,0.50821164,0.521389223,0.840333972
9083,0.660270052,0.508103821,0.520933743,0.839422719
9084,0.660249747,0.50810515,0.521079709,0.839160876
9085,0.660255827,0.508056224,0.520775,0.839265939
9086,0.66022056,0.508074818,0.520942474,0.839161269
9087,0.660206864,0.507981867,0.521371035,0.838214464
9088,0.660160798,0.508004141,0.521449172,0.838061503
9089,0.660155723,0.507900541,0.521998972,0.837119597
9090,0.66011306,0.507896168,0.522157565,0.836995476
9091,0.660106376,0.507806509,0.522578057,0.836122967
9092,0.660070163,0.507811929,0.522306084,0.835910999
9093,0.660078352,0.507716162,0.522783538,0.835917448
9094,0.660028606,0.507745039,0.523170893,0.835791355
9095,0.660007194,0.507693884,0.523383712,0.835739152
9096,0.659953307,0.507732693,0.523723017,0.835719984
9097,0.659941601,0.507572597,0.523823944,0.835753917
9098,0.6599079,0.507667256,0.52419443,0.836730092
9099,0.659909741,0.507573136,0.524840775,0.836735568
9100,0.659844951,0.507628126,0.524822624,0.836741632
9101,0.65986258,0.507521147,0.525577109,0.836689955
9102,0.659810299,0.507594433,0.525460872,0.836699574
9103,0.659818178,0.507468667,0.525536684,0.836660478
9104,0.659765707,0.507540473,0.525255076,0.835786773
9105,0.659760366,0.507423101,0.525726687,0.836614492
9106,0.659699128,0.507484609,0.525732943,0.836696331
9107,0.65968109,0.50742621,0.525598108,0.837666882
9108,0.659655332,0.507440774,0.526014583,0.837694921
9109,0.659637748,0.507396301,0.525622583,0.838740258
9110,0.659590282,0.507398661,0.526065589,0.838810272
9111,0.659609415,0.507350318,0.525880702,0.838861979
9112,0.659585159,0.507346185,0.526429706,0.83886019
9113,0.659591385,0.507261112,0.526045328,0.838817871
9114,0.65954474,0.507290487,0.526289059,0.838803383
9115,0.659557323,0.507188254,0.52579023,0.838826179
9116,0.659510854,0.507219013,0.525735519,0.838813627
9117,0.659527911,0.50711526,0.525684346,0.83896902
9118,0.659486428,0.507161297,0.52594272,0.83892022
9119,0.659522093,0.507073711,0.526050102,0.838985625
9120,0.659482453,0.507114087,0.526137251,0.838947651
9121,0.65948065,0.507006017,0.526400773,0.839003384
9122,0.659432264,0.507037852,0.526446214,0.838962498
9123,0.659433866,0.506933324,0.526469555,0.839093541
9124,0.659391955,0.506956876,0.526210359,0.838870889
9125,0.659398974,0.506897131,0.526323914,0.838966059
9126,0.659348334,0.506948188,0.526656556,0.837943058
9127,0.659338252,0.506841008,0.526415313,0.837880163
9128,0.659290187,0.506854527,0.526732223,0.836906048
9129,0.659311963,0.506841828,0.526389381,0.836900222
9130,0.659304795,0.506857301,0.526800777,0.83598028
9131,0.659296216,0.506771616,0.526541877,0.835873376
9132,0.659245733,0.506769921,0.526352731,0.835862442
9133,0.659240988,0.506718107,0.526697916,0.83594295
9134,0.659220057,0.506723611,0.526689723,0.83596153
9135,0.659224315,0.506661968,0.527065481,0.835947355
9136,0.65922181,0.506689438,0.526970195,0.835963506
9137,0.659201078,0.506594711,0.52680312,0.83590994
9138,0.659162792,0.506635125,0.526616915,0.835934406
9139,0.659170003,0.506604116,0.525731081,0.83583194
9140,0.659143795,0.50663967,0.526142316,0.835832341
9141,0.659136467,0.506559844,0.525753062,0.835825148
9142,0.659110136,0.506594278,0.526094447,0.835826828
9143,0.659097865,0.506494525,0.525590128,0.835758461
9144,0.659047198,0.506531335,0.525767797,0.835755158
9145,0.659062317,0.506492235,0.525257696,0.835728582
9146,0.659046808,0.506539898,0.525349781,0.835756646
9147,0.659038278,0.506474367,0.524887923,0.835773298
9148,0.659004606,0.506509711,0.524974852,0.835755723
9149,0.659010844,0.506465478,0.524569067,0.835673446
9150,0.658977327,0.506493363,0.524501548,0.8347341
9151,0.658975107,0.506450235,0.523873916,0.834659965
9152,0.658922302,0.506526301,0.523886027,0.834650028
9153,0.658921895,0.506441469,0.52353002,0.834678814
9154,0.658875609,0.506456936,0.523396943,0.834663364
9155,0.658882624,0.506419146,0.523273725,0.83479588
9156,0.658875229,0.506439911,0.523510151,0.834744976
9157,0.658864329,0.506415614,0.523364724,0.834790091
9158,0.658857636,0.50646835,0.523648819,0.834743437
9159,0.65887824,0.506437366,0.523704714,0.834876348
9160,0.658871313,0.506481975,0.523923026,0.835582245
9161,0.658882639,0.506418131,0.523966235,0.835769547
9162,0.658858639,0.506474339,0.524180458,0.836662554
9163,0.658880041,0.506379965,0.523898717,0.836821823
9164,0.658853877,0.506421193,0.524180651,0.837740462
9165,0.658882738,0.506325824,0.524457687,0.837973265
9166,0.658857608,0.506335607,0.524426385,0.83794626
9167,0.658846107,0.506225918,0.524439638,0.838086248
9168,0.658839319,0.506271174,0.524493164,0.839032114
9169,0.65883818,0.506145281,0.52446983,0.839114501
9170,0.658788657,0.506180011,0.524667133,0.840040492
9171,0.658794734,0.506152431,0.52475429,0.840225529
9172,0.658776374,0.506166006,0.525006906,0.841174717
9173,0.65876617,0.506156734,0.525154939,0.841299466
9174,0.658735255,0.506180457,0.52544232,0.842193908
9175,0.658742632,0.506143331,0.525552182,0.841528289
9176,0.658689212,0.506202201,0.52562873,0.842204792
9177,0.658684027,0.506159179,0.525520671,0.840450793
9178,0.65867999,0.506204843,0.525699238,0.840094729
9179,0.658670346,0.506176803,0.524876342,0.840195953
9180,0.658650212,0.506221069,0.524869373,0.840108778
9181,0.658644725,0.506172949,0.524389637,0.840122419
9182,0.658629834,0.506246473,0.524011967,0.840050259
9183,0.658632668,0.506180192,0.523980206,0.839110644
9184,0.658636791,0.506252852,0.524356516,0.839063786
9185,0.658623928,0.506180119,0.524403866,0.838786321
9186,0.658604143,0.506243601,0.524696525,0.836890976
9187,0.658655449,0.506161461,0.524881452,0.836727328
9188,0.65863462,0.506220479,0.525408944,0.836833229
9189,0.65863912,0.506148906,0.525183651,0.837770262
9190,0.658592233,0.506200391,0.525474686,0.837851461
9191,0.658595538,0.506090338,0.525374519,0.838745646
9192,0.658561796,0.506170169,0.52565178,0.838015573
9193,0.658592032,0.506047734,0.525689044,0.838764902
9194,0.658557998,0.506172303,0.525434347,0.838860935
9195,0.658600085,0.506082134,0.525506848,0.839785862
9196,0.65855605,0.506172644,0.525324057,0.839914554
9197,0.658595776,0.506102926,0.525641787,0.840760537
9198,0.6585543,0.506211472,0.52547236,0.840995125
9199,0.658585161,0.506139445,0.525480749,0.840961915
9200,0.658568543,0.506265107,0.525620057,0.841016603
9201,0.658603412,0.506187853,0.525600331,0.840893381
9202,0.658573767,0.506283969,0.525608977,0.840928224
9203,0.658601276,0.506171351,0.526003841,0.840947287
9204,0.658580997,0.506285674,0.526560157,0.840006693
9205,0.658589097,0.506161687,0.526380323,0.839958629
9206,0.658551135,0.506257735,0.526951019,0.839923365
9207,0.658577119,0.506167106,0.526712018,0.839934025
9208,0.658530457,0.506221631,0.526520684,0.839879483
9209,0.658583185,0.506140154,0.526413734,0.840061724
9210,0.658545948,0.506214922,0.525929397,0.840920983
9211,0.658534075,0.506119555,0.525782583,0.84004676
9212,0.658488604,0.506209604,0.525694099,0.840962159
9213,0.65850137,0.506107913,0.525964782,0.841144533
9214,0.658465811,0.506179294,0.526221045,0.842149392
9215,0.658469208,0.506083495,0.526369556,0.842165581
9216,0.658434427,0.506141165,0.526615272,0.842190155
9217,0.65845357,0.506042047,0.527092391,0.842201176
9218,0.658430936,0.506126562,0.52694154,0.841285204
9219,0.658457016,0.506036449,0.527484394,0.841212995
9220,0.658412969,0.506101883,0.527490379,0.841197705
9221,0.658409442,0.506013315,0.52717906,0.84119446
9222,0.658391745,0.50605402,0.52742713,0.84121548
9223,0.658414847,0.505985527,0.527303287,0.841288471
9224,0.658382794,0.506051758,0.527969369,0.841296692
9225,0.658405816,0.505967566,0.528004163,0.841314759
9226,0.658369101,0.506036452,0.527648689,0.841320419
9227,0.65839739,0.505941964,0.527750045,0.841489608
9228,0.658363673,0.506045059,0.527592667,0.84144961
9229,0.658386581,0.505938215,0.527686811,0.841505992
9230,0.658378761,0.505993725,0.527846085,0.84146592
9231,0.658392096,0.505911266,0.527524653,0.841827343
9232,0.658373007,0.505962598,0.527409733,0.841844691
9233,0.658370016,0.50585185,0.527315092,0.841856475
9234,0.658338119,0.505892057,0.527101647,0.841849198
9235,0.658350703,0.505807461,0.526774249,0.84188665
9236,0.658304368,0.505869692,0.526540492,0.841861096
9237,0.658301653,0.505788693,0.526486704,0.841902185
9238,0.658250467,0.505834218,0.526317221,0.841905567
9239,0.658266121,0.50573449,0.526398564,0.841935835
9240,0.658224217,0.505802538,0.526270462,0.841909761
9241,0.658223523,0.505707435,0.525617827,0.84200534
9242,0.658205629,0.505772486,0.525544852,0.841996302
9243,0.658225834,0.505643759,0.525631104,0.841985749
9244,0.658213636,0.505691111,0.525966481,0.842020049
9245,0.65822069,0.505590161,0.525946086,0.841994807
9246,0.658211761,0.505659745,0.526266682,0.841070884
9247,0.658217791,0.505559003,0.525834243,0.84084334
9248,0.658196703,0.505600113,0.526392477,0.838906019
9249,0.658201569,0.505541846,0.52590882,0.838797389
9250,0.658180976,0.505583849,0.525829829,0.837862157
9251,0.65814661,0.505496893,0.525293197,0.837734206
9252,0.658132494,0.505542208,0.525288434,0.837733773
9253,0.658121827,0.50544197,0.524894307,0.837711219
9254,0.658073416,0.505477722,0.524978618,0.837718332
9255,0.65807355,0.505400301,0.524201797,0.837768191
9256,0.658028853,0.505481371,0.524229021,0.837723905
9257,0.658030286,0.505345468,0.5238198,0.83773922
9258,0.65799439,0.505423451,0.523966652,0.837678135
9259,0.658000116,0.505309644,0.523492355,0.837765825
9260,0.657963316,0.50538542,0.52365309,0.837695893
9261,0.65797285,0.505283065,0.523363294,0.83771483
9262,0.65792164,0.505373841,0.523406578,0.837693829
9263,0.657964001,0.50525987,0.523440502,0.837811993
9264,0.657950536,0.50539507,0.52352088,0.83875265
9265,0.657931869,0.505264867,0.5228665,0.83864881
9266,0.657885358,0.50533399,0.522810961,0.838735821
9267,0.657904934,0.505243014,0.523214882,0.839522323
9268,0.657860281,0.50535618,0.523000295,0.840602183
9269,0.65784654,0.505230473,0.52271628,0.841662434
9270,0.657808782,0.505359837,0.522761663,0.842687825
9271,0.65780696,0.505277213,0.522032144,0.843614531
9272,0.657760859,0.505401583,0.52184297,0.843666616
9273,0.657764213,0.50530792,0.521999557,0.843581439
9274,0.657752975,0.505416019,0.522043015,0.843625847
9275,0.65777533,0.505314819,0.522351695,0.843538682
9276,0.657777183,0.505438428,0.522493167,0.843584481
9277,0.657794033,0.505396744,0.522885216,0.84357195
9278,0.657783313,0.50551143,0.522704047,0.843733103
9279,0.657815677,0.505429102,0.522783953,0.843653123
9280,0.65780165,0.505516024,0.522621925,0.843723538
9281,0.657833588,0.50543103,0.522739511,0.843704011
9282,0.657824984,0.505516654,0.522641608,0.843843327
9283,0.657855587,0.505437508,0.522695694,0.843820619
9284,0.657833084,0.505487927,0.52262635,0.843901191
9285,0.65784212,0.505430711,0.522450137,0.843876266
9286,0.657824925,0.505505092,0.522568367,0.843996522
9287,0.657824454,0.505430387,0.522790685,0.844937015
9288,0.657804453,0.505510798,0.523033668,0.845087446
9289,0.657813659,0.505429552,0.522851286,0.846020011
9290,0.657779549,0.505504659,0.523150929,0.846135074
9291,0.657802453,0.505424318,0.52284347,0.847084236
9292,0.657789443,0.505475677,0.523088625,0.847296162
9293,0.657801632,0.505423342,0.522324923,0.848147319
9294,0.657786368,0.505463612,0.522617537,0.848413862
9295,0.65779266,0.505365702,0.521709449,0.849251303
9296,0.657772141,0.505418288,0.522026829,0.849504685
9297,0.657797658,0.505309779,0.521725046,0.850359122
9298,0.657776609,0.505373673,0.521781799,0.850702294
9299,0.657790568,0.505235379,0.521304746,0.850682193
9300,0.657748573,0.505290184,0.521512708,0.850757112
9301,0.657749482,0.505194026,0.52164089,0.850674449
9302,0.657699806,0.505233118,0.521969138,0.850678199
9303,0.657679599,0.505119949,0.521719977,0.850599657
9304,0.657628901,0.505183691,0.522098382,0.850635568
9305,0.657629871,0.505093837,0.522228399,0.850622305
9306,0.657576157,0.505138485,0.521918347,0.850664753
9307,0.657601281,0.505052752,0.522101464,0.850648679
9308,0.657552928,0.50505897,0.522391695,0.850640348
9309,0.65754995,0.504975464,0.522413228,0.850732588
9310,0.657521536,0.50503771,0.522504604,0.850698951
9311,0.657499532,0.504930092,0.522618992,0.850574115
9312,0.657466652,0.504973468,0.522396726,0.849597991
9313,0.657498931,0.50486216,0.522554113,0.849611851
9314,0.657471363,0.504881538,0.522956472,0.848650249
9315,0.657485975,0.504821616,0.522275992,0.848739788
9316,0.657476614,0.50485214,0.522837684,0.848772247
9317,0.657505068,0.504815981,0.522447696,0.848823157
9318,0.657494661,0.504837206,0.522889957,0.849794313
9319,0.65750833,0.504802993,0.522563745,0.849923708
9320,0.65751277,0.504848791,0.523089346,0.849939006
9321,0.657531499,0.504794952,0.522764268,0.849952625
9322,0.657503633,0.504808814,0.522953989,0.850021652
9323,0.657522198,0.504742141,0.522821907,0.850994622
9324,0.657510308,0.50479153,0.522852256,0.851155328
9325,0.657510216,0.504759393,0.522646695,0.852115871
9326,0.657476121,0.504790564,0.52271618,0.852358267
9327,0.657463044,0.50470248,0.522099526,0.853306608
9328,0.657443949,0.504722546,0.522407374,0.853424475
9329,0.65742622,0.504715946,0.521920131,0.853423828
9330,0.657434086,0.504765771,0.521603386,0.853423909
9331,0.657453811,0.504719715,0.521491884,0.853431939
9332,0.657436642,0.504769211,0.521458607,0.853527756
9333,0.657453981,0.504713489,0.521535839,0.853521348
9334,0.657467537,0.504746643,0.521166531,0.853669236
9335,0.657471642,0.504696657,0.520992428,0.853653116
9336,0.65747602,0.504731062,0.521085128,0.853662611
9337,0.657485009,0.504700139,0.520963702,0.853659184
9338,0.657468653,0.504742785,0.520882999,0.853655024
9339,0.657474572,0.504707602,0.520936963,0.853626634
9340,0.657485252,0.504729406,0.520660281,0.853834112
9341,0.657532192,0.504702214,0.520590103,0.853933285
9342,0.65754085,0.504691458,0.520410178,0.854905654
9343,0.657535295,0.504599854,0.520157775,0.854974299
9344,0.657531819,0.50466213,0.519870464,0.855953372
9345,0.657541879,0.504577627,0.520263257,0.856045934
9346,0.657542611,0.50462152,0.520168837,0.857021667
9347,0.657519501,0.504518347,0.520380495,0.856986057
9348,0.657510764,0.504544849,0.520749462,0.857018996
9349,0.657533903,0.504527876,0.520619476,0.857083706
9350,0.657513257,0.504547364,0.520701637,0.857089846
9351,0.657534872,0.504465636,0.520887773,0.857265938
9352,0.65751605,0.504536947,0.520970271,0.857275326
9353,0.657528088,0.504522749,0.520948446,0.857125743
9354,0.657518168,0.50456577,0.521032934,0.858140952
9355,0.65750981,0.504537298,0.520971162,0.858143657
9356,0.657526281,0.50457557,0.521147748,0.858208443
9357,0.657501186,0.504517989,0.521091828,0.857999697
9358,0.657487837,0.504547168,0.52103975,0.858191577
9359,0.657486172,0.504486889,0.521136291,0.859094352
9360,0.657481074,0.504518494,0.52115778,0.85918134
9361,0.657486107,0.504461127,0.521162851,0.859231126
9362,0.657454406,0.504474038,0.521353057,0.860299329
9363,0.657473891,0.504378907,0.521378018,0.86135076
9364,0.657465566,0.504459567,0.521440448,0.86151064
9365,0.657487541,0.504328131,0.521394447,0.86247631
9366,0.657481014,0.504399509,0.521428804,0.862663006
9367,0.657526311,0.504340744,0.521528516,0.862654564
9368,0.657515386,0.504415782,0.521332944,0.862705311
9369,0.657529351,0.504324184,0.521451695,0.862690054
9370,0.657537315,0.504398915,0.521448807,0.862741742
9371,0.657553481,0.50432349,0.521561479,0.86273592
9372,0.657521383,0.504398657,0.521471596,0.862767287
9373,0.65755478,0.504349885,0.521561528,0.862804791
9374,0.657538669,0.504381136,0.521674427,0.862808564
9375,0.657540416,0.504289176,0.5216705,0.862790847
9376,0.657515391,0.504333991,0.521783382,0.862799386
9377,0.657536509,0.504262908,0.521810643,0.862808699
9378,0.657534316,0.504301571,0.522053795,0.862796234
9379,0.657527852,0.504246442,0.522131889,0.862799662
9380,0.657501916,0.504301747,0.522192791,0.862789539
9381,0.657524682,0.504191941,0.522020732,0.862816902
9382,0.657496878,0.504279839,0.522193267,0.86277896
9383,0.657488105,0.504153786,0.521959679,0.862927273
9384,0.657447342,0.504214018,0.522161831,0.862818137
9385,0.657483116,0.504122164,0.522425716,0.862973729
9386,0.657449176,0.504170088,0.52238135,0.863755365
9387,0.657472382,0.504061014,0.522492374,0.864048363
9388,0.657463149,0.504092403,0.522479865,0.864907043
9389,0.657489145,0.503961286,0.522804621,0.864078229
9390,0.657481109,0.50403434,0.522704967,0.864028197
9391,0.657490678,0.503906716,0.523283603,0.863935031
9392,0.657473594,0.503959071,0.523551066,0.863903855
9393,0.657486675,0.503763302,0.523991032,0.863930875
9394,0.657468164,0.503840455,0.523454439,0.863960969
9395,0.657523039,0.503704843,0.523870044,0.863986562
9396,0.65750993,0.503767184,0.523073222,0.864008839
9397,0.657545551,0.503512825,0.523420897,0.86417306
9398,0.65752516,0.503562631,0.522789593,0.864202654
9399,0.657558277,0.503371246,0.523385046,0.864216039
9400,0.657544799,0.50344781,0.522952136,0.865203112
9401,0.657564311,0.503302689,0.523605511,0.865183896
9402,0.657543585,0.50334418,0.52333746,0.865189769
9403,0.657563788,0.503208828,0.523955728,0.865277943
9404,0.657545363,0.503245274,0.523337168,0.865337242
9405,0.657566753,0.503075167,0.523874731,0.865332813
9406,0.657586868,0.503156639,0.524161113,0.865336514
9407,0.657612317,0.503090585,0.524563084,0.865370573
9408,0.657581341,0.503119796,0.524517842,0.865356717
9409,0.657600091,0.503064369,0.52466734,0.86552085
9410,0.657562338,0.503103611,0.524927404,0.866396676
9411,0.657567802,0.503037459,0.524687517,0.866509545
9412,0.657556398,0.503081048,0.52452931,0.866482059
9413,0.65756459,0.503018604,0.524141629,0.866650814
9414,0.657551448,0.503062654,0.524372509,0.866619068
9415,0.65755224,0.502983231,0.523796143,0.866666285
9416,0.657510803,0.503009214,0.523922427,0.866647048
9417,0.657534371,0.502944181,0.523729095,0.866679094
9418,0.657538254,0.502992953,0.524000033,0.866650936
9419,0.657524186,0.502912179,0.523637848,0.866509391
9420,0.657496886,0.50295119,0.523803075,0.865576448
9421,0.657548999,0.502890932,0.523662132,0.865544226
9422,0.657536825,0.502934389,0.524039805,0.864623864
9423,0.657551685,0.502894889,0.524079896,0.864570693
9424,0.657530906,0.502911506,0.523844616,0.864615579
9425,0.65754462,0.502896742,0.523988971,0.864584857
9426,0.657532385,0.502930697,0.523783437,0.864610185
9427,0.657543869,0.502900531,0.523734806,0.864656839
9428,0.657570742,0.502967157,0.524066084,0.863699434
9429,0.657582738,0.502950714,0.523517176,0.86366957
9430,0.657567226,0.502985584,0.523930759,0.863653827
9431,0.657582059,0.503021595,0.523510722,0.863681525
9432,0.657590616,0.50303061,0.523685313,0.863711108
9433,0.657605024,0.503029197,0.523613889,0.863704398
9434,0.65759055,0.503055055,0.523765907,0.863737411
9435,0.657606977,0.503091689,0.523710353,0.863668836
9436,0.657575409,0.503088349,0.523796516,0.862683231
9437,0.657605844,0.503149308,0.524057085,0.862663318
9438,0.657640456,0.503121794,0.524404231,0.862673751
9439,0.657634783,0.503196508,0.524347614,0.86262731
9440,0.657624093,0.503190893,0.524083099,0.862646617
9441,0.657680256,0.503308543,0.524044059,0.862704731
9442,0.657688088,0.503339325,0.52387475,0.862657603
9443,0.657694625,0.503414367,0.523671687,0.862754708
9444,0.657704,0.503448195,0.5234796,0.862645768
9445,0.657713411,0.503504952,0.523739804,0.862653163
9446,0.657731747,0.503531089,0.523823505,0.862618345
9447,0.657733015,0.503617283,0.524058158,0.86263998
9448,0.657750429,0.503649815,0.524372195,0.862525583
9449,0.657742404,0.503749225,0.52437595,0.86256258
9450,0.657772959,0.503788819,0.524159939,0.862469651
9451,0.657801176,0.503809985,0.524300977,0.862492411
9452,0.657800065,0.503847517,0.524586135,0.862418053
9453,0.65780634,0.503924502,0.524141967,0.862470608
9454,0.657799493,0.50394861,0.523853219,0.86244268
9455,0.657809393,0.503999273,0.523429365,0.862448644
9456,0.657815117,0.50403685,0.523585169,0.862391837
9457,0.657840991,0.5040159,0.523209052,0.862556904
9458,0.657850713,0.504055687,0.523161899,0.863516657
9459,0.657856995,0.504047282,0.523186705,0.863574631
9460,0.657888127,0.504102506,0.523432239,0.864639144
9461,0.657911217,0.504107561,0.523345431,0.864640133
9462,0.657903506,0.504154392,0.523311063,0.865602968
9463,0.657930437,0.504150268,0.522812599,0.865590881
9464,0.657932557,0.504182632,0.522771232,0.866581136
9465,0.657963473,0.504151454,0.522271952,0.866810919
9466,0.657955238,0.50416464,0.522104982,0.865684168
9467,0.658017978,0.504185007,0.522212776,0.864782621
9468,0.657987364,0.504219507,0.522248167,0.865601387
9469,0.658016589,0.504248961,0.522433017,0.865028226
9470,0.658008802,0.50425279,0.522471175,0.865905749
9471,0.658015912,0.504263939,0.522389681,0.865969934
9472,0.658025902,0.504275906,0.522307675,0.86587267
9473,0.658016442,0.504382545,0.521904732,0.865892011
9474,0.658004168,0.504370203,0.521707883,0.866885187
9475,0.658014203,0.504531622,0.521331299,0.866948631
9476,0.65800421,0.504537504,0.521162242,0.867884479
9477,0.65800135,0.504579811,0.520720655,0.867965441
9478,0.657988195,0.504603475,0.520297915,0.868905774
9479,0.657997887,0.504676345,0.52054704,0.869159926
9480,0.657992804,0.50466452,0.521006757,0.870099589
9481,0.658002653,0.504691816,0.521248205,0.870283669
9482,0.657967065,0.504694341,0.521123252,0.870195104
9483,0.657989146,0.504838033,0.521160493,0.870351015
9484,0.657976357,0.504869267,0.521446257,0.870177491
9485,0.657976758,0.50498684,0.521288841,0.869395384
9486,0.658000342,0.505017628,0.521723394,0.870204667
9487,0.657982516,0.505077888,0.521702106,0.870271715
9488,0.657968774,0.505137441,0.521510721,0.871060531
9489,0.657967036,0.505179057,0.521483359,0.870292692
9490,0.65795023,0.505191216,0.521150955,0.871170876
9491,0.657961896,0.505255504,0.52126463,0.870377161
9492,0.657947668,0.505264298,0.520588054,0.87121726
9493,0.657945748,0.505316998,0.520539805,0.870381518
9494,0.65793945,0.505343025,0.519831941,0.871277511
9495,0.657946605,0.505385523,0.520008885,0.870537073
9496,0.657942158,0.505377954,0.519943558,0.870400019
9497,0.65793876,0.505342804,0.519887848,0.870409572
9498,0.657938732,0.505367498,0.519975117,0.870314816
9499,0.657955958,0.505444144,0.519715558,0.8693705
9500,0.657926722,0.505458813,0.519544134,0.869045569
9501,0.657940487,0.50545214,0.519439072,0.868102348
